date,open,high,low,close,adj_close,volume,nasdaq_open,nasdaq_high,nasdaq_low,nasdaq_close,nasdaq_adj_close,nasdaq_volume
2010-06-29,1.2666670083999634,1.6666669845581057,1.1693329811096191,1.5926669836044312,1.5926669836044312,281494500,2183.919921875,2185.300048828125,2122.669921875,2135.179931640625,2135.179931640625,2827090000
2010-06-30,1.7193330526351929,2.0280001163482666,1.553333044052124,1.5886670351028442,1.5886670351028442,257806500,2134.030029296875,2153.360107421875,2105.260009765625,2109.239990234375,2109.239990234375,2221560000
2010-07-01,1.6666669845581057,1.7280000448226929,1.3513330221176147,1.4639999866485596,1.4639999866485596,123282000,2110.75,2117.93994140625,2061.139892578125,2101.360107421875,2101.360107421875,2717070000
2010-07-02,1.5333329439163208,1.5399999618530271,1.24733304977417,1.2799999713897705,1.2799999713897705,77097000,2105.5,2110.659912109375,2077.7099609375,2091.7900390625,2091.7900390625,1672320000
2010-07-06,1.3333330154418943,1.3333330154418943,1.0553330183029177,1.0740000009536743,1.0740000009536743,103003500,2122.280029296875,2136.300048828125,2077.77001953125,2093.8798828125,2093.8798828125,2173030000
2010-07-07,1.0933330059051514,1.108667016029358,0.9986670017242432,1.053333044052124,1.053333044052124,103825500,2099.659912109375,2159.7900390625,2098.110107421875,2159.469970703125,2159.469970703125,2199500000
2010-07-08,1.0759999752044678,1.1679999828338623,1.037999987602234,1.1640000343322754,1.1640000343322754,115671000,2174.9599609375,2181.300048828125,2150.18994140625,2175.39990234375,2175.39990234375,2034030000
2010-07-09,1.1720000505447388,1.1933330297470093,1.1033329963684082,1.159999966621399,1.159999966621399,60759000,2174.199951171875,2196.949951171875,2170.760009765625,2196.449951171875,2196.449951171875,1592610000
2010-07-12,1.196666955947876,1.2046669721603394,1.1333329677581787,1.136667013168335,1.136667013168335,33037500,2194.1201171875,2213.389892578125,2183.52001953125,2198.360107421875,2198.360107421875,1767970000
2010-07-13,1.1593329906463623,1.2426669597625732,1.126667022705078,1.2093329429626465,1.2093329429626465,40201500,2221.25,2248.159912109375,2212.969970703125,2242.030029296875,2242.030029296875,2278480000
2010-07-14,1.1959999799728394,1.3433330059051514,1.184000015258789,1.3226670026779177,1.3226670026779177,62928000,2246.989990234375,2260.330078125,2235.14990234375,2249.840087890625,2249.840087890625,2213010000
2010-07-15,1.329332947731018,1.4333330392837524,1.2666670083999634,1.3259999752044678,1.3259999752044678,56097000,2247.760009765625,2253.330078125,2218.919921875,2249.080078125,2249.080078125,2011600000
2010-07-16,1.3799999952316284,1.4199999570846558,1.3366669416427612,1.3760000467300415,1.3760000467300415,39319500,2231.7099609375,2236.659912109375,2177.510009765625,2179.050048828125,2179.050048828125,2195150000
2010-07-19,1.4246670007705688,1.4833329916000366,1.3946670293807983,1.4606670141220093,1.4606670141220093,37297500,2185.81005859375,2201.2900390625,2171.199951171875,2198.22998046875,2198.22998046875,1735090000
2010-07-20,1.4566669464111328,1.4566669464111328,1.3366669416427612,1.3533329963684082,1.3533329963684082,27379500,2165.35009765625,2222.610107421875,2159.949951171875,2222.489990234375,2222.489990234375,1933270000
2010-07-21,1.3773330450057983,1.3933329582214355,1.2999999523162842,1.3480000495910645,1.3480000495910645,18787500,2236.1298828125,2236.3701171875,2183.219970703125,2187.330078125,2187.330078125,2222030000
2010-07-22,1.3666670322418213,1.4166669845581057,1.3580000400543213,1.399999976158142,1.399999976158142,14367000,2216.0400390625,2251.419921875,2216.0400390625,2245.889892578125,2245.889892578125,2213220000
2010-07-23,1.4126670360565186,1.4373329877853394,1.4040000438690186,1.4193329811096191,1.4193329811096191,9804000,2234.340087890625,2269.469970703125,2227.5,2269.469970703125,2269.469970703125,2410600000
2010-07-26,1.4333330392837524,1.4333330392837524,1.3533329963684082,1.3966670036315918,1.3966670036315918,13833000,2271.6201171875,2296.429931640625,2262.9599609375,2296.429931640625,2296.429931640625,2164280000
2010-07-27,1.3940000534057615,1.4119999408721924,1.3506669998168943,1.3700000047683716,1.3700000047683716,9295500,2306.6201171875,2307.60009765625,2280.719970703125,2288.25,2288.25,2065390000
2010-07-28,1.3700000047683716,1.3933329582214355,1.3673330545425415,1.3813329935073853,1.3813329935073853,7008000,2284.6201171875,2292.239990234375,2257.760009765625,2264.56005859375,2264.56005859375,1848520000
2010-07-29,1.3846670389175415,1.3919999599456787,1.3333330154418943,1.3566670417785645,1.3566670417785645,9240000,2279.070068359375,2282.93994140625,2228.52001953125,2251.68994140625,2251.68994140625,2324590000
2010-07-30,1.3466670513153076,1.3626669645309448,1.303333044052124,1.329332947731018,1.329332947731018,6403500,2227.2900390625,2264.81005859375,2218.610107421875,2254.699951171875,2254.699951171875,2138610000
2010-08-02,1.3666670322418213,1.3980000019073486,1.3553329706192017,1.3946670293807983,1.3946670293807983,10771500,2283.320068359375,2299.239990234375,2274.27001953125,2295.360107421875,2295.360107421875,1953200000
2010-08-03,1.399999976158142,1.463333010673523,1.3880000114440918,1.463333010673523,1.463333010673523,18457500,2291.75,2295.030029296875,2272.330078125,2283.52001953125,2283.52001953125,1997030000
2010-08-04,1.463333010673523,1.4786670207977295,1.3899999856948853,1.4173330068588257,1.4173330068588257,13695000,2291.090087890625,2305.070068359375,2283.2099609375,2303.570068359375,2303.570068359375,2021980000
2010-08-05,1.4359999895095823,1.4366669654846191,1.3366669416427612,1.363332986831665,1.363332986831665,11943000,2291.219970703125,2298.860107421875,2281.679931640625,2293.06005859375,2293.06005859375,1774300000
2010-08-06,1.340000033378601,1.343999981880188,1.301332950592041,1.305999994277954,1.305999994277954,11128500,2267.419921875,2291.14990234375,2253.919921875,2288.469970703125,2288.469970703125,1876630000
2010-08-09,1.3266669511795044,1.3320000171661377,1.296666979789734,1.3066669702529907,1.3066669702529907,12190500,2298.81005859375,2309.429931640625,2289.030029296875,2305.68994140625,2305.68994140625,1614580000
2010-08-10,1.309999942779541,1.309999942779541,1.254667043685913,1.2686669826507568,1.2686669826507568,19219500,2280.06005859375,2290.510009765625,2261.5,2277.169921875,2277.169921875,2039590000
2010-08-11,1.246000051498413,1.2586669921875,1.190000057220459,1.1933330297470093,1.1933330297470093,11964000,2236.929931640625,2236.929931640625,2204.93994140625,2208.6298828125,2208.6298828125,2274460000
2010-08-12,1.1866669654846191,1.1933330297470093,1.1593329906463623,1.1733330488204956,1.1733330488204956,10365000,2164.639892578125,2197.969970703125,2163.070068359375,2190.27001953125,2190.27001953125,2189680000
2010-08-13,1.212000012397766,1.2300000190734863,1.1773329973220823,1.2213330268859863,1.2213330268859863,9510000,2183.090087890625,2190.27001953125,2173.47998046875,2173.47998046875,2173.47998046875,1605040000
2010-08-16,1.2300000190734863,1.2533329725265503,1.21733295917511,1.2519999742507937,1.2519999742507937,7287000,2161.31005859375,2193.840087890625,2155.659912109375,2181.8701171875,2181.8701171875,1627620000
2010-08-17,1.2640000581741333,1.2933330535888672,1.2519999742507937,1.2766669988632202,1.2766669988632202,6718500,2197.090087890625,2225.080078125,2193.419921875,2209.43994140625,2209.43994140625,1736870000
2010-08-18,1.305999994277954,1.305999994277954,1.2400000095367432,1.2513329982757568,1.2513329982757568,9019500,2205.300048828125,2228.89990234375,2196.110107421875,2215.699951171875,2215.699951171875,1654560000
2010-08-19,1.2359999418258667,1.2833329439163208,1.222000002861023,1.25266695022583,1.25266695022583,8686500,2204.800048828125,2211.72998046875,2168.739990234375,2178.949951171875,2178.949951171875,2094800000
2010-08-20,1.2433329820632937,1.27400004863739,1.2339999675750732,1.273332953453064,1.273332953453064,4440000,2172.260009765625,2182.669921875,2159.5400390625,2179.760009765625,2179.760009765625,1898500000
2010-08-23,1.2726670503616333,1.359333038330078,1.2666670083999634,1.3420000076293943,1.3420000076293943,16321500,2188.340087890625,2200.52001953125,2159.43994140625,2159.6298828125,2159.6298828125,1665900000
2010-08-24,1.2833329439163208,1.3140000104904177,1.2633329629898071,1.2799999713897705,1.2799999713897705,10096500,2131.0,2144.199951171875,2113.7099609375,2123.760009765625,2123.760009765625,2141650000
2010-08-25,1.2773330211639404,1.3320000171661377,1.237333059310913,1.3266669511795044,1.3266669511795044,7549500,2109.14990234375,2148.35009765625,2102.260009765625,2141.5400390625,2141.5400390625,2019480000
2010-08-26,1.3259999752044678,1.3513330221176147,1.3066669702529907,1.3166669607162476,1.3166669607162476,6507000,2148.489990234375,2154.320068359375,2116.820068359375,2118.68994140625,2118.68994140625,1804510000
2010-08-27,1.3166669607162476,1.324666976928711,1.2999999523162842,1.3133330345153809,1.3133330345153809,5694000,2134.159912109375,2154.989990234375,2099.2900390625,2153.6298828125,2153.6298828125,2134550000
2010-08-30,1.3133330345153809,1.3459999561309814,1.307332992553711,1.324666976928711,1.324666976928711,10992000,2145.760009765625,2154.469970703125,2119.929931640625,2119.969970703125,2119.969970703125,1585200000
2010-08-31,1.3106670379638672,1.3193329572677612,1.2886669635772705,1.2986669540405271,1.2986669540405271,3016500,2109.760009765625,2128.89990234375,2101.52001953125,2114.030029296875,2114.030029296875,2084110000
2010-09-01,1.3079999685287476,1.3793330192565918,1.3066669702529907,1.363332986831665,1.363332986831665,7423500,2142.75,2177.5,2141.949951171875,2176.840087890625,2176.840087890625,2133970000
2010-09-02,1.3580000400543213,1.4160000085830688,1.3539999723434448,1.4040000438690186,1.4040000438690186,7306500,2178.989990234375,2200.010009765625,2173.7099609375,2200.010009765625,2200.010009765625,1680590000
2010-09-03,1.391332983970642,1.4199999570846558,1.3773330450057983,1.4033329486846924,1.4033329486846924,6519000,2227.9599609375,2235.570068359375,2213.56005859375,2233.75,2233.75,1647790000
2010-09-07,1.3739999532699585,1.399999976158142,1.3666670322418213,1.369333028793335,1.369333028793335,3651000,2227.260009765625,2231.280029296875,2206.6201171875,2208.889892578125,2208.889892578125,1685240000
2010-09-08,1.3773330450057983,1.3966670036315918,1.373332977294922,1.3933329582214355,1.3933329582214355,4326000,2216.070068359375,2237.419921875,2215.89990234375,2228.8701171875,2228.8701171875,2018210000
2010-09-09,1.399999976158142,1.4033329486846924,1.3793330192565918,1.380666971206665,1.380666971206665,5643000,2251.090087890625,2251.97998046875,2229.800048828125,2236.199951171875,2236.199951171875,1706650000
2010-09-10,1.3833329677581787,1.3953330516815186,1.3173329830169678,1.3446669578552246,1.3446669578552246,5799000,2239.080078125,2246.60009765625,2229.1201171875,2242.47998046875,2242.47998046875,1692470000
2010-09-13,1.3926670551300049,1.3933329582214355,1.3666670322418213,1.3813329935073853,1.3813329935073853,5412000,2263.800048828125,2289.489990234375,2263.68994140625,2285.7099609375,2285.7099609375,1937630000
2010-09-14,1.369333028793335,1.440000057220459,1.3686670064926147,1.4079999923706057,1.4079999923706057,9820500,2281.31005859375,2302.570068359375,2274.570068359375,2289.77001953125,2289.77001953125,2079030000
2010-09-15,1.3986669778823853,1.4666670560836792,1.3860000371932983,1.4653329849243164,1.4653329849243164,10269000,2283.169921875,2304.60009765625,2276.320068359375,2301.320068359375,2301.320068359375,2067130000
2010-09-16,1.476667046546936,1.5440000295639038,1.3893330097198486,1.3960000276565552,1.3960000276565552,40267500,2297.510009765625,2304.949951171875,2288.7099609375,2303.25,2303.25,1809280000
2010-09-17,1.401332974433899,1.4213329553604126,1.3200000524520874,1.348667025566101,1.348667025566101,17977500,2318.419921875,2320.3701171875,2301.820068359375,2315.610107421875,2315.610107421875,2432480000
2010-09-20,1.378000020980835,1.4233330488204956,1.343999981880188,1.4040000438690186,1.4040000438690186,14212500,2322.800048828125,2358.89990234375,2317.889892578125,2355.830078125,2355.830078125,1989520000
2010-09-21,1.3926670551300049,1.4366669654846191,1.378000020980835,1.3846670389175415,1.3846670389175415,11940000,2355.27001953125,2366.760009765625,2341.820068359375,2349.35009765625,2349.35009765625,2125100000
2010-09-22,1.391332983970642,1.3966670036315918,1.3200000524520874,1.324666976928711,1.324666976928711,14443500,2339.909912109375,2355.909912109375,2323.550048828125,2334.550048828125,2334.550048828125,2170210000
2010-09-23,1.3259999752044678,1.3426669836044312,1.2999999523162842,1.3040000200271606,1.3040000200271606,10021500,2316.7099609375,2353.7900390625,2316.110107421875,2327.080078125,2327.080078125,1923110000
2010-09-24,1.3300000429153442,1.3459999561309814,1.309999942779541,1.340000033378601,1.340000033378601,8683500,2356.260009765625,2381.219970703125,2353.5,2381.219970703125,2381.219970703125,1993380000
2010-09-27,1.3600000143051147,1.3873330354690552,1.3366669416427612,1.3686670064926147,1.3686670064926147,6279000,2379.72998046875,2386.010009765625,2368.64990234375,2369.77001953125,2369.77001953125,1873120000
2010-09-28,1.4026670455932615,1.4326670169830322,1.383999943733215,1.4266669750213623,1.4266669750213623,18217500,2373.1298828125,2383.669921875,2339.5,2379.590087890625,2379.590087890625,2125730000
2010-09-29,1.4126670360565186,1.4686670303344729,1.408666968345642,1.4653329849243164,1.4653329849243164,29539500,2372.3701171875,2382.14990234375,2366.18994140625,2376.56005859375,2376.56005859375,2077930000
2010-09-30,1.4666670560836792,1.476667046546936,1.3459999561309814,1.3606669902801514,1.3606669902801514,32937000,2390.9599609375,2400.06005859375,2354.219970703125,2368.6201171875,2368.6201171875,2418300000
2010-10-01,1.3793330192565918,1.3833329677581787,1.3539999723434448,1.373332977294922,1.373332977294922,8965500,2386.820068359375,2389.449951171875,2359.320068359375,2370.75,2370.75,1932650000
2010-10-04,1.3619999885559082,1.4113329648971558,1.3533329963684082,1.3993330001831057,1.3993330001831057,9654000,2362.25,2370.8701171875,2332.4599609375,2344.52001953125,2344.52001953125,1901980000
2010-10-05,1.409999966621399,1.418666958808899,1.4006669521331787,1.4079999923706057,1.4079999923706057,4980000,2368.52001953125,2402.419921875,2366.06005859375,2399.830078125,2399.830078125,2203470000
2010-10-06,1.4040000438690186,1.4173330068588257,1.3546669483184814,1.3639999628067017,1.3639999628067017,4701000,2395.159912109375,2399.1298828125,2368.429931640625,2380.659912109375,2380.659912109375,2103800000
2010-10-07,1.3713330030441284,1.3760000467300415,1.3559999465942385,1.3619999885559082,1.3619999885559082,2115000,2391.6298828125,2392.739990234375,2368.25,2383.669921875,2383.669921875,1846240000
2010-10-08,1.3619999885559082,1.3860000371932983,1.359333038330078,1.3619999885559082,1.3619999885559082,4017000,2384.760009765625,2406.669921875,2370.530029296875,2401.909912109375,2401.909912109375,2000980000
2010-10-11,1.3626669645309448,1.3799999952316284,1.3380000591278076,1.3493330478668213,1.3493330478668213,2568000,2403.4599609375,2413.030029296875,2397.570068359375,2402.330078125,2402.330078125,1539990000
2010-10-12,1.3466670513153076,1.3519999980926514,1.335332989692688,1.3493330478668213,1.3493330478668213,3660000,2397.699951171875,2421.7900390625,2379.389892578125,2417.919921875,2417.919921875,1960920000
2010-10-13,1.3760000467300415,1.3899999856948853,1.3573329448699951,1.369333028793335,1.369333028793335,4773000,2432.550048828125,2452.5400390625,2426.52001953125,2441.22998046875,2441.22998046875,2294450000
2010-10-14,1.399999976158142,1.4019999504089355,1.3600000143051147,1.3833329677581787,1.3833329677581787,4422000,2441.2099609375,2445.85009765625,2422.070068359375,2435.3798828125,2435.3798828125,2014540000
2010-10-15,1.3926670551300049,1.3933329582214355,1.350000023841858,1.369333028793335,1.369333028793335,4270500,2461.699951171875,2468.77001953125,2438.030029296875,2468.77001953125,2468.77001953125,2232810000
2010-10-18,1.368000030517578,1.3760000467300415,1.3480000495910645,1.348667025566101,1.348667025566101,2442000,2470.1201171875,2480.949951171875,2462.550048828125,2480.659912109375,2480.659912109375,1724710000
2010-10-19,1.3466670513153076,1.3606669902801514,1.3333330154418943,1.3366669416427612,1.3366669416427612,3678000,2442.2099609375,2462.93994140625,2422.139892578125,2436.949951171875,2436.949951171875,2241840000
2010-10-20,1.343999981880188,1.3793330192565918,1.3359999656677246,1.376667022705078,1.376667022705078,4687500,2443.199951171875,2469.719970703125,2441.070068359375,2457.389892578125,2457.389892578125,2016770000
2010-10-21,1.3739999532699585,1.3966670036315918,1.363332986831665,1.3833329677581787,1.3833329677581787,6256500,2470.719970703125,2482.139892578125,2436.340087890625,2459.669921875,2459.669921875,2135480000
2010-10-22,1.3786669969558716,1.3953330516815186,1.3700000047683716,1.3813329935073853,1.3813329935073853,2416500,2461.60009765625,2479.389892578125,2459.429931640625,2479.389892578125,2479.389892578125,1648180000
2010-10-25,1.3960000276565552,1.3986669778823853,1.381999969482422,1.3899999856948853,1.3899999856948853,1777500,2491.6201171875,2507.030029296875,2490.110107421875,2490.85009765625,2490.85009765625,1746320000
2010-10-26,1.386667013168335,1.4579999446868896,1.3673330545425415,1.4240000247955322,1.4240000247955322,9913500,2476.510009765625,2503.030029296875,2470.1201171875,2497.2900390625,2497.2900390625,1914350000
2010-10-27,1.4166669845581057,1.425333023071289,1.376667022705078,1.399999976158142,1.399999976158142,5347500,2484.090087890625,2505.35009765625,2478.010009765625,2503.260009765625,2503.260009765625,2013240000
2010-10-28,1.4259999990463257,1.4333330392837524,1.397333025932312,1.4126670360565186,1.4126670360565186,3363000,2516.159912109375,2516.199951171875,2489.760009765625,2507.3701171875,2507.3701171875,1998340000
2010-10-29,1.4093329906463623,1.4566669464111328,1.4033329486846924,1.4559999704360962,1.4559999704360962,4209000,2505.989990234375,2517.5,2505.860107421875,2507.409912109375,2507.409912109375,2068700000
2010-11-01,1.4626669883728027,1.5166670083999634,1.420667052268982,1.4273329973220823,1.4273329973220823,6837000,2520.449951171875,2532.3701171875,2491.4599609375,2504.840087890625,2504.840087890625,1904790000
2010-11-02,1.4453330039978027,1.4586670398712158,1.4033329486846924,1.4166669845581057,1.4166669845581057,4837500,2525.93994140625,2534.8798828125,2518.2900390625,2533.52001953125,2533.52001953125,1914980000
2010-11-03,1.418666958808899,1.5,1.4106669425964355,1.4513330459594729,1.4513330459594729,5589000,2532.830078125,2541.419921875,2511.31005859375,2540.27001953125,2540.27001953125,1990410000
2010-11-04,1.5066670179367063,1.688667058944702,1.476667046546936,1.659999966621399,1.659999966621399,28110000,2569.27001953125,2579.6201171875,2564.050048828125,2577.340087890625,2577.340087890625,2492050000
2010-11-05,1.6579999923706057,1.664667010307312,1.581333041191101,1.6293330192565918,1.6293330192565918,15165000,2577.6298828125,2582.179931640625,2568.780029296875,2578.97998046875,2578.97998046875,2092850000
2010-11-08,1.6333329677581787,1.6666669845581057,1.6019999980926514,1.6653330326080322,1.6653330326080322,7642500,2570.860107421875,2583.300048828125,2566.780029296875,2580.050048828125,2580.050048828125,1799330000
2010-11-09,1.6666669845581057,1.7126669883728027,1.6033329963684082,1.6419999599456787,1.6419999599456787,14346000,2587.080078125,2592.93994140625,2552.929931640625,2562.97998046875,2562.97998046875,2157370000
2010-11-10,1.631999969482422,1.9980000257492063,1.6033329963684082,1.957332968711853,1.957332968711853,45907500,2564.31005859375,2578.780029296875,2545.4599609375,2578.780029296875,2578.780029296875,1998930000
2010-11-11,1.9066669940948489,1.940000057220459,1.8220000267028809,1.869333028793335,1.869333028793335,29179500,2534.239990234375,2559.989990234375,2524.1201171875,2555.52001953125,2555.52001953125,2559980000
2010-11-12,1.8833329677581787,2.0333330631256104,1.8713330030441284,1.9893330335617063,1.9893330335617063,40936500,2540.469970703125,2552.239990234375,2506.39990234375,2518.2099609375,2518.2099609375,2191790000
2010-11-15,2.01466703414917,2.196000099182129,2.01466703414917,2.053333044052124,2.053333044052124,39343500,2529.02001953125,2534.56005859375,2512.2900390625,2513.820068359375,2513.820068359375,1852210000
2010-11-16,2.066667079925537,2.0933330059051514,1.8946670293807983,1.9780000448226929,1.9780000448226929,20214000,2494.2099609375,2503.2900390625,2459.7900390625,2469.840087890625,2469.840087890625,2234090000
2010-11-17,2.0133330821990967,2.049999952316284,1.9073330163955688,1.965999960899353,1.965999960899353,11250000,2471.27001953125,2486.159912109375,2467.18994140625,2476.010009765625,2476.010009765625,1816260000
2010-11-18,2.0446670055389404,2.049333095550537,1.9279999732971191,1.9926669597625732,1.9926669597625732,14341500,2504.409912109375,2526.830078125,2502.5,2514.39990234375,2514.39990234375,2046660000
2010-11-19,2.010667085647583,2.0913329124450684,1.9800000190734863,2.065999984741211,2.065999984741211,17257500,2510.7900390625,2520.93994140625,2499.919921875,2518.1201171875,2518.1201171875,1839670000
2010-11-22,2.1046669483184814,2.2300000190734863,2.0999999046325684,2.2266669273376465,2.2266669273376465,22945500,2509.389892578125,2532.02001953125,2501.300048828125,2532.02001953125,2532.02001953125,1850570000
2010-11-23,2.2193329334259033,2.378667116165161,2.1459999084472656,2.3046669960021973,2.3046669960021973,23667000,2504.2099609375,2510.090087890625,2483.159912109375,2494.949951171875,2494.949951171875,1892260000
2010-11-24,2.351332902908325,2.3980000019073486,2.2886669635772705,2.3646669387817383,2.3646669387817383,21375000,2519.889892578125,2545.409912109375,2519.889892578125,2543.1201171875,2543.1201171875,1634640000
2010-11-26,2.373332977294922,2.4000000953674316,2.316667079925537,2.3546669483184814,2.3546669483184814,5259000,2525.909912109375,2541.489990234375,2522.39990234375,2534.56005859375,2534.56005859375,623980000
2010-11-29,2.3606669902801514,2.396667003631592,2.2219998836517334,2.2886669635772705,2.2886669635772705,17184000,2522.239990234375,2531.030029296875,2496.830078125,2525.219970703125,2525.219970703125,1683260000
2010-11-30,2.249332904815674,2.355333089828491,2.227333068847656,2.355333089828491,2.355333089828491,33339000,2497.1201171875,2510.7099609375,2488.610107421875,2498.22998046875,2498.22998046875,2317480000
2010-12-01,2.3913331031799316,2.427999973297119,2.2300000190734863,2.2899999618530273,2.2899999618530273,19488000,2535.18994140625,2558.2900390625,2535.18994140625,2549.429931640625,2549.429931640625,2109940000
2010-12-02,2.2673330307006836,2.2866671085357666,2.0799999237060547,2.1566669940948486,2.1566669940948486,30105000,2553.679931640625,2580.590087890625,2551.820068359375,2579.35009765625,2579.35009765625,2038130000
2010-12-03,2.134000062942505,2.1500000953674316,2.058000087738037,2.0993330478668213,2.0993330478668213,17401500,2569.02001953125,2593.679931640625,2567.8798828125,2591.4599609375,2591.4599609375,1810400000
2010-12-06,2.0899999141693115,2.0966670513153076,1.970667004585266,2.02066707611084,2.02066707611084,19116000,2591.280029296875,2599.18994140625,2584.090087890625,2594.919921875,2594.919921875,1617030000
2010-12-07,2.0326669216156006,2.1600000858306885,2.00333309173584,2.1040000915527344,2.1040000915527344,19669500,2623.14990234375,2623.60009765625,2597.449951171875,2598.489990234375,2598.489990234375,1906290000
2010-12-08,2.165333032608032,2.1659998893737793,2.101332902908325,2.1579999923706055,2.1579999923706055,9900000,2604.570068359375,2612.3701171875,2592.889892578125,2609.159912109375,2609.159912109375,1763460000
2010-12-09,2.167332887649536,2.181333065032959,2.109999895095825,2.136667013168335,2.136667013168335,6090000,2623.14990234375,2624.840087890625,2606.239990234375,2616.669921875,2616.669921875,1924980000
2010-12-10,2.136667013168335,2.194667100906372,2.0753331184387207,2.101332902908325,2.101332902908325,6441000,2623.280029296875,2639.409912109375,2615.419921875,2637.5400390625,2637.5400390625,1736730000
2010-12-13,2.109333038330078,2.118000030517578,2.0266671180725098,2.0366671085357666,2.0366671085357666,6156000,2645.35009765625,2645.7900390625,2624.56005859375,2624.909912109375,2624.909912109375,1835330000
2010-12-14,2.0193328857421875,2.0260000228881836,1.8506669998168943,1.9019999504089355,1.9019999504089355,26485500,2631.340087890625,2636.85009765625,2621.050048828125,2627.719970703125,2627.719970703125,1853270000
2010-12-15,1.911332964897156,1.9980000257492063,1.9019999504089355,1.97333300113678,1.97333300113678,11143500,2625.81005859375,2643.110107421875,2613.14990234375,2617.219970703125,2617.219970703125,1863980000
2010-12-16,2.0,2.060667037963867,1.976667046546936,2.053999900817871,2.053999900817871,11851500,2620.56005859375,2639.679931640625,2613.719970703125,2637.31005859375,2637.31005859375,1735290000
2010-12-17,2.0893330574035645,2.1026670932769775,2.047333002090454,2.0906670093536377,2.0906670093536377,12195000,2643.35009765625,2651.35009765625,2637.080078125,2642.969970703125,2642.969970703125,2421830000
2010-12-20,2.109333038330078,2.1459999084472656,2.0840001106262207,2.113332986831665,2.113332986831665,7851000,2651.97998046875,2658.800048828125,2634.56005859375,2649.56005859375,2649.56005859375,1707950000
2010-12-21,2.119999885559082,2.179332971572876,2.114000082015991,2.1506669521331787,2.1506669521331787,11665500,2658.93994140625,2669.010009765625,2655.949951171875,2667.610107421875,2667.610107421875,1647550000
2010-12-22,2.1500000953674316,2.190666913986206,2.113332986831665,2.175333023071289,2.175333023071289,12499500,2669.0,2675.260009765625,2666.6298828125,2671.47998046875,2671.47998046875,1614040000
2010-12-23,2.0840001106262207,2.165333032608032,1.994667053222656,2.00600004196167,2.00600004196167,23289000,2667.419921875,2671.6298828125,2661.169921875,2665.60009765625,2665.60009765625,1270290000
2010-12-27,1.868000030517578,1.9053330421447752,1.670667052268982,1.703333020210266,1.703333020210266,139528500,2657.090087890625,2670.570068359375,2645.3798828125,2667.27001953125,2667.27001953125,1097100000
2010-12-28,1.7233330011367798,1.7833329439163208,1.6666669845581057,1.7606669664382937,1.7606669664382937,60844500,2671.85009765625,2673.02001953125,2658.2099609375,2662.8798828125,2662.8798828125,1130200000
2010-12-29,1.8020000457763672,1.8673330545425415,1.7666670083999634,1.848667025566101,1.848667025566101,49788000,2667.179931640625,2671.22998046875,2664.510009765625,2666.929931640625,2666.929931640625,1122150000
2010-12-30,1.8466670513153076,1.8600000143051147,1.7586669921875,1.7666670083999634,1.7666670083999634,30616500,2665.679931640625,2671.110107421875,2661.830078125,2662.97998046875,2662.97998046875,1074350000
2010-12-31,1.7713329792022705,1.8166669607162476,1.7666670083999634,1.775333046913147,1.775333046913147,21268500,2660.580078125,2662.389892578125,2649.0400390625,2652.8701171875,2652.8701171875,1026600000
2011-01-03,1.7893329858779907,1.7999999523162842,1.726667046546936,1.7746670246124268,1.7746670246124268,19245000,2676.64990234375,2704.860107421875,2676.340087890625,2691.52001953125,2691.52001953125,1919660000
2011-01-04,1.7773330211639404,1.796666979789734,1.73466694355011,1.777999997138977,1.777999997138977,17811000,2699.860107421875,2700.8798828125,2663.639892578125,2681.25,2681.25,2015440000
2011-01-05,1.76533305644989,1.7933330535888672,1.746000051498413,1.7886669635772705,1.7886669635772705,21700500,2673.909912109375,2702.199951171875,2671.889892578125,2702.199951171875,2702.199951171875,2060750000
2011-01-06,1.7886669635772705,1.8666670322418213,1.7873330116271973,1.858667016029358,1.858667016029358,30918000,2704.3798828125,2712.35009765625,2697.72998046875,2709.889892578125,2709.889892578125,2095490000
2011-01-07,1.8666670322418213,1.9053330421447752,1.8600000143051147,1.8826669454574585,1.8826669454574585,33718500,2712.75,2715.9599609375,2676.360107421875,2703.169921875,2703.169921875,1976220000
2011-01-10,1.878000020980835,1.9119999408721924,1.8700000047683716,1.896667003631592,1.896667003631592,20140500,2691.469970703125,2712.320068359375,2682.25,2707.800048828125,2707.800048828125,1868870000
2011-01-11,1.906000018119812,1.9140000343322752,1.7946670055389404,1.797333002090454,1.797333002090454,25653000,2719.60009765625,2722.75,2706.580078125,2716.830078125,2716.830078125,1893100000
2011-01-12,1.8006670475006104,1.8266669511795044,1.7680000066757202,1.797333002090454,1.797333002090454,14466000,2731.449951171875,2737.330078125,2722.320068359375,2737.330078125,2737.330078125,1873960000
2011-01-13,1.797333002090454,1.7979999780654907,1.74399995803833,1.7480000257492063,1.7480000257492063,10854000,2734.929931640625,2742.429931640625,2727.139892578125,2735.2900390625,2735.2900390625,1923900000
2011-01-14,1.7433329820632937,1.7719999551773071,1.707332968711853,1.7166670560836792,1.7166670560836792,17880000,2732.47998046875,2755.300048828125,2729.6201171875,2755.300048828125,2755.300048828125,2020210000
2011-01-18,1.698667049407959,1.7093329429626465,1.649999976158142,1.7093329429626465,1.7093329429626465,24325500,2744.800048828125,2766.169921875,2744.260009765625,2765.85009765625,2765.85009765625,2020190000
2011-01-19,1.6846669912338257,1.6979999542236328,1.5833330154418943,1.6019999980926514,1.6019999980926514,35572500,2762.81005859375,2764.35009765625,2717.7900390625,2725.360107421875,2725.360107421875,2130930000
2011-01-20,1.6019999980926514,1.6299999952316284,1.4913330078125,1.5080000162124634,1.5080000162124634,34198500,2712.39990234375,2714.10009765625,2686.590087890625,2704.2900390625,2704.2900390625,2323250000
2011-01-21,1.5413329601287842,1.5726670026779177,1.5140000581741333,1.5360000133514404,1.5360000133514404,18255000,2716.919921875,2722.739990234375,2688.530029296875,2689.5400390625,2689.5400390625,1916960000
2011-01-24,1.5686670541763306,1.6540000438690186,1.5486669540405271,1.6326669454574585,1.6326669454574585,24676500,2693.030029296875,2719.72998046875,2687.969970703125,2717.550048828125,2717.550048828125,1871300000
2011-01-25,1.6433329582214355,1.6593329906463623,1.6013330221176147,1.6453330516815186,1.6453330516815186,19072500,2704.25,2719.340087890625,2697.510009765625,2719.25,2719.25,1936120000
2011-01-26,1.647333025932312,1.658666968345642,1.6066670417785645,1.649999976158142,1.649999976158142,16198500,2724.52001953125,2746.030029296875,2717.6298828125,2739.5,2739.5,2031410000
2011-01-27,1.6493330001831057,1.6720000505447388,1.6353329420089722,1.6613329648971558,1.6613329648971558,13435500,2745.159912109375,2763.639892578125,2740.300048828125,2755.280029296875,2755.280029296875,2020550000
2011-01-28,1.658666968345642,1.658666968345642,1.5833330154418943,1.6006669998168943,1.6006669998168943,15726000,2755.280029296875,2755.280029296875,2679.570068359375,2686.889892578125,2686.889892578125,2371140000
2011-01-31,1.6033329963684082,1.6080000400543213,1.5666669607162476,1.6066670417785645,1.6066670417785645,12454500,2693.300048828125,2706.300048828125,2676.8701171875,2700.080078125,2700.080078125,1952310000
2011-02-01,1.6206669807434082,1.6486669778823853,1.5693329572677612,1.593999981880188,1.593999981880188,10617000,2717.610107421875,2755.969970703125,2716.639892578125,2751.18994140625,2751.18994140625,2255990000
2011-02-02,1.6106669902801514,1.6119999885559082,1.5779999494552612,1.5959999561309814,1.5959999561309814,8542500,2744.679931640625,2758.510009765625,2743.760009765625,2749.56005859375,2749.56005859375,2024600000
2011-02-03,1.5880000591278076,1.5933330059051514,1.5433330535888672,1.5753329992294312,1.5753329992294312,7680000,2746.739990234375,2757.5400390625,2725.780029296875,2753.8798828125,2753.8798828125,1941260000
2011-02-04,1.5626670122146606,1.5779999494552612,1.5479999780654907,1.5640000104904177,1.5640000104904177,8160000,2755.85009765625,2769.699951171875,2747.860107421875,2769.300048828125,2769.300048828125,1956710000
2011-02-07,1.5506670475006104,1.5506670475006104,1.525333046913147,1.537999987602234,1.537999987602234,13426500,2773.260009765625,2796.5,2772.81005859375,2783.989990234375,2783.989990234375,1768090000
2011-02-08,1.585332989692688,1.6833330392837524,1.5333329439163208,1.6326669454574585,1.6326669454574585,52573500,2782.409912109375,2797.050048828125,2776.35009765625,2797.050048828125,2797.050048828125,1803010000
2011-02-09,1.608667016029358,1.6119999885559082,1.519333004951477,1.547333002090454,1.547333002090454,39534000,2791.1298828125,2798.909912109375,2780.889892578125,2789.070068359375,2789.070068359375,1930820000
2011-02-10,1.5506670475006104,1.5759999752044678,1.5206669569015503,1.5479999780654907,1.5479999780654907,12541500,2764.760009765625,2791.429931640625,2762.340087890625,2790.449951171875,2790.449951171875,2497540000
2011-02-11,1.5499999523162842,1.5833330154418943,1.529332995414734,1.5499999523162842,1.5499999523162842,9517500,2783.159912109375,2810.56005859375,2778.2099609375,2809.43994140625,2809.43994140625,2066700000
2011-02-14,1.5759999752044678,1.609333038330078,1.536666989326477,1.5386669635772705,1.5386669635772705,19246500,2810.18994140625,2819.8701171875,2808.27001953125,2817.179931640625,2817.179931640625,1964780000
2011-02-15,1.534000039100647,1.5446670055389404,1.503999948501587,1.5226670503616333,1.5226670503616333,14305500,2809.02001953125,2813.1298828125,2798.830078125,2804.35009765625,2804.35009765625,2006220000
2011-02-16,1.5399999618530271,1.664667010307312,1.537999987602234,1.6486669778823853,1.6486669778823853,61726500,2815.090087890625,2828.18994140625,2811.52001953125,2825.56005859375,2825.56005859375,2276980000
2011-02-17,1.6419999599456787,1.6993329524993896,1.5700000524520874,1.5733330249786377,1.5733330249786377,39276000,2816.1201171875,2835.199951171875,2815.080078125,2831.580078125,2831.580078125,1939320000
2011-02-18,1.5553330183029177,1.565999984741211,1.5306669473648071,1.5453330278396606,1.5453330278396606,35560500,2833.35009765625,2840.510009765625,2823.64990234375,2833.949951171875,2833.949951171875,2109460000
2011-02-22,1.525333046913147,1.5333329439163208,1.4520000219345093,1.4579999446868896,1.4579999446868896,30969000,2795.43994140625,2808.179931640625,2752.75,2756.419921875,2756.419921875,2262100000
2011-02-23,1.4786670207977295,1.5,1.4073330163955688,1.4553329944610596,1.4553329944610596,24084000,2755.199951171875,2761.699951171875,2705.5400390625,2722.989990234375,2722.989990234375,2479150000
2011-02-24,1.4520000219345093,1.5053329467773438,1.4333330392837524,1.5019999742507937,1.5019999742507937,15829500,2726.590087890625,2745.2900390625,2707.800048828125,2737.89990234375,2737.89990234375,2065290000
2011-02-25,1.5206669569015503,1.590000033378601,1.512666940689087,1.5740000009536743,1.5740000009536743,20194500,2752.159912109375,2781.1201171875,2751.81005859375,2781.050048828125,2781.050048828125,1867820000
2011-02-28,1.5826669931411743,1.6066670417785645,1.5666669607162476,1.5926669836044312,1.5926669836044312,15768000,2791.280029296875,2798.429931640625,2767.610107421875,2782.27001953125,2782.27001953125,2009500000
2011-03-01,1.6033329963684082,1.6213330030441284,1.5800000429153442,1.5959999561309814,1.5959999561309814,16596000,2791.080078125,2791.22998046875,2730.719970703125,2737.409912109375,2737.409912109375,2212860000
2011-03-02,1.5880000591278076,1.6186670064926147,1.5820000171661377,1.6013330221176147,1.6013330221176147,9949500,2735.050048828125,2763.949951171875,2734.080078125,2748.070068359375,2748.070068359375,1986900000
2011-03-03,1.631999969482422,1.6526670455932615,1.6039999723434448,1.6239999532699585,1.6239999532699585,9603000,2774.47998046875,2802.320068359375,2774.47998046875,2798.739990234375,2798.739990234375,1990380000
2011-03-04,1.631999969482422,1.6660000085830688,1.585332989692688,1.6633330583572388,1.6633330583572388,23701500,2797.639892578125,2798.070068359375,2768.1201171875,2784.669921875,2784.669921875,1897900000
2011-03-07,1.6619999408721924,1.6933330297470093,1.6466670036315918,1.6626670360565186,1.6626670360565186,30504000,2793.18994140625,2794.820068359375,2724.510009765625,2745.6298828125,2745.6298828125,2189970000
2011-03-08,1.6399999856948853,1.6640000343322754,1.600000023841858,1.6440000534057615,1.6440000534057615,20998500,2745.22998046875,2775.409912109375,2729.85009765625,2765.77001953125,2765.77001953125,1835540000
2011-03-09,1.6440000534057615,1.6660000085830688,1.618000030517578,1.6480000019073486,1.6480000019073486,13872000,2756.340087890625,2761.77001953125,2737.679931640625,2751.719970703125,2751.719970703125,1996700000
2011-03-10,1.6293330192565918,1.6326669454574585,1.5820000171661377,1.6006669998168943,1.6006669998168943,15255000,2719.2900390625,2721.2099609375,2695.080078125,2701.02001953125,2701.02001953125,2363330000
2011-03-11,1.590000033378601,1.6166670322418213,1.5686670541763306,1.6046669483184814,1.6046669483184814,13962000,2689.64990234375,2724.610107421875,2689.409912109375,2715.610107421875,2715.610107421875,1851810000
2011-03-14,1.5880000591278076,1.600000023841858,1.546666979789734,1.5499999523162842,1.5499999523162842,17490000,2695.659912109375,2715.219970703125,2682.090087890625,2700.969970703125,2700.969970703125,1782070000
2011-03-15,1.4800000190734863,1.5306669473648071,1.453333020210266,1.5299999713897705,1.5299999713897705,19782000,2619.39990234375,2680.570068359375,2618.5,2667.330078125,2667.330078125,2359830000
2011-03-16,1.52400004863739,1.5499999523162842,1.512666940689087,1.5213329792022705,1.5213329792022705,17545500,2652.919921875,2669.27001953125,2603.5,2616.820068359375,2616.820068359375,2596000000
2011-03-17,1.5493329763412476,1.562000036239624,1.5093330144882202,1.5206669569015503,1.5206669569015503,13839000,2656.080078125,2660.5,2634.169921875,2636.050048828125,2636.050048828125,1994360000
2011-03-18,1.5460000038146973,1.5460000038146973,1.5006669759750366,1.5306669473648071,1.5306669473648071,10318500,2665.5400390625,2665.56005859375,2639.760009765625,2643.669921875,2643.669921875,1986900000
2011-03-21,1.536666989326477,1.536666989326477,1.50266695022583,1.51533305644989,1.51533305644989,6175500,2675.469970703125,2699.699951171875,2674.989990234375,2692.090087890625,2692.090087890625,1751060000
2011-03-22,1.51533305644989,1.52400004863739,1.4666670560836792,1.4793330430984497,1.4793330430984497,8743500,2692.1298828125,2695.4599609375,2679.409912109375,2683.8701171875,2683.8701171875,1657430000
2011-03-23,1.4739999771118164,1.48466694355011,1.4513330459594729,1.480666995048523,1.480666995048523,6342000,2677.56005859375,2704.300048828125,2660.169921875,2698.300048828125,2698.300048828125,1769950000
2011-03-24,1.47599995136261,1.4919999837875366,1.4653329849243164,1.4886670112609863,1.4886670112609863,6933000,2715.8798828125,2740.389892578125,2703.419921875,2736.419921875,2736.419921875,1954180000
2011-03-25,1.495332956314087,1.5333329439163208,1.4933329820632937,1.5166670083999634,1.5166670083999634,8520000,2746.340087890625,2762.550048828125,2740.169921875,2743.06005859375,2743.06005859375,1857570000
2011-03-28,1.5133329629898071,1.5693329572677612,1.5033329725265503,1.5499999523162842,1.5499999523162842,15871500,2752.330078125,2754.6298828125,2730.679931640625,2730.679931640625,2730.679931640625,1669260000
2011-03-29,1.553333044052124,1.600000023841858,1.547333002090454,1.5946669578552246,1.5946669578552246,11331000,2727.830078125,2756.889892578125,2720.18994140625,2756.889892578125,2756.889892578125,1631160000
2011-03-30,1.6073329448699951,1.6326669454574585,1.534000039100647,1.5806670188903809,1.5806670188903809,18349500,2772.360107421875,2779.949951171875,2763.77001953125,2776.7900390625,2776.7900390625,1818410000
2011-03-31,1.7699999809265137,1.9140000343322752,1.7666670083999634,1.850000023841858,1.850000023841858,172767000,2774.22998046875,2783.97998046875,2769.52001953125,2781.070068359375,2781.070068359375,1896420000
2011-04-01,1.830000042915344,1.8786669969558716,1.7713329792022705,1.7773330211639404,1.7773330211639404,42972000,2796.669921875,2802.6298828125,2779.7099609375,2789.60009765625,2789.60009765625,2090120000
2011-04-04,1.7886669635772705,1.7999999523162842,1.6820000410079956,1.722000002861023,1.722000002861023,39139500,2796.260009765625,2799.72998046875,2778.8701171875,2789.18994140625,2789.18994140625,1705920000
2011-04-05,1.726667046546936,1.7999999523162842,1.7126669883728027,1.7799999713897705,1.7799999713897705,47713500,2787.780029296875,2806.199951171875,2785.27001953125,2791.18994140625,2791.18994140625,1954520000
2011-04-06,1.7993329763412476,1.8006670475006104,1.7200000286102295,1.7660000324249268,1.7660000324249268,19324500,2808.110107421875,2815.550048828125,2786.800048828125,2799.820068359375,2799.820068359375,1996750000
2011-04-07,1.7899999618530271,1.8626669645309448,1.7633329629898071,1.815999984741211,1.815999984741211,42154500,2799.590087890625,2813.219970703125,2781.1298828125,2796.139892578125,2796.139892578125,1806900000
2011-04-08,1.838667035102844,1.840000033378601,1.7573330402374268,1.7660000324249268,1.7660000324249268,29196000,2806.2900390625,2808.56005859375,2771.419921875,2780.419921875,2780.419921875,1650810000
2011-04-11,1.76466703414917,1.7686669826507568,1.6679999828338623,1.6846669912338257,1.6846669912338257,20541000,2789.489990234375,2792.949951171875,2760.840087890625,2771.510009765625,2771.510009765625,2053190000
2011-04-12,1.6720000505447388,1.6806670427322388,1.6200000047683716,1.6433329582214355,1.6433329582214355,20361000,2755.889892578125,2760.6201171875,2737.070068359375,2744.7900390625,2744.7900390625,1818610000
2011-04-13,1.675333023071289,1.7126669883728027,1.6540000438690186,1.6619999408721924,1.6619999408721924,18172500,2762.68994140625,2772.050048828125,2744.85009765625,2761.52001953125,2761.52001953125,1744940000
2011-04-14,1.6579999923706057,1.685333013534546,1.613332986831665,1.6759999990463257,1.6759999990463257,14751000,2743.1201171875,2762.179931640625,2733.679931640625,2760.219970703125,2760.219970703125,1717650000
2011-04-15,1.7100000381469729,1.745332956314087,1.694000005722046,1.7053329944610596,1.7053329944610596,14152500,2752.8701171875,2769.2900390625,2743.75,2764.64990234375,2764.64990234375,1785050000
2011-04-18,1.675333023071289,1.7079999446868896,1.6239999532699585,1.668666958808899,1.668666958808899,15508500,2731.219970703125,2737.4599609375,2706.5,2735.3798828125,2735.3798828125,1786230000
2011-04-19,1.684000015258789,1.684000015258789,1.6433329582214355,1.6773329973220823,1.6773329973220823,8230500,2741.35009765625,2746.179931640625,2727.1201171875,2744.969970703125,2744.969970703125,1675970000
2011-04-20,1.713333010673523,1.7393330335617063,1.6866669654846191,1.7166670560836792,1.7166670560836792,12558000,2788.840087890625,2802.989990234375,2785.97998046875,2802.510009765625,2802.510009765625,2094470000
2011-04-21,1.7233330011367798,1.7986669540405271,1.7059999704360962,1.78266704082489,1.78266704082489,20791500,2820.77001953125,2820.77001953125,2808.550048828125,2820.159912109375,2820.159912109375,2094470000
2011-04-25,1.7799999713897705,1.781999945640564,1.7313330173492432,1.7593330144882202,1.7593330144882202,12013500,2820.280029296875,2826.260009765625,2813.199951171875,2825.8798828125,2825.8798828125,1480600000
2011-04-26,1.7773330211639404,1.8166669607162476,1.753999948501587,1.7953330278396606,1.7953330278396606,21000000,2832.47998046875,2856.610107421875,2829.0,2847.5400390625,2847.5400390625,2057740000
2011-04-27,1.7953330278396606,1.8240000009536743,1.775333046913147,1.8053330183029177,1.8053330183029177,14953500,2853.8798828125,2870.800048828125,2842.610107421875,2869.8798828125,2869.8798828125,2071380000
2011-04-28,1.8046669960021973,1.8459999561309817,1.7813329696655271,1.843999981880188,1.843999981880188,24000000,2862.820068359375,2874.590087890625,2859.6201171875,2872.530029296875,2872.530029296875,1983630000
2011-04-29,1.8459999561309817,1.8580000400543213,1.8279999494552612,1.840000033378601,1.840000033378601,10890000,2869.739990234375,2876.830078125,2863.0400390625,2873.5400390625,2873.5400390625,2455650000
2011-05-02,1.840000033378601,1.853332996368408,1.8040000200271609,1.830000042915344,1.830000042915344,11769000,2881.280029296875,2887.75,2859.840087890625,2864.080078125,2864.080078125,2062630000
2011-05-03,1.8253329992294312,1.825999975204468,1.7666670083999634,1.7913329601287842,1.7913329601287842,13708500,2859.300048828125,2861.949951171875,2825.5,2841.6201171875,2841.6201171875,2214380000
2011-05-04,1.7853330373764038,1.7999999523162842,1.7166670560836792,1.779332995414734,1.779332995414734,15667500,2842.919921875,2848.159912109375,2808.7900390625,2828.22998046875,2828.22998046875,2209580000
2011-05-05,1.8133330345153809,1.829332947731018,1.7446670532226562,1.762666940689087,1.762666940689087,18277500,2812.840087890625,2845.85009765625,2804.820068359375,2814.719970703125,2814.719970703125,2227690000
2011-05-06,1.7933330535888672,1.8466670513153076,1.7746670246124268,1.8079999685287476,1.8079999685287476,14725500,2840.7099609375,2859.25,2818.64990234375,2827.56005859375,2827.56005859375,2043740000
2011-05-09,1.7999999523162842,1.8666670322418213,1.7899999618530271,1.8606669902801511,1.8606669902801511,13746000,2828.239990234375,2850.389892578125,2823.669921875,2843.25,2843.25,1649110000
2011-05-10,1.8826669454574585,1.9299999475479128,1.8606669902801511,1.8886669874191284,1.8886669874191284,23029500,2851.909912109375,2873.639892578125,2850.010009765625,2871.889892578125,2871.889892578125,2018000000
2011-05-11,1.8799999952316284,1.886667013168335,1.7946670055389404,1.8046669960021973,1.8046669960021973,14437500,2867.159912109375,2874.610107421875,2829.679931640625,2845.06005859375,2845.06005859375,2258770000
2011-05-12,1.8046669960021973,1.8493330478668213,1.7766669988632202,1.8446669578552248,1.8446669578552248,9420000,2833.669921875,2865.860107421875,2819.3701171875,2863.0400390625,2863.0400390625,2209650000
2011-05-13,1.8666670322418213,1.879333019256592,1.8200000524520872,1.8366669416427612,1.8366669416427612,9922500,2859.699951171875,2861.510009765625,2827.510009765625,2828.469970703125,2828.469970703125,1917050000
2011-05-16,1.866000056266785,1.866000056266785,1.7699999809265137,1.773332953453064,1.773332953453064,11335500,2815.89990234375,2828.139892578125,2779.5400390625,2782.31005859375,2782.31005859375,2066020000
2011-05-17,1.7999999523162842,1.7999999523162842,1.7146669626235962,1.730666995048523,1.730666995048523,18513000,2769.169921875,2783.610107421875,2759.2900390625,2783.2099609375,2783.2099609375,2220440000
2011-05-18,1.7400000095367432,1.76466703414917,1.7013330459594729,1.7566670179367063,1.7566670179367063,10942500,2782.64990234375,2817.14990234375,2780.830078125,2815.0,2815.0,1875150000
2011-05-19,1.8020000457763672,1.8960000276565552,1.773332953453064,1.8799999952316284,1.8799999952316284,39826500,2824.050048828125,2828.409912109375,2805.1201171875,2823.31005859375,2823.31005859375,1753390000
2011-05-20,1.883999943733215,1.885332942008972,1.8233330249786377,1.864667057991028,1.864667057991028,12637500,2815.9599609375,2821.43994140625,2796.27001953125,2803.320068359375,2803.320068359375,1780140000
2011-05-23,1.841333031654358,1.841333031654358,1.7746670246124268,1.787999987602234,1.787999987602234,12954000,2761.9599609375,2770.510009765625,2750.639892578125,2758.89990234375,2758.89990234375,1795680000
2011-05-24,1.801332950592041,1.8333330154418943,1.773332953453064,1.7813329696655271,1.7813329696655271,9205500,2766.699951171875,2767.5,2744.010009765625,2746.159912109375,2746.159912109375,1875370000
2011-05-25,1.7933330535888672,1.934000015258789,1.7446670532226562,1.9320000410079956,1.9320000410079956,70396500,2739.989990234375,2771.3798828125,2739.85009765625,2761.3798828125,2761.3798828125,1894510000
2011-05-26,1.9213329553604128,1.9839999675750732,1.873332977294922,1.9653329849243164,1.9653329849243164,50053500,2756.31005859375,2787.330078125,2756.06005859375,2782.919921875,2782.919921875,1904400000
2011-05-27,1.9693330526351929,1.9780000448226929,1.9213329553604128,1.9700000286102295,1.9700000286102295,25306500,2789.02001953125,2801.14990234375,2788.2900390625,2796.860107421875,2796.860107421875,1641320000
2011-05-31,1.9793330430984497,2.018666982650757,1.9700000286102295,2.0093328952789307,2.0093328952789307,49357500,2824.25,2835.340087890625,2808.60009765625,2835.300048828125,2835.300048828125,2450090000
2011-06-01,2.0,2.006666898727417,1.8919999599456787,1.901332974433899,1.901332974433899,22948500,2829.389892578125,2834.050048828125,2767.6298828125,2769.18994140625,2769.18994140625,2254850000
2011-06-02,1.901332974433899,1.9546669721603391,1.9006669521331787,1.9173330068588257,1.9173330068588257,14794500,2773.760009765625,2784.570068359375,2759.169921875,2773.31005859375,2773.31005859375,1919030000
2011-06-03,1.9966670274734497,2.0999999046325684,1.9666670560836792,2.0086669921875,2.0086669921875,93138000,2740.489990234375,2762.56005859375,2730.6298828125,2732.780029296875,2732.780029296875,1936400000
2011-06-06,2.006666898727417,2.0086669921875,1.883999943733215,1.9133330583572388,1.9133330583572388,34966500,2728.31005859375,2736.659912109375,2702.199951171875,2702.56005859375,2702.56005859375,1878150000
2011-06-07,1.929332971572876,1.9593329429626465,1.883999943733215,1.891332983970642,1.891332983970642,18331500,2712.7900390625,2723.320068359375,2701.169921875,2701.56005859375,2701.56005859375,1847300000
2011-06-08,1.8960000276565552,1.9066669940948489,1.801332950592041,1.8079999685287476,1.8079999685287476,25438500,2693.68994140625,2698.080078125,2671.090087890625,2675.3798828125,2675.3798828125,2089320000
2011-06-09,1.8286670446395872,1.873332977294922,1.8066669702529907,1.841333031654358,1.841333031654358,24048000,2678.52001953125,2696.68994140625,2670.02001953125,2684.8701171875,2684.8701171875,1704960000
2011-06-10,1.834666967391968,1.886667013168335,1.8233330249786377,1.8573329448699951,1.8573329448699951,23499000,2675.10009765625,2676.719970703125,2641.639892578125,2643.72998046875,2643.72998046875,1972000000
2011-06-13,1.8713330030441284,1.925333023071289,1.858667016029358,1.8953330516815183,1.8953330516815183,25701000,2649.300048828125,2657.77001953125,2629.610107421875,2639.68994140625,2639.68994140625,1847050000
2011-06-14,1.9026670455932615,1.9800000190734863,1.901332974433899,1.9066669940948489,1.9066669940948489,23601000,2662.72998046875,2685.64990234375,2662.72998046875,2678.719970703125,2678.719970703125,1701300000
2011-06-15,1.8960000276565552,1.896667003631592,1.8046669960021973,1.821333050727844,1.821333050727844,20175000,2653.169921875,2669.75,2625.860107421875,2631.4599609375,2631.4599609375,1982430000
2011-06-16,1.8446669578552248,1.8666670322418213,1.715999960899353,1.7666670083999634,1.7666670083999634,27633000,2631.97998046875,2642.64990234375,2599.860107421875,2623.699951171875,2623.699951171875,1958250000
2011-06-17,1.7913329601287842,1.8466670513153076,1.7426669597625732,1.7666670083999634,1.7666670083999634,25710000,2646.2900390625,2648.5400390625,2608.989990234375,2616.47998046875,2616.47998046875,2393690000
2011-06-20,1.75266695022583,1.7640000581741333,1.7000000476837158,1.7339999675750732,1.7339999675750732,23067000,2608.050048828125,2636.550048828125,2607.739990234375,2629.659912109375,2629.659912109375,1625850000
2011-06-21,1.7493330240249634,1.848667025566101,1.7333329916000366,1.835332989692688,1.835332989692688,22440000,2640.330078125,2688.5,2634.0400390625,2687.260009765625,2687.260009765625,1882490000
2011-06-22,1.824666976928711,1.8833329677581787,1.8066669702529907,1.8140000104904177,1.8140000104904177,22134000,2677.179931640625,2693.22998046875,2668.35009765625,2669.18994140625,2669.18994140625,1617370000
2011-06-23,1.8133330345153809,1.8480000495910645,1.74733304977417,1.8473329544067385,1.8473329544067385,17550000,2638.60009765625,2688.070068359375,2627.469970703125,2686.75,2686.75,2060450000
2011-06-24,1.8426669836044312,1.864667057991028,1.817332983016968,1.8380000591278076,1.8380000591278076,54127500,2681.10009765625,2682.409912109375,2647.4599609375,2652.889892578125,2652.889892578125,2842870000
2011-06-27,1.848667025566101,1.885332942008972,1.820667028427124,1.8306670188903809,1.8306670188903809,27141000,2653.070068359375,2697.340087890625,2647.550048828125,2688.280029296875,2688.280029296875,1710740000
2011-06-28,1.852666974067688,1.8833329677581787,1.8446669578552248,1.8739999532699585,1.8739999532699585,13338000,2694.260009765625,2729.93994140625,2692.449951171875,2729.31005859375,2729.31005859375,1682590000
2011-06-29,1.899999976158142,1.9393329620361328,1.8713330030441284,1.8860000371932983,1.8860000371932983,21927000,2736.760009765625,2746.6201171875,2722.260009765625,2740.489990234375,2740.489990234375,1804490000
2011-06-30,1.899999976158142,1.9553329944610596,1.8933329582214355,1.9420000314712524,1.9420000314712524,14200500,2749.3701171875,2776.56005859375,2749.110107421875,2773.52001953125,2773.52001953125,1859130000
2011-07-01,1.937999963760376,1.97333300113678,1.919999957084656,1.9346669912338257,1.9346669912338257,12823500,2775.080078125,2818.18994140625,2769.06005859375,2816.030029296875,2816.030029296875,1646380000
2011-07-05,1.9346669912338257,1.968000054359436,1.9140000343322752,1.942667007446289,1.942667007446289,14940000,2817.8701171875,2828.530029296875,2810.0,2825.77001953125,2825.77001953125,1556620000
2011-07-06,1.942667007446289,1.942667007446289,1.9033329486846924,1.9306670427322388,1.9306670427322388,13903500,2821.419921875,2838.85009765625,2812.800048828125,2834.02001953125,2834.02001953125,1639490000
2011-07-07,1.942667007446289,2.0,1.934000015258789,1.98199999332428,1.98199999332428,19918500,2856.25,2878.93994140625,2853.89990234375,2872.659912109375,2872.659912109375,1873710000
2011-07-08,1.9926669597625732,1.9926669597625732,1.906000018119812,1.920667052268982,1.920667052268982,18609000,2841.2900390625,2860.02001953125,2831.159912109375,2859.81005859375,2859.81005859375,1612120000
2011-07-11,1.8933329582214355,1.9019999504089355,1.8666670322418213,1.8899999856948853,1.8899999856948853,14637000,2828.10009765625,2841.1201171875,2795.5400390625,2802.6201171875,2802.6201171875,1765920000
2011-07-12,1.891332983970642,1.9393329620361328,1.8666670322418213,1.878000020980835,1.878000020980835,15681000,2798.75,2807.570068359375,2780.159912109375,2781.909912109375,2781.909912109375,2015410000
2011-07-13,1.8953330516815183,1.935333013534546,1.8600000143051147,1.9093329906463623,1.9093329906463623,15990000,2800.8798828125,2825.860107421875,2789.570068359375,2796.919921875,2796.919921875,1885510000
2011-07-14,1.9019999504089355,1.9306670427322388,1.8166669607162476,1.8406670093536377,1.8406670093536377,17385000,2804.820068359375,2817.3798828125,2755.89990234375,2762.669921875,2762.669921875,1946500000
2011-07-15,1.852666974067688,1.8553329706192017,1.8266669511795044,1.838667035102844,1.838667035102844,10635000,2787.330078125,2790.159912109375,2768.280029296875,2789.800048828125,2789.800048828125,1804380000
2011-07-18,1.8226670026779177,1.830000042915344,1.775333046913147,1.8153330087661743,1.8153330087661743,12778500,2777.610107421875,2783.760009765625,2743.7900390625,2765.110107421875,2765.110107421875,1752220000
2011-07-19,1.838667035102844,1.8739999532699585,1.8359999656677248,1.859333038330078,1.859333038330078,15391500,2790.97998046875,2828.64990234375,2790.97998046875,2826.52001953125,2826.52001953125,1882760000
2011-07-20,1.8666670322418213,2.029333114624023,1.853332996368408,1.9126670360565183,1.9126670360565183,45724500,2839.389892578125,2839.64990234375,2808.179931640625,2814.22998046875,2814.22998046875,1863670000
2011-07-21,1.9273329973220823,1.944000005722046,1.873332977294922,1.9133330583572388,1.9133330583572388,15172500,2818.7900390625,2847.409912109375,2807.7099609375,2834.429931640625,2834.429931640625,2284150000
2011-07-22,1.9133330583572388,1.9693330526351929,1.9033329486846924,1.952666997909546,1.952666997909546,8752500,2834.4599609375,2862.719970703125,2830.580078125,2858.830078125,2858.830078125,1665220000
2011-07-25,1.934000015258789,1.950000047683716,1.8960000276565552,1.8993330001831057,1.8993330001831057,10099500,2832.110107421875,2859.39990234375,2828.909912109375,2842.800048828125,2842.800048828125,1613240000
2011-07-26,1.8873330354690552,1.9179999828338623,1.864667057991028,1.8666670322418213,1.8666670322418213,11409000,2842.739990234375,2851.719970703125,2832.27001953125,2839.9599609375,2839.9599609375,1739980000
2011-07-27,1.899999976158142,1.899999976158142,1.8339999914169312,1.8426669836044312,1.8426669836044312,14377500,2823.6201171875,2823.860107421875,2761.0,2764.7900390625,2764.7900390625,2367470000
2011-07-28,1.840000033378601,1.9033329486846924,1.8359999656677248,1.878000020980835,1.878000020980835,14080500,2765.610107421875,2800.110107421875,2757.85009765625,2766.25,2766.25,2067020000
2011-07-29,1.853332996368408,1.8933329582214355,1.8333330154418943,1.878000020980835,1.878000020980835,14223000,2736.669921875,2780.580078125,2724.989990234375,2756.3798828125,2756.3798828125,2301210000
2011-08-01,1.911332964897156,1.9320000410079956,1.880666971206665,1.9179999828338623,1.9179999828338623,17473500,2791.449951171875,2796.239990234375,2716.300048828125,2744.610107421875,2744.610107421875,2209790000
2011-08-02,1.9126670360565183,1.946666955947876,1.8179999589920044,1.8226670026779177,1.8226670026779177,23241000,2728.2900390625,2745.8701171875,2668.679931640625,2669.239990234375,2669.239990234375,2377250000
2011-08-03,1.8333330154418943,1.8553329706192017,1.75600004196167,1.8133330345153809,1.8133330345153809,26917500,2673.969970703125,2695.3701171875,2621.669921875,2693.070068359375,2693.070068359375,2601310000
2011-08-04,1.7673330307006836,1.792667031288147,1.6446670293807983,1.649999976158142,1.649999976158142,45967500,2648.3798828125,2653.7900390625,2556.3798828125,2556.389892578125,2556.389892578125,3272990000
2011-08-05,1.6660000085830688,1.6920000314712524,1.5219999551773071,1.616000056266785,1.616000056266785,29466000,2580.300048828125,2592.0400390625,2464.8701171875,2532.409912109375,2532.409912109375,3750150000
2011-08-08,1.5399999618530271,1.6293330192565918,1.5399999618530271,1.5759999752044678,1.5759999752044678,39127500,2447.300048828125,2489.389892578125,2357.68994140625,2357.68994140625,2357.68994140625,3987990000
2011-08-09,1.6100000143051147,1.696666955947876,1.5800000429153442,1.670667052268982,1.670667052268982,20001000,2402.1298828125,2483.659912109375,2331.64990234375,2482.52001953125,2482.52001953125,3803050000
2011-08-10,1.6959999799728394,1.6959999799728394,1.5753329992294312,1.5880000591278076,1.5880000591278076,23463000,2425.550048828125,2461.280029296875,2378.080078125,2381.050048828125,2381.050048828125,3397010000
2011-08-11,1.602666974067688,1.7166670560836792,1.600000023841858,1.6866669654846191,1.6866669654846191,12547500,2415.5400390625,2516.389892578125,2399.56005859375,2492.679931640625,2492.679931640625,3134140000
2011-08-12,1.7066669464111328,1.8093329668045044,1.6906670331954956,1.753999948501587,1.753999948501587,15136500,2507.010009765625,2524.090087890625,2481.5,2507.97998046875,2507.97998046875,2232470000
2011-08-15,1.7746670246124268,1.7833329439163208,1.7286670207977295,1.7486670017242432,1.7486670017242432,11079000,2522.0400390625,2555.199951171875,2514.52001953125,2555.199951171875,2555.199951171875,1945850000
2011-08-16,1.7419999837875366,1.769333004951477,1.722000002861023,1.7400000095367432,1.7400000095367432,8065500,2526.47998046875,2546.739990234375,2494.550048828125,2523.449951171875,2523.449951171875,2074370000
2011-08-17,1.7593330144882202,1.7766669988632202,1.7006670236587524,1.722000002861023,1.722000002861023,9655500,2527.7900390625,2549.110107421875,2488.090087890625,2511.47998046875,2511.47998046875,1913320000
2011-08-18,1.6666669845581057,1.6766669750213623,1.564666986465454,1.6173330545425415,1.6173330545425415,15849000,2436.3798828125,2437.010009765625,2362.969970703125,2380.429931640625,2380.429931640625,2775580000
2011-08-19,1.5906670093536377,1.6146670579910278,1.4666670560836792,1.4866670370101929,1.4866670370101929,20629500,2353.320068359375,2415.179931640625,2338.659912109375,2341.840087890625,2341.840087890625,2385300000
2011-08-22,1.5406670570373535,1.5866669416427612,1.4453330039978027,1.463333010673523,1.463333010673523,14791500,2396.8798828125,2397.340087890625,2337.280029296875,2345.3798828125,2345.3798828125,1957230000
2011-08-23,1.462000012397766,1.5406670570373535,1.4333330392837524,1.5306669473648071,1.5306669473648071,13035000,2360.949951171875,2446.06005859375,2349.080078125,2446.06005859375,2446.06005859375,2147270000
2011-08-24,1.5399999618530271,1.5953329801559448,1.5219999551773071,1.591333031654358,1.591333031654358,10264500,2437.47998046875,2470.800048828125,2420.47998046875,2467.68994140625,2467.68994140625,1888640000
2011-08-25,1.591333031654358,1.591333031654358,1.5266669988632202,1.5406670570373535,1.5406670570373535,10197000,2470.9599609375,2482.89990234375,2415.239990234375,2419.6298828125,2419.6298828125,1789230000
2011-08-26,1.5140000581741333,1.5966670513153076,1.4713330268859863,1.5820000171661377,1.5820000171661377,11427000,2408.7900390625,2486.0400390625,2385.27001953125,2479.85009765625,2479.85009765625,1852130000
2011-08-29,1.6146670579910278,1.6566669940948486,1.6013330221176147,1.647333025932312,1.647333025932312,12051000,2510.989990234375,2562.580078125,2510.1298828125,2562.110107421875,2562.110107421875,1615510000
2011-08-30,1.6333329677581787,1.651332974433899,1.6059999465942385,1.6419999599456787,1.6419999599456787,5493000,2547.070068359375,2589.530029296875,2534.679931640625,2576.110107421875,2576.110107421875,1871800000
2011-08-31,1.6533329486846924,1.7000000476837158,1.6186670064926147,1.6493330001831057,1.6493330001831057,12357000,2589.75,2611.580078125,2557.739990234375,2579.4599609375,2579.4599609375,1995490000
2011-09-01,1.6440000534057615,1.6579999923706057,1.5893330574035645,1.600000023841858,1.600000023841858,12721500,2583.340087890625,2604.5,2543.56005859375,2546.0400390625,2546.0400390625,1742440000
2011-09-02,1.5773329734802246,1.5993330478668213,1.5119999647140503,1.537999987602234,1.537999987602234,11548500,2497.280029296875,2512.780029296875,2469.35009765625,2480.330078125,2480.330078125,1571530000
2011-09-06,1.5,1.546666979789734,1.4859999418258667,1.529332995414734,1.529332995414734,12147000,2417.610107421875,2477.77001953125,2414.31005859375,2473.830078125,2473.830078125,1737170000
2011-09-07,1.5593329668045044,1.600000023841858,1.5520000457763672,1.5893330574035645,1.5893330574035645,6888000,2511.5,2548.93994140625,2507.52001953125,2548.93994140625,2548.93994140625,1791480000
2011-09-08,1.5720000267028809,1.6019999980926514,1.5520000457763672,1.5740000009536743,1.5740000009536743,7585500,2533.81005859375,2568.449951171875,2520.800048828125,2529.139892578125,2529.139892578125,1979990000
2011-09-09,1.5579999685287476,1.5713330507278442,1.5033329725265503,1.5313329696655271,1.5313329696655271,10039500,2508.1201171875,2518.39990234375,2452.929931640625,2467.989990234375,2467.989990234375,2054190000
2011-09-12,1.5,1.5540000200271606,1.4966670274734497,1.525333046913147,1.525333046913147,8499000,2442.860107421875,2495.360107421875,2438.39990234375,2495.090087890625,2495.090087890625,1980350000
2011-09-13,1.534000039100647,1.6066670417785645,1.5166670083999634,1.6053329706192017,1.6053329706192017,10897500,2502.590087890625,2537.39990234375,2494.070068359375,2532.14990234375,2532.14990234375,1931390000
2011-09-14,1.6166670322418213,1.656000018119812,1.5859999656677246,1.6226669549942017,1.6226669549942017,12462000,2548.449951171875,2600.780029296875,2519.800048828125,2572.550048828125,2572.550048828125,2323770000
2011-09-15,1.6386669874191284,1.6619999408721924,1.621999979019165,1.6546670198440552,1.6546670198440552,8439000,2595.449951171875,2608.949951171875,2569.780029296875,2607.070068359375,2607.070068359375,1967730000
2011-09-16,1.6519999504089355,1.7226669788360596,1.6326669454574585,1.7200000286102295,1.7200000286102295,21256500,2607.1201171875,2627.280029296875,2600.9599609375,2622.31005859375,2622.31005859375,2703730000
2011-09-19,1.6633330583572388,1.720667004585266,1.5880000591278076,1.718000054359436,1.718000054359436,17361000,2584.35009765625,2627.340087890625,2564.4599609375,2612.830078125,2612.830078125,1891770000
2011-09-20,1.7319999933242798,1.773332953453064,1.7113330364227295,1.7339999675750732,1.7339999675750732,17706000,2623.889892578125,2643.3701171875,2589.52001953125,2590.239990234375,2590.239990234375,1914990000
2011-09-21,1.7300000190734863,1.796666979789734,1.713333010673523,1.7233330011367798,1.7233330011367798,14814000,2601.06005859375,2613.2900390625,2537.4599609375,2538.18994140625,2538.18994140625,2172030000
2011-09-22,1.7093329429626465,1.7406669855117798,1.658666968345642,1.7086670398712158,1.7086670398712158,11637000,2466.06005859375,2494.31005859375,2420.22998046875,2455.669921875,2455.669921875,2919330000
2011-09-23,1.6993329524993896,1.7746670246124268,1.690000057220459,1.7586669921875,1.7586669921875,17346000,2438.6298828125,2490.719970703125,2438.280029296875,2483.22998046875,2483.22998046875,1975200000
2011-09-26,1.7680000066757202,1.7680000066757202,1.659999966621399,1.7013330459594729,1.7013330459594729,14022000,2496.97998046875,2518.909912109375,2446.1201171875,2516.68994140625,2516.68994140625,1982710000
2011-09-27,1.7333329916000366,1.7993329763412476,1.7046669721603394,1.746000051498413,1.746000051498413,10117500,2560.780029296875,2590.93994140625,2532.64990234375,2546.830078125,2546.830078125,2095620000
2011-09-28,1.7333329916000366,1.7666670083999634,1.633999943733215,1.6393330097198486,1.6393330097198486,10849500,2557.860107421875,2569.7900390625,2491.070068359375,2491.580078125,2491.580078125,1929310000
2011-09-29,1.7146669626235962,1.7213330268859863,1.5700000524520874,1.6080000400543213,1.6080000400543213,13944000,2535.52001953125,2538.969970703125,2433.580078125,2480.760009765625,2480.760009765625,2290370000
2011-09-30,1.6533329486846924,1.6593329906463623,1.565999984741211,1.6260000467300415,1.6260000467300415,20041500,2444.77001953125,2468.97998046875,2415.070068359375,2415.39990234375,2415.39990234375,2041370000
2011-10-03,1.6633330583572388,1.6666669845581057,1.5499999523162842,1.5820000171661377,1.5820000171661377,15348000,2401.18994140625,2430.8798828125,2335.22998046875,2335.830078125,2335.830078125,2547690000
2011-10-04,1.5526670217514038,1.6213330030441284,1.5286669731140137,1.5773329734802246,1.5773329734802246,18004500,2312.679931640625,2406.669921875,2298.889892578125,2404.820068359375,2404.820068359375,3040940000
2011-10-05,1.6019999980926514,1.7226669788360596,1.5566669702529907,1.6913330554962158,1.6913330554962158,18442500,2398.3701171875,2466.5,2380.9599609375,2460.510009765625,2460.510009765625,2472400000
2011-10-06,1.6913330554962158,1.840000033378601,1.6679999828338623,1.797333002090454,1.797333002090454,26536500,2459.050048828125,2507.43994140625,2446.719970703125,2506.820068359375,2506.820068359375,2249140000
2011-10-07,1.7986669540405271,1.840000033378601,1.7366670370101929,1.7993329763412476,1.7993329763412476,19674000,2509.610107421875,2512.139892578125,2468.60009765625,2479.35009765625,2479.35009765625,2084900000
2011-10-10,1.820667028427124,1.8786669969558716,1.7999999523162842,1.858667016029358,1.858667016029358,13852500,2522.719970703125,2566.050048828125,2519.780029296875,2566.050048828125,2566.050048828125,1574750000
2011-10-11,1.8339999914169312,1.8513330221176147,1.805999994277954,1.8406670093536377,1.8406670093536377,8635500,2554.699951171875,2587.280029296875,2551.93994140625,2583.030029296875,2583.030029296875,1661400000
2011-10-12,1.8166669607162476,1.8666670322418213,1.8133330345153809,1.853332996368408,1.853332996368408,16851000,2606.610107421875,2629.489990234375,2602.31005859375,2604.72998046875,2604.72998046875,1967190000
2011-10-13,1.8420000076293943,1.8980000019073489,1.829332947731018,1.8626669645309448,1.8626669645309448,15652500,2595.050048828125,2625.219970703125,2588.7099609375,2620.239990234375,2620.239990234375,1675220000
2011-10-14,1.8666670322418213,1.9033329486846924,1.817332983016968,1.8700000047683716,1.8700000047683716,21007500,2655.22998046875,2667.85009765625,2636.0,2667.85009765625,2667.85009765625,1664350000
2011-10-17,1.8573329448699951,1.8666670322418213,1.817332983016968,1.8279999494552612,1.8279999494552612,11317500,2653.320068359375,2658.25,2606.909912109375,2614.919921875,2614.919921875,1675210000
2011-10-18,1.8200000524520872,1.8953330516815183,1.7806669473648071,1.8893330097198489,1.8893330097198489,14995500,2614.050048828125,2667.570068359375,2586.31005859375,2657.429931640625,2657.429931640625,1931690000
2011-10-19,1.868000030517578,1.870666980743408,1.8200000524520872,1.8380000591278076,1.8380000591278076,11893500,2642.889892578125,2651.8798828125,2597.77001953125,2604.0400390625,2604.0400390625,1980180000
2011-10-20,1.829332947731018,1.831333041191101,1.7999999523162842,1.8226670026779177,1.8226670026779177,14995500,2605.419921875,2606.389892578125,2557.169921875,2598.6201171875,2598.6201171875,2040180000
2011-10-21,1.8266669511795044,1.886667013168335,1.8006670475006104,1.8686670064926147,1.8686670064926147,17139000,2630.300048828125,2646.919921875,2611.110107421875,2637.4599609375,2637.4599609375,2019950000
2011-10-24,1.8580000400543213,1.9259999990463257,1.850000023841858,1.9033329486846924,1.9033329486846924,14109000,2644.830078125,2703.070068359375,2643.93994140625,2699.43994140625,2699.43994140625,1884450000
2011-10-25,1.881999969482422,1.924000024795532,1.853332996368408,1.8833329677581787,1.8833329677581787,9816000,2685.860107421875,2685.8798828125,2633.93994140625,2638.419921875,2638.419921875,1777770000
2011-10-26,1.879333019256592,1.891332983970642,1.8266669511795044,1.8653329610824585,1.8653329610824585,7657500,2660.419921875,2666.2900390625,2598.739990234375,2650.669921875,2650.669921875,2118650000
2011-10-27,1.8893330097198489,1.9299999475479128,1.8739999532699585,1.9173330068588257,1.9173330068588257,13041000,2720.590087890625,2753.3701171875,2694.27001953125,2738.6298828125,2738.6298828125,2810680000
2011-10-28,1.899999976158142,2.0,1.8673330545425415,1.9913330078125,1.9913330078125,18960000,2724.030029296875,2742.27001953125,2723.030029296875,2737.14990234375,2737.14990234375,1838530000
2011-10-31,1.9666670560836792,1.96733295917511,1.9166669845581057,1.9579999446868896,1.9579999446868896,17010000,2705.889892578125,2716.699951171875,2684.1298828125,2684.409912109375,2684.409912109375,1772560000
2011-11-01,1.8926670551300049,1.9279999732971191,1.8666670322418213,1.925333023071289,1.925333023071289,9528000,2607.31005859375,2638.60009765625,2597.159912109375,2606.9599609375,2606.9599609375,2294220000
2011-11-02,1.9333330392837524,1.9506670236587524,1.8833329677581787,1.9140000343322752,1.9140000343322752,13129500,2637.56005859375,2648.4599609375,2613.739990234375,2639.97998046875,2639.97998046875,1921790000
2011-11-03,2.0,2.1659998893737793,1.9686670303344729,2.1640000343322754,2.1640000343322754,37645500,2666.2099609375,2699.840087890625,2628.219970703125,2697.969970703125,2697.969970703125,2106240000
2011-11-04,2.0973329544067383,2.1600000858306885,2.0339999198913574,2.1540000438690186,2.1540000438690186,45493500,2678.159912109375,2693.669921875,2655.1201171875,2686.14990234375,2686.14990234375,1930750000
2011-11-07,2.109333038330078,2.1333329677581787,2.049999952316284,2.084666967391968,2.084666967391968,18994500,2683.3798828125,2697.02001953125,2649.06005859375,2695.25,2695.25,1712700000
2011-11-08,2.0913329124450684,2.1333329677581787,2.0480000972747803,2.122667074203491,2.122667074203491,17518500,2712.080078125,2730.389892578125,2680.929931640625,2727.489990234375,2727.489990234375,1850270000
2011-11-09,2.058000087738037,2.0993330478668213,2.0199999809265137,2.058666944503784,2.058666944503784,14305500,2662.56005859375,2672.340087890625,2617.929931640625,2621.64990234375,2621.64990234375,2144160000
2011-11-10,2.062666893005371,2.0999999046325684,2.043333053588867,2.0886669158935547,2.0886669158935547,11209500,2652.010009765625,2652.39990234375,2601.7900390625,2625.14990234375,2625.14990234375,1892390000
2011-11-11,2.126667022705078,2.299999952316284,2.038000106811523,2.2426669597625732,2.2426669597625732,58024500,2653.530029296875,2684.669921875,2649.85009765625,2678.75,2678.75,1602640000
2011-11-14,2.200000047683716,2.236000061035156,2.1746668815612793,2.2146670818328857,2.2146670818328857,19885500,2671.110107421875,2682.1298828125,2647.47998046875,2657.219970703125,2657.219970703125,1401710000
2011-11-15,2.194667100906372,2.293333053588867,2.181999921798706,2.26200008392334,2.26200008392334,13365000,2647.909912109375,2695.8701171875,2644.0,2686.199951171875,2686.199951171875,1706960000
2011-11-16,2.2320001125335693,2.3333330154418945,2.2266669273376465,2.3293330669403076,2.3293330669403076,27498000,2661.090087890625,2688.860107421875,2637.909912109375,2639.610107421875,2639.610107421875,1950030000
2011-11-17,2.299999952316284,2.326667070388794,2.2126669883728027,2.245332956314087,2.245332956314087,20239500,2637.3701171875,2637.47998046875,2576.219970703125,2587.989990234375,2587.989990234375,2197320000
2011-11-18,2.2426669597625732,2.2739999294281006,2.169332981109619,2.173332929611206,2.173332929611206,13542000,2595.02001953125,2595.840087890625,2567.14990234375,2572.5,2572.5,1755360000
2011-11-21,2.1626670360565186,2.1626670360565186,2.069999933242798,2.117332935333252,2.117332935333252,15474000,2535.340087890625,2539.8701171875,2500.889892578125,2523.139892578125,2523.139892578125,2048520000
2011-11-22,2.117332935333252,2.186000108718872,2.069999933242798,2.138000011444092,2.138000011444092,10989000,2517.639892578125,2534.39990234375,2499.18994140625,2521.280029296875,2521.280029296875,1792060000
2011-11-23,2.117332935333252,2.136667013168335,2.0833330154418945,2.0966670513153076,2.0966670513153076,6777000,2501.179931640625,2503.3798828125,2460.080078125,2460.080078125,2460.080078125,1707770000
2011-11-25,2.103332996368408,2.1606669425964355,2.072000026702881,2.1106669902801514,2.1106669902801514,3594000,2453.030029296875,2477.030029296875,2441.47998046875,2441.510009765625,2441.510009765625,691750000
2011-11-28,2.1333329677581787,2.2186670303344727,2.120666980743408,2.1706669330596924,2.1706669330596924,10218000,2509.6298828125,2531.320068359375,2507.719970703125,2527.340087890625,2527.340087890625,1626060000
2011-11-29,2.1659998893737793,2.204667091369629,2.1086668968200684,2.1166670322418213,2.1166670322418213,8866500,2529.110107421875,2542.4599609375,2508.27001953125,2515.510009765625,2515.510009765625,1623550000
2011-11-30,2.1666669845581055,2.1953330039978027,2.1480000019073486,2.182667016983032,2.182667016983032,11404500,2586.389892578125,2620.340087890625,2582.489990234375,2620.340087890625,2620.340087890625,2440960000
2011-12-01,2.171333074569702,2.2660000324249268,2.131999969482422,2.173332929611206,2.173332929611206,15453000,2615.669921875,2636.080078125,2611.47998046875,2626.199951171875,2626.199951171875,1826860000
2011-12-02,2.188667058944702,2.246000051498413,2.1600000858306885,2.2200000286102295,2.2200000286102295,12042000,2650.800048828125,2659.22998046875,2625.070068359375,2626.929931640625,2626.929931640625,1662730000
2011-12-05,2.23533296585083,2.3333330154418945,2.2286670207977295,2.2946670055389404,2.2946670055389404,17401500,2666.469970703125,2674.530029296875,2641.590087890625,2655.760009765625,2655.760009765625,1686660000
2011-12-06,2.2799999713897705,2.3320000171661377,2.268666982650757,2.324666976928711,2.324666976928711,14277000,2655.02001953125,2663.6298828125,2639.179931640625,2649.56005859375,2649.56005859375,1491130000
2011-12-07,2.308666944503784,2.325999975204468,2.25333309173584,2.279333114624023,2.279333114624023,10114500,2638.610107421875,2660.239990234375,2612.800048828125,2649.2099609375,2649.2099609375,1658010000
2011-12-08,2.055999994277954,2.109999895095825,1.9739999771118164,2.059333086013794,2.059333086013794,49587000,2633.300048828125,2645.919921875,2592.550048828125,2596.3798828125,2596.3798828125,1845640000
2011-12-09,2.0360000133514404,2.074666976928711,2.018666982650757,2.069333076477051,2.069333076477051,18592500,2603.179931640625,2653.4599609375,2603.179931640625,2646.85009765625,2646.85009765625,1664710000
2011-12-12,2.029333114624023,2.041332960128784,2.001332998275757,2.0273330211639404,2.0273330211639404,11380500,2617.320068359375,2617.320068359375,2591.419921875,2612.260009765625,2612.260009765625,1572600000
2011-12-13,2.038000106811523,2.062000036239624,1.9273329973220823,1.963333010673523,1.963333010673523,14911500,2629.669921875,2639.739990234375,2568.43994140625,2579.27001953125,2579.27001953125,1752320000
2011-12-14,1.9666670560836792,1.9786670207977295,1.8666670322418213,1.9019999504089355,1.9019999504089355,17458500,2566.2099609375,2568.43994140625,2525.8798828125,2539.31005859375,2539.31005859375,1793960000
2011-12-15,1.911332964897156,1.9446669816970823,1.874667048454285,1.9079999923706057,1.9079999923706057,10504500,2565.929931640625,2565.93994140625,2536.580078125,2541.010009765625,2541.010009765625,1748400000
2011-12-16,1.9193329811096191,1.928666949272156,1.8653329610824585,1.8666670322418213,1.8666670322418213,15445500,2554.6201171875,2585.419921875,2548.0,2555.330078125,2555.330078125,2664690000
2011-12-19,1.8726669549942017,1.899999976158142,1.824666976928711,1.850000023841858,1.850000023841858,14805000,2564.070068359375,2570.64990234375,2518.010009765625,2523.139892578125,2523.139892578125,1560110000
2011-12-20,1.8700000047683716,1.896667003631592,1.8480000495910645,1.8600000143051147,1.8600000143051147,12649500,2567.25,2604.52001953125,2566.8701171875,2603.72998046875,2603.72998046875,1835720000
2011-12-21,1.8606669902801511,1.8713330030441284,1.73533296585083,1.8380000591278076,1.8380000591278076,25582500,2589.77001953125,2590.610107421875,2544.659912109375,2577.969970703125,2577.969970703125,1853710000
2011-12-22,1.840000033378601,1.8700000047683716,1.8200000524520872,1.8513330221176147,1.8513330221176147,15141000,2584.330078125,2601.989990234375,2581.919921875,2599.449951171875,2599.449951171875,1515610000
2011-12-23,1.8666670322418213,1.8666670322418213,1.834666967391968,1.8600000143051147,1.8600000143051147,8871000,2607.429931640625,2618.840087890625,2599.889892578125,2618.639892578125,2618.639892578125,960940000
2011-12-27,1.843999981880188,1.9179999828338623,1.8426669836044312,1.9046670198440552,1.9046670198440552,11662500,2613.510009765625,2633.340087890625,2610.77001953125,2625.199951171875,2625.199951171875,945590000
2011-12-28,1.932667016983032,1.9493329524993896,1.869333028793335,1.9006669521331787,1.9006669521331787,8628000,2626.18994140625,2626.340087890625,2586.85009765625,2589.97998046875,2589.97998046875,1069930000
2011-12-29,1.906000018119812,1.955999970436096,1.9033329486846924,1.915333032608032,1.915333032608032,7323000,2596.330078125,2614.8701171875,2593.0400390625,2613.739990234375,2613.739990234375,1011380000
2011-12-30,1.8993330001831057,1.9320000410079956,1.8833329677581787,1.9040000438690183,1.9040000438690183,5097000,2610.22998046875,2616.4599609375,2604.60009765625,2605.14990234375,2605.14990234375,1056790000
2012-01-03,1.929332971572876,1.9666670560836792,1.8433330059051511,1.871999979019165,1.871999979019165,13921500,2657.389892578125,2665.89990234375,2641.97998046875,2648.719970703125,2648.719970703125,1636850000
2012-01-04,1.880666971206665,1.911332964897156,1.8333330154418943,1.8473329544067385,1.8473329544067385,9451500,2639.89990234375,2653.179931640625,2627.22998046875,2648.360107421875,2648.360107421875,1670530000
2012-01-05,1.8506669998168943,1.861999988555908,1.7899999618530271,1.8079999685287476,1.8079999685287476,15082500,2642.570068359375,2673.56005859375,2631.22998046875,2669.860107421875,2669.860107421875,1836410000
2012-01-06,1.8133330345153809,1.852666974067688,1.7606669664382937,1.7940000295639038,1.7940000295639038,14794500,2671.169921875,2682.1201171875,2658.830078125,2674.219970703125,2674.219970703125,1683090000
2012-01-09,1.7999999523162842,1.8326669931411743,1.7413330078125,1.8166669607162476,1.8166669607162476,13455000,2682.97998046875,2683.780029296875,2662.9599609375,2676.56005859375,2676.56005859375,1768080000
2012-01-10,1.829332947731018,1.8506669998168943,1.8166669607162476,1.841333031654358,1.841333031654358,10077000,2704.419921875,2712.5,2694.330078125,2702.5,2702.5,1809500000
2012-01-11,1.841333031654358,1.8919999599456787,1.8200000524520872,1.881999969482422,1.881999969482422,10084500,2695.77001953125,2714.2900390625,2690.72998046875,2710.760009765625,2710.760009765625,1699660000
2012-01-12,1.8986669778823853,1.9079999923706057,1.8539999723434448,1.8833329677581787,1.8833329677581787,10939500,2716.8701171875,2726.429931640625,2697.320068359375,2724.699951171875,2724.699951171875,1669550000
2012-01-13,1.8933329582214355,1.899999976158142,1.5093330144882202,1.519333004951477,1.519333004951477,82506000,2707.409912109375,2712.929931640625,2689.580078125,2710.669921875,2710.669921875,1655960000
2012-01-17,1.7746670246124268,1.8226670026779177,1.7606669664382937,1.773332953453064,1.773332953453064,69774000,2736.340087890625,2742.72998046875,2721.030029296875,2728.080078125,2728.080078125,1664210000
2012-01-18,1.779332995414734,1.7920000553131104,1.75,1.7873330116271973,1.7873330116271973,18903000,2731.159912109375,2769.7099609375,2730.050048828125,2769.7099609375,2769.7099609375,1968940000
2012-01-19,1.8126670122146609,1.8493330478668213,1.77400004863739,1.784000039100647,1.784000039100647,18694500,2779.739990234375,2793.35009765625,2777.169921875,2788.330078125,2788.330078125,1959950000
2012-01-20,1.7933330535888672,1.7999999523162842,1.7599999904632568,1.773332953453064,1.773332953453064,9934500,2776.0400390625,2787.199951171875,2775.8701171875,2786.699951171875,2786.699951171875,1949660000
2012-01-23,1.7873330116271973,1.8140000104904177,1.773332953453064,1.7846670150756836,1.7846670150756836,8919000,2786.2099609375,2804.989990234375,2769.820068359375,2784.169921875,2784.169921875,1652940000
2012-01-24,1.775333046913147,1.8453329801559448,1.762666940689087,1.8279999494552612,1.8279999494552612,12870000,2771.580078125,2788.3798828125,2766.340087890625,2786.639892578125,2786.639892578125,1620690000
2012-01-25,1.8179999589920044,1.8673330545425415,1.803333044052124,1.864667057991028,1.864667057991028,9168000,2803.22998046875,2822.7900390625,2788.949951171875,2818.31005859375,2818.31005859375,1918040000
2012-01-26,1.8713330030441284,1.972000002861023,1.8666670322418213,1.929332971572876,1.929332971572876,19066500,2828.780029296875,2834.300048828125,2794.780029296875,2805.280029296875,2805.280029296875,1998970000
2012-01-27,1.899999976158142,1.9813330173492432,1.899999976158142,1.9553329944610596,1.9553329944610596,11226000,2797.659912109375,2821.550048828125,2797.239990234375,2816.550048828125,2816.550048828125,1707350000
2012-01-30,1.965999960899353,1.9739999771118164,1.9019999504089355,1.9713330268859863,1.9713330268859863,10935000,2790.39990234375,2816.85009765625,2782.43994140625,2811.93994140625,2811.93994140625,1668970000
2012-01-31,1.9933329820632937,2.0,1.9246670007705688,1.937999963760376,1.937999963760376,14346000,2825.760009765625,2830.449951171875,2798.77001953125,2813.840087890625,2813.840087890625,1786550000
2012-02-01,1.937999963760376,1.9800000190734863,1.9333330392837524,1.972000002861023,1.972000002861023,7848000,2830.10009765625,2855.72998046875,2825.18994140625,2848.27001953125,2848.27001953125,2125720000
2012-02-02,1.9813330173492432,2.058666944503784,1.9739999771118164,2.016666889190674,2.016666889190674,12085500,2854.10009765625,2868.22998046875,2849.39990234375,2859.679931640625,2859.679931640625,1913430000
2012-02-03,2.0273330211639404,2.0886669158935547,2.016666889190674,2.076667070388794,2.076667070388794,11467500,2888.949951171875,2908.1298828125,2885.840087890625,2905.659912109375,2905.659912109375,2152890000
2012-02-06,2.0733330249786377,2.126667022705078,2.069999933242798,2.119999885559082,2.119999885559082,9781500,2892.52001953125,2903.030029296875,2887.330078125,2901.989990234375,2901.989990234375,1684490000
2012-02-07,2.119999885559082,2.119999885559082,2.0546669960021973,2.1066670417785645,2.1066670417785645,15324000,2895.909912109375,2910.27001953125,2885.169921875,2904.080078125,2904.080078125,1784580000
2012-02-08,2.1066670417785645,2.134000062942505,2.0859999656677246,2.128667116165161,2.128667116165161,9355500,2906.590087890625,2918.260009765625,2892.7099609375,2915.860107421875,2915.860107421875,1981150000
2012-02-09,2.1333329677581787,2.1933329105377197,2.0953330993652344,2.171999931335449,2.171999931335449,19156500,2922.4599609375,2930.679931640625,2904.510009765625,2927.22998046875,2927.22998046875,2153090000
2012-02-10,2.1506669521331787,2.1513330936431885,1.9893330335617063,2.0733330249786377,2.0733330249786377,28113000,2902.0,2910.97998046875,2895.10009765625,2903.8798828125,2903.8798828125,1787640000
2012-02-13,2.103332996368408,2.1373329162597656,2.059999942779541,2.0993330478668213,2.0993330478668213,17368500,2926.2099609375,2933.929931640625,2913.889892578125,2931.389892578125,2931.389892578125,1619980000
2012-02-14,2.115999937057495,2.25266695022583,2.0933330059051514,2.2113330364227295,2.2113330364227295,27162000,2921.699951171875,2932.080078125,2911.60009765625,2931.830078125,2931.830078125,1881630000
2012-02-15,2.206666946411133,2.2939999103546143,2.1513330936431885,2.240000009536743,2.240000009536743,41427000,2943.419921875,2958.18994140625,2911.330078125,2915.830078125,2915.830078125,2038980000
2012-02-16,2.233333110809326,2.3006670475006104,2.169332981109619,2.2786669731140137,2.2786669731140137,33295500,2915.669921875,2961.3798828125,2912.719970703125,2959.85009765625,2959.85009765625,1945230000
2012-02-17,2.2660000324249268,2.3313329219818115,2.233333110809326,2.3313329219818115,2.3313329219818115,20650500,2958.219970703125,2962.780029296875,2941.550048828125,2951.780029296875,2951.780029296875,1973900000
2012-02-21,2.324666976928711,2.324666976928711,2.253999948501587,2.299999952316284,2.299999952316284,17037000,2957.300048828125,2965.050048828125,2934.070068359375,2948.570068359375,2948.570068359375,1821540000
2012-02-22,2.299999952316284,2.314666986465454,2.1666669845581055,2.2813329696655273,2.2813329696655273,24819000,2942.77001953125,2950.3701171875,2929.679931640625,2933.169921875,2933.169921875,1706310000
2012-02-23,2.2660000324249268,2.3313329219818115,2.237333059310913,2.302000045776367,2.302000045776367,12306000,2933.159912109375,2958.419921875,2922.9599609375,2956.97998046875,2956.97998046875,1768390000
2012-02-24,2.2820000648498535,2.301332950592041,2.2179999351501465,2.25,2.25,14398500,2963.1298828125,2970.8798828125,2958.820068359375,2963.75,2963.75,1643180000
2012-02-27,2.227333068847656,2.266666889190674,2.200000047683716,2.2413330078125,2.2413330078125,9090000,2945.8701171875,2976.080078125,2933.300048828125,2966.159912109375,2966.159912109375,1763650000
2012-02-28,2.2426669597625732,2.2960000038146973,2.2113330364227295,2.253999948501587,2.253999948501587,9183000,2969.25,2988.590087890625,2966.610107421875,2986.760009765625,2986.760009765625,1812490000
2012-02-29,2.253999948501587,2.2746670246124268,2.2093329429626465,2.227333068847656,2.227333068847656,8035500,2991.669921875,3000.110107421875,2961.77001953125,2966.889892578125,2966.889892578125,2170190000
2012-03-01,2.2339999675750732,2.299999952316284,2.220666885375977,2.2939999103546143,2.2939999103546143,10552500,2979.110107421875,2996.3701171875,2974.590087890625,2988.969970703125,2988.969970703125,1903690000
2012-03-02,2.293333053588867,2.299999952316284,2.24733304977417,2.2693328857421875,2.2693328857421875,8250000,2986.080078125,2995.969970703125,2968.0,2976.18994140625,2976.18994140625,1755130000
2012-03-05,2.2899999618530273,2.293333053588867,2.2306671142578125,2.251332998275757,2.251332998275757,7005000,2969.72998046875,2973.929931640625,2940.52001953125,2950.47998046875,2950.47998046875,1679030000
2012-03-06,2.2166669368743896,2.2186670303344727,2.1746668815612793,2.2073330879211426,2.2073330879211426,8607000,2917.52001953125,2921.77001953125,2900.280029296875,2910.320068359375,2910.320068359375,1870720000
2012-03-07,2.2079999446868896,2.220666885375977,2.194000005722046,2.2079999446868896,2.2079999446868896,5473500,2922.570068359375,2940.280029296875,2920.5400390625,2935.68994140625,2935.68994140625,1589360000
2012-03-08,2.2073330879211426,2.2326669692993164,2.202666997909546,2.204667091369629,2.204667091369629,9499500,2954.39990234375,2976.050048828125,2945.72998046875,2970.419921875,2970.419921875,1619740000
2012-03-09,2.2133328914642334,2.3540000915527344,2.2133328914642334,2.315999984741211,2.315999984741211,23301000,2975.090087890625,2993.97998046875,2973.9599609375,2988.340087890625,2988.340087890625,1580560000
2012-03-12,2.312666893005371,2.419332981109619,2.3066670894622803,2.4006669521331787,2.4006669521331787,29449500,2989.050048828125,2994.10009765625,2973.64990234375,2983.659912109375,2983.659912109375,1341660000
2012-03-13,2.434000015258789,2.439332962036133,2.3666670322418213,2.4059998989105225,2.4059998989105225,15024000,3003.7099609375,3039.889892578125,2996.4599609375,3039.8798828125,3039.8798828125,1709900000
2012-03-14,2.4000000953674316,2.4000000953674316,2.319999933242798,2.3526670932769775,2.3526670932769775,12772500,3042.2099609375,3051.3701171875,3024.72998046875,3040.72998046875,3040.72998046875,1662300000
2012-03-15,2.3519999980926514,2.365333080291748,2.318666934967041,2.3333330154418945,2.3333330154418945,8574000,3048.580078125,3059.81005859375,3037.820068359375,3056.3701171875,3056.3701171875,1677540000
2012-03-16,2.326667070388794,2.392667055130005,2.322000026702881,2.3546669483184814,2.3546669483184814,10939500,3058.489990234375,3060.820068359375,3047.68994140625,3055.260009765625,3055.260009765625,2088610000
2012-03-19,2.3506669998168945,2.3546669483184814,2.3026669025421143,2.3320000171661377,2.3320000171661377,15234000,3057.239990234375,3087.10009765625,3050.889892578125,3078.320068359375,3078.320068359375,1548400000
2012-03-20,2.3320000171661377,2.3466670513153076,2.3046669960021973,2.330667018890381,2.330667018890381,8505000,3060.929931640625,3078.719970703125,3050.820068359375,3074.14990234375,3074.14990234375,1508580000
2012-03-21,2.3293330669403076,2.353332996368408,2.3066670894622803,2.3433330059051514,2.3433330059051514,9108000,3077.43994140625,3090.080078125,3069.090087890625,3075.320068359375,3075.320068359375,1552400000
2012-03-22,2.3313329219818115,2.3433330059051514,2.2866671085357666,2.293333053588867,2.293333053588867,7836000,3055.0,3068.5,3050.699951171875,3063.320068359375,3063.320068359375,1524800000
2012-03-23,2.2839999198913574,2.308666944503784,2.2100000381469727,2.2720000743865967,2.2720000743865967,17559000,3066.3701171875,3070.929931640625,3044.669921875,3067.919921875,3067.919921875,1428940000
2012-03-26,2.372667074203491,2.5393331050872803,2.3359999656677246,2.493333101272583,2.493333101272583,47107500,3090.52001953125,3122.570068359375,3090.050048828125,3122.570068359375,3122.570068359375,1627520000
2012-03-27,2.477333068847656,2.663332939147949,2.4686670303344727,2.529333114624023,2.529333114624023,38088000,3124.06005859375,3134.169921875,3119.030029296875,3120.35009765625,3120.35009765625,1662460000
2012-03-28,2.518666982650757,2.562666893005371,2.4739999771118164,2.5233330726623535,2.5233330726623535,14325000,3123.840087890625,3130.56005859375,3086.929931640625,3104.9599609375,3104.9599609375,1765680000
2012-03-29,2.5460000038146973,2.5460000038146973,2.4686670303344727,2.4886670112609863,2.4886670112609863,11946000,3087.25,3099.800048828125,3069.81005859375,3095.360107421875,3095.360107421875,1756160000
2012-03-30,2.501332998275757,2.529333114624023,2.4453330039978027,2.4826669692993164,2.4826669692993164,13296000,3110.969970703125,3111.550048828125,3079.050048828125,3091.570068359375,3091.570068359375,1833130000
2012-04-02,2.4886670112609863,2.5313329696655273,2.435333013534546,2.438667058944702,2.438667058944702,15429000,3085.93994140625,3123.030029296875,3079.780029296875,3119.699951171875,3119.699951171875,1768210000
2012-04-03,2.446666955947876,2.564666986465454,2.444667100906372,2.5339999198913574,2.5339999198913574,16471500,3119.64990234375,3128.25,3097.409912109375,3113.570068359375,3113.570068359375,1804950000
2012-04-04,2.351332902908325,2.365999937057495,2.312666893005371,2.3333330154418945,2.3333330154418945,67227000,3085.4599609375,3086.35009765625,3052.580078125,3068.090087890625,3068.090087890625,1813150000
2012-04-05,2.3399999141693115,2.3626670837402344,2.2939999103546143,2.2986669540405273,2.2986669540405273,22641000,3061.75,3083.3798828125,3061.139892578125,3080.5,3080.5,1548040000
2012-04-09,2.2733330726623535,2.2860000133514404,2.206666946411133,2.2100000381469727,2.2100000381469727,24835500,3037.280029296875,3058.760009765625,3032.219970703125,3047.080078125,3047.080078125,1371140000
2012-04-10,2.2100000381469727,2.256666898727417,2.140000104904175,2.1640000343322754,2.1640000343322754,27715500,3044.669921875,3055.199951171875,2987.0,2991.219970703125,2991.219970703125,1953600000
2012-04-11,2.2160000801086426,2.2193329334259033,2.134000062942505,2.2060000896453857,2.2060000896453857,16582500,3020.14990234375,3030.510009765625,3008.75,3016.4599609375,3016.4599609375,1540890000
2012-04-12,2.251332998275757,2.2986669540405273,2.194667100906372,2.22933292388916,2.22933292388916,15508500,3023.110107421875,3059.260009765625,3020.43994140625,3055.550048828125,3055.550048828125,1480340000
2012-04-13,2.262666940689087,2.2693328857421875,2.190000057220459,2.239332914352417,2.239332914352417,9744000,3045.080078125,3045.419921875,3010.77001953125,3011.330078125,3011.330078125,1483850000
2012-04-16,2.227333068847656,2.24666690826416,2.1393330097198486,2.1500000953674316,2.1500000953674316,16494000,3027.570068359375,3027.570068359375,2975.8701171875,2988.39990234375,2988.39990234375,1594320000
2012-04-17,2.1619999408721924,2.204667091369629,2.135999917984009,2.1493330001831055,2.1493330001831055,16732500,3002.02001953125,3052.760009765625,2999.489990234375,3042.820068359375,3042.820068359375,1555070000
2012-04-18,2.1393330097198486,2.183332920074463,2.1019999980926514,2.177333116531372,2.177333116531372,12346500,3031.820068359375,3045.0400390625,3023.909912109375,3031.449951171875,3031.449951171875,1599470000
2012-04-19,2.183332920074463,2.2286670207977295,2.1666669845581055,2.2106668949127197,2.2106668949127197,11623500,3028.199951171875,3058.719970703125,2994.93994140625,3007.56005859375,3007.56005859375,1991120000
2012-04-20,2.2093329429626465,2.248667001724243,2.196000099182129,2.2106668949127197,2.2106668949127197,12327000,3023.72998046875,3034.68994140625,2999.010009765625,3000.449951171875,3000.449951171875,1935880000
2012-04-23,2.190666913986206,2.197999954223633,2.114000082015991,2.129333019256592,2.129333019256592,13362000,2969.0,2973.3798828125,2946.0400390625,2970.449951171875,2970.449951171875,1767360000
2012-04-24,2.121332883834839,2.146667003631592,2.066667079925537,2.121332883834839,2.121332883834839,10117500,2967.3701171875,2979.080078125,2950.3798828125,2961.60009765625,2961.60009765625,1690840000
2012-04-25,2.138000011444092,2.1993329524993896,2.138000011444092,2.194000005722046,2.194000005722046,10683000,3013.64990234375,3031.409912109375,3010.570068359375,3029.6298828125,3029.6298828125,1721330000
2012-04-26,2.1973330974578857,2.2346670627593994,2.194000005722046,2.2326669692993164,2.2326669692993164,6379500,3029.6201171875,3056.77001953125,3027.7900390625,3050.610107421875,3050.610107421875,1763510000
2012-04-27,2.240000009536743,2.242000102996826,2.194000005722046,2.2226669788360596,2.2226669788360596,8865000,3060.340087890625,3076.43994140625,3043.300048828125,3069.199951171875,3069.199951171875,1777750000
2012-04-30,2.2179999351501465,2.2239999771118164,2.171999931335449,2.208667039871216,2.208667039871216,6208500,3060.06005859375,3063.659912109375,3043.25,3046.360107421875,3046.360107421875,1633170000
2012-05-01,2.208667039871216,2.2806670665740967,2.208667039871216,2.252000093460083,2.252000093460083,9885000,3044.7900390625,3085.39990234375,3041.6201171875,3050.43994140625,3050.43994140625,1854230000
2012-05-02,2.233333110809326,2.2926669120788574,2.2260000705718994,2.262666940689087,2.262666940689087,7459500,3035.070068359375,3061.469970703125,3028.93994140625,3059.85009765625,3059.85009765625,1825190000
2012-05-03,2.260667085647583,2.266666889190674,2.1419999599456787,2.1640000343322754,2.1640000343322754,12619500,3061.1298828125,3061.3798828125,3016.199951171875,3024.300048828125,3024.300048828125,1869130000
2012-05-04,2.1546669006347656,2.1640000343322754,2.0933330059051514,2.121999979019165,2.121999979019165,18712500,3001.14990234375,3001.47998046875,2956.340087890625,2956.340087890625,2956.340087890625,1944010000
2012-05-07,2.130666971206665,2.171999931335449,2.107332944869995,2.1646668910980225,2.1646668910980225,17370000,2940.409912109375,2970.199951171875,2939.2099609375,2957.760009765625,2957.760009765625,1740430000
2012-05-08,2.1666669845581055,2.181999921798706,1.9579999446868896,2.012666940689087,2.012666940689087,46458000,2939.360107421875,2952.64990234375,2900.06005859375,2946.27001953125,2946.27001953125,2175840000
2012-05-09,2.0199999809265137,2.051332950592041,1.9839999675750732,2.003999948501587,2.003999948501587,29218500,2912.409912109375,2948.77001953125,2900.179931640625,2934.7099609375,2934.7099609375,2047090000
2012-05-10,2.197999954223633,2.312000036239624,2.1600000858306885,2.1973330974578857,2.1973330974578857,83344500,2950.2099609375,2950.2099609375,2923.139892578125,2933.639892578125,2933.639892578125,2004150000
2012-05-11,2.1659998893737793,2.22933292388916,2.1440000534057617,2.1500000953674316,2.1500000953674316,18319500,2919.35009765625,2960.3798828125,2918.739990234375,2933.820068359375,2933.820068359375,1735380000
2012-05-14,2.128000020980835,2.1419999599456787,2.00333309173584,2.003999948501587,2.003999948501587,20713500,2907.780029296875,2924.889892578125,2898.89990234375,2902.580078125,2902.580078125,1683460000
2012-05-15,2.0173330307006836,2.063999891281128,1.9479999542236328,1.962000012397766,1.962000012397766,23785500,2902.300048828125,2930.679931640625,2889.389892578125,2893.760009765625,2893.760009765625,1826210000
2012-05-16,1.972000002861023,2.01200008392334,1.925333023071289,1.9453330039978027,1.9453330039978027,18856500,2904.669921875,2913.89990234375,2872.25,2874.0400390625,2874.0400390625,1933900000
2012-05-17,1.953333020210266,1.9859999418258667,1.8826669454574585,1.9046670198440552,1.9046670198440552,17235000,2874.7099609375,2879.219970703125,2813.68994140625,2813.68994140625,2813.68994140625,2016980000
2012-05-18,1.891332983970642,1.897333025932312,1.7886669635772705,1.8373329639434817,1.8373329639434817,24247500,2814.429931640625,2827.280029296875,2774.449951171875,2778.7900390625,2778.7900390625,2692450000
2012-05-21,1.838667035102844,1.9506670236587524,1.8079999685287476,1.9179999828338623,1.9179999828338623,22128000,2782.550048828125,2848.830078125,2774.760009765625,2847.2099609375,2847.2099609375,1870420000
2012-05-22,2.006666898727417,2.0893330574035645,2.0,2.053333044052124,2.053333044052124,35493000,2853.8701171875,2867.340087890625,2823.219970703125,2839.080078125,2839.080078125,1861850000
2012-05-23,2.0373330116271973,2.069999933242798,1.9666670560836792,2.068000078201294,2.068000078201294,18306000,2832.169921875,2855.35009765625,2795.5,2850.1201171875,2850.1201171875,1929640000
2012-05-24,2.0833330154418945,2.0833330154418945,1.9793330430984497,2.018666982650757,2.018666982650757,16134000,2856.550048828125,2858.239990234375,2817.6201171875,2839.3798828125,2839.3798828125,1750290000
2012-05-25,2.010667085647583,2.0273330211639404,1.946666955947876,1.987333059310913,1.987333059310913,11355000,2839.739990234375,2846.31005859375,2829.760009765625,2837.530029296875,2837.530029296875,1282680000
2012-05-29,2.000667095184326,2.128667116165161,2.000667095184326,2.1126670837402344,2.1126670837402344,24750000,2853.27001953125,2882.830078125,2846.679931640625,2870.989990234375,2870.989990234375,221430000
2012-05-30,2.072000026702881,2.0946669578552246,2.0160000324249268,2.0273330211639404,2.0273330211639404,19608000,2847.27001953125,2847.27001953125,2825.639892578125,2837.360107421875,2837.360107421875,1671040000
2012-05-31,2.004667043685913,2.0193328857421875,1.9166669845581057,1.9666670560836792,1.9666670560836792,16780500,2837.3701171875,2842.429931640625,2801.9599609375,2827.340087890625,2827.340087890625,2180130000
2012-06-01,1.9019999504089355,1.944000005722046,1.8506669998168943,1.876667022705078,1.876667022705078,13287000,2810.1298828125,2810.1298828125,2747.239990234375,2747.47998046875,2747.47998046875,1966370000
2012-06-04,1.8686670064926147,1.8940000534057615,1.807332992553711,1.858667016029358,1.858667016029358,15463500,2747.610107421875,2769.929931640625,2726.679931640625,2760.010009765625,2760.010009765625,1755750000
2012-06-05,1.8559999465942385,1.8926670551300049,1.8373329639434817,1.8606669902801511,1.8606669902801511,9463500,2749.35009765625,2781.969970703125,2749.340087890625,2778.110107421875,2778.110107421875,1625600000
2012-06-06,1.8799999952316284,1.963333010673523,1.8760000467300415,1.9479999542236328,1.9479999542236328,13648500,2796.22998046875,2844.719970703125,2796.22998046875,2844.719970703125,2844.719970703125,1761050000
2012-06-07,1.987333059310913,1.9913330078125,1.9233330488204956,1.928666949272156,1.928666949272156,7381500,2872.050048828125,2873.590087890625,2827.820068359375,2831.02001953125,2831.02001953125,1655370000
2012-06-08,1.924000024795532,2.012666940689087,1.876667022705078,2.005332946777344,2.005332946777344,13216500,2823.820068359375,2860.93994140625,2814.800048828125,2858.419921875,2858.419921875,1390260000
2012-06-11,2.02066707611084,2.066667079925537,1.9306670427322388,1.941333055496216,1.941333055496216,9540000,2882.489990234375,2882.9599609375,2806.89990234375,2809.72998046875,2809.72998046875,1480220000
2012-06-12,1.948667049407959,1.9893330335617063,1.920667052268982,1.9773329496383667,1.9773329496383667,8535000,2815.840087890625,2843.669921875,2802.3798828125,2843.070068359375,2843.070068359375,1594310000
2012-06-13,1.9700000286102295,2.0426669120788574,1.964666962623596,1.98466694355011,1.98466694355011,12661500,2838.1201171875,2853.169921875,2810.590087890625,2818.610107421875,2818.610107421875,1602080000
2012-06-14,2.01200008392334,2.043333053588867,1.9079999923706057,1.9593329429626465,1.9593329429626465,13083000,2820.6298828125,2842.31005859375,2807.550048828125,2836.330078125,2836.330078125,1633370000
2012-06-15,1.9593329429626465,1.9966670274734497,1.920667052268982,1.99399995803833,1.99399995803833,9702000,2839.39990234375,2874.3798828125,2837.93994140625,2872.800048828125,2872.800048828125,2020100000
2012-06-18,1.996000051498413,2.1553330421447754,1.9666670560836792,2.122667074203491,2.122667074203491,18852000,2872.489990234375,2903.030029296875,2853.860107421875,2895.330078125,2895.330078125,1586190000
2012-06-19,2.134666919708252,2.177333116531372,2.0999999046325684,2.1393330097198486,2.1393330097198486,13666500,2909.8701171875,2940.22998046875,2908.449951171875,2929.760009765625,2929.760009765625,1835480000
2012-06-20,2.233333110809326,2.299999952316284,2.2139999866485596,2.252000093460083,2.252000093460083,51336000,2932.9599609375,2942.280029296875,2910.0,2930.449951171875,2930.449951171875,1563080000
2012-06-21,2.2839999198913574,2.2853329181671143,2.122667074203491,2.1459999084472656,2.1459999084472656,28378500,2929.14990234375,2930.929931640625,2857.10009765625,2859.090087890625,2859.090087890625,1822200000
2012-06-22,2.173332929611206,2.2653329372406006,2.1640000343322754,2.25266695022583,2.25266695022583,45699000,2866.169921875,2894.35009765625,2863.929931640625,2892.419921875,2892.419921875,3544010000
2012-06-25,2.262666940689087,2.2746670246124268,2.183332920074463,2.2073330879211426,2.2073330879211426,22477500,2863.889892578125,2863.889892578125,2829.22998046875,2836.159912109375,2836.159912109375,1514430000
2012-06-26,2.136667013168335,2.1566669940948486,2.0926671028137207,2.107332944869995,2.107332944869995,39208500,2845.39990234375,2862.14990234375,2832.02001953125,2854.06005859375,2854.06005859375,1623160000
2012-06-27,2.126667022705078,2.163332939147949,2.1046669483184814,2.130666971206665,2.130666971206665,15708000,2862.1298828125,2882.39990234375,2860.1298828125,2875.320068359375,2875.320068359375,1668580000
2012-06-28,2.126667022705078,2.140666961669922,2.041332960128784,2.0940001010894775,2.0940001010894775,13711500,2853.889892578125,2855.739990234375,2818.18994140625,2849.489990234375,2849.489990234375,1795850000
2012-06-29,2.186666965484619,2.186666965484619,2.066667079925537,2.0859999656677246,2.0859999656677246,16887000,2902.43994140625,2935.1298828125,2895.60009765625,2935.050048828125,2935.050048828125,2021190000
2012-07-02,2.0899999141693115,2.119999885559082,2.012666940689087,2.0266671180725098,2.0266671180725098,19734000,2938.409912109375,2951.22998046875,2925.7099609375,2951.22998046875,2951.22998046875,1845240000
2012-07-03,2.0399999618530273,2.066667079925537,2.0266671180725098,2.0439999103546143,2.0439999103546143,14205000,2950.81005859375,2976.080078125,2948.39990234375,2976.080078125,2976.080078125,1009330000
2012-07-05,2.053999900817871,2.111332893371582,2.053333044052124,2.0820000171661377,2.0820000171661377,18807000,2970.3701171875,2987.93994140625,2958.300048828125,2976.1201171875,2976.1201171875,1423990000
2012-07-06,2.065999984741211,2.115333080291748,2.053333044052124,2.065999984741211,2.065999984741211,11767500,2955.199951171875,2957.5,2921.3701171875,2937.330078125,2937.330078125,1437420000
2012-07-09,2.062666893005371,2.121999979019165,2.0446670055389404,2.0993330478668213,2.0993330478668213,13657500,2934.489990234375,2942.989990234375,2919.0400390625,2931.77001953125,2931.77001953125,1455500000
2012-07-10,2.1026670932769775,2.165333032608032,2.059333086013794,2.084666967391968,2.084666967391968,11376000,2945.35009765625,2953.469970703125,2891.419921875,2902.330078125,2902.330078125,1725730000
2012-07-11,2.1046669483184814,2.111999988555908,2.067332983016968,2.1006669998168945,2.1006669998168945,9579000,2898.77001953125,2905.510009765625,2866.530029296875,2887.97998046875,2887.97998046875,1635120000
2012-07-12,2.0859999656677246,2.200666904449463,2.053333044052124,2.180000066757202,2.180000066757202,16885500,2867.080078125,2876.320068359375,2837.719970703125,2866.18994140625,2866.18994140625,1719460000
2012-07-13,2.197999954223633,2.293333053588867,2.188667058944702,2.2833330631256104,2.2833330631256104,19572000,2874.06005859375,2913.280029296875,2873.389892578125,2908.469970703125,2908.469970703125,1373620000
2012-07-16,2.288000106811523,2.4000000953674316,2.259999990463257,2.3973329067230225,2.3973329067230225,26160000,2903.030029296875,2910.199951171875,2888.010009765625,2896.93994140625,2896.93994140625,1414470000
2012-07-17,2.3333330154418945,2.3473329544067383,2.1586670875549316,2.2233328819274902,2.2233328819274902,38539500,2911.4599609375,2916.610107421875,2871.64990234375,2910.0400390625,2910.0400390625,1774160000
2012-07-18,2.0946669578552246,2.244667053222656,2.070667028427124,2.1433329582214355,2.1433329582214355,43228500,2904.239990234375,2951.300048828125,2902.949951171875,2942.60009765625,2942.60009765625,1817040000
2012-07-19,2.181333065032959,2.2100000381469727,2.135999917984009,2.1513330936431885,2.1513330936431885,21538500,2961.7099609375,2976.219970703125,2952.419921875,2965.89990234375,2965.89990234375,1735920000
2012-07-20,2.138000011444092,2.1500000953674316,2.0833330154418945,2.119333028793335,2.119333028793335,23527500,2957.02001953125,2957.02001953125,2925.300048828125,2925.300048828125,2925.300048828125,1810420000
2012-07-23,2.069999933242798,2.086667060852051,2.041332960128784,2.0439999103546143,2.0439999103546143,20802000,2877.510009765625,2898.050048828125,2852.8798828125,2890.14990234375,2890.14990234375,1607140000
2012-07-24,2.0439999103546143,2.069333076477051,1.974666953086853,1.9893330335617063,1.9893330335617063,22504500,2894.949951171875,2896.56005859375,2847.219970703125,2862.989990234375,2862.989990234375,1748410000
2012-07-25,1.994667053222656,1.9986670017242432,1.9166669845581057,1.9299999475479128,1.9299999475479128,42633000,2856.780029296875,2870.219970703125,2839.760009765625,2854.239990234375,2854.239990234375,1784150000
2012-07-26,1.9933329820632937,2.0,1.8426669836044312,1.875332951545715,1.875332951545715,33934500,2896.679931640625,2905.570068359375,2876.010009765625,2893.25,2893.25,1981520000
2012-07-27,1.9140000343322752,1.9773329496383667,1.873332977294922,1.96733295917511,1.96733295917511,25095000,2906.5,2961.8701171875,2900.97998046875,2958.090087890625,2958.090087890625,2102610000
2012-07-30,1.96733295917511,2.016666889190674,1.8140000104904177,1.8233330249786377,1.8233330249786377,30978000,2959.070068359375,2970.300048828125,2939.0400390625,2945.840087890625,2945.840087890625,1483990000
2012-07-31,1.8359999656677248,1.864667057991028,1.8233330249786377,1.8279999494552612,1.8279999494552612,23626500,2945.080078125,2959.6201171875,2938.409912109375,2939.52001953125,2939.52001953125,1801440000
2012-08-01,1.866000056266785,1.866000056266785,1.73533296585083,1.75,1.75,23884500,2956.719970703125,2958.280029296875,2917.780029296875,2920.2099609375,2920.2099609375,1722530000
2012-08-02,1.7893329858779907,1.7899999618530271,1.7013330459594729,1.7400000095367432,1.7400000095367432,19576500,2900.4599609375,2934.64990234375,2890.85009765625,2909.77001953125,2909.77001953125,1822620000
2012-08-03,1.7933330535888672,1.8366669416427612,1.78266704082489,1.8179999589920044,1.8179999589920044,18142500,2951.280029296875,2977.409912109375,2945.81005859375,2967.89990234375,2967.89990234375,1730210000
2012-08-06,1.8366669416427612,1.9133330583572388,1.8366669416427612,1.8846670389175415,1.8846670389175415,22923000,2978.159912109375,3000.239990234375,2974.22998046875,2989.909912109375,2989.909912109375,1528260000
2012-08-07,1.9179999828338623,2.059999942779541,1.899999976158142,2.016666889190674,2.016666889190674,35808000,3002.659912109375,3028.610107421875,3002.090087890625,3015.860107421875,3015.860107421875,1899240000
2012-08-08,1.9933329820632937,2.0,1.906000018119812,1.9393329620361328,1.9393329620361328,19633500,3003.77001953125,3018.89990234375,3002.409912109375,3011.25,3011.25,1874580000
2012-08-09,1.968000054359436,2.0,1.9420000314712524,1.9606670141220093,1.9606670141220093,10089000,3009.860107421875,3022.68994140625,3007.300048828125,3018.639892578125,3018.639892578125,1677970000
2012-08-10,1.9539999961853027,1.996000051498413,1.9539999961853027,1.996000051498413,1.996000051498413,10611000,3008.830078125,3020.860107421875,3003.3798828125,3020.860107421875,3020.860107421875,1556460000
2012-08-13,1.9793330430984497,2.086667060852051,1.940000057220459,2.078000068664551,2.078000068664551,13051500,3018.27001953125,3023.030029296875,2999.1201171875,3022.52001953125,3022.52001953125,1353380000
2012-08-14,2.049999952316284,2.078000068664551,1.9506670236587524,1.9613330364227295,1.9613330364227295,11901000,3032.669921875,3034.159912109375,3009.929931640625,3016.97998046875,3016.97998046875,1567830000
2012-08-15,1.9593329429626465,1.9800000190734863,1.920667052268982,1.9600000381469729,1.9600000381469729,7881000,3013.330078125,3032.06005859375,3013.330078125,3030.929931640625,3030.929931640625,1536730000
2012-08-16,1.9686670303344729,2.0260000228881836,1.9666670560836792,2.0199999809265137,2.0199999809265137,10035000,3037.179931640625,3067.43994140625,3033.280029296875,3062.389892578125,3062.389892578125,1937430000
2012-08-17,2.0193328857421875,2.047333002090454,1.9986670017242432,2.000667095184326,2.000667095184326,7623000,3067.110107421875,3076.719970703125,3060.14990234375,3076.590087890625,3076.590087890625,1640640000
2012-08-20,2.009999990463257,2.0260000228881836,1.940000057220459,1.96733295917511,1.96733295917511,17686500,3072.659912109375,3076.2099609375,3059.89990234375,3076.2099609375,3076.2099609375,1451550000
2012-08-21,1.972000002861023,2.0,1.9333330392837524,1.9406670331954956,1.9406670331954956,11424000,3085.25,3100.5400390625,3058.739990234375,3067.260009765625,3067.260009765625,1574220000
2012-08-22,1.934000015258789,2.00266695022583,1.934000015258789,1.9966670274734497,1.9966670274734497,11632500,3059.93994140625,3080.72998046875,3053.429931640625,3073.669921875,3073.669921875,1459130000
2012-08-23,2.0,2.0566670894622803,1.976667046546936,2.0486669540405273,2.0486669540405273,22065000,3065.820068359375,3070.340087890625,3045.52001953125,3053.39990234375,3053.39990234375,1383860000
2012-08-24,2.003999948501587,2.0160000324249268,1.9606670141220093,1.9666670560836792,1.9666670560836792,21441000,3045.219970703125,3076.800048828125,3042.219970703125,3069.7900390625,3069.7900390625,1349740000
2012-08-27,1.9713330268859863,1.9800000190734863,1.878000020980835,1.888000011444092,1.888000011444092,20256000,3083.6201171875,3085.81005859375,3068.1298828125,3073.18994140625,3073.18994140625,1383530000
2012-08-28,1.8933329582214355,1.958667039871216,1.8666670322418213,1.9126670360565183,1.9126670360565183,21040500,3069.39990234375,3083.18994140625,3063.64990234375,3077.139892578125,3077.139892578125,1364740000
2012-08-29,1.8993330001831057,1.9093329906463623,1.868000030517578,1.8940000534057615,1.8940000534057615,12583500,3078.050048828125,3087.239990234375,3067.6201171875,3081.18994140625,3081.18994140625,1282900000
2012-08-30,1.9066669940948489,1.9160000085830688,1.873332977294922,1.8940000534057615,1.8940000534057615,9846000,3066.72998046875,3067.5400390625,3045.919921875,3048.7099609375,3048.7099609375,1216640000
2012-08-31,1.9073330163955688,1.9226670265197752,1.8799999952316284,1.901332974433899,1.901332974433899,8097000,3069.639892578125,3078.52001953125,3040.590087890625,3066.9599609375,3066.9599609375,1394760000
2012-09-04,1.901332974433899,1.932667016983032,1.8600000143051147,1.8760000467300415,1.8760000467300415,11287500,3063.25,3082.260009765625,3040.239990234375,3075.06005859375,3075.06005859375,1505960000
2012-09-05,1.8673330545425415,1.899999976158142,1.8539999723434448,1.8626669645309448,1.8626669645309448,9589500,3072.580078125,3082.75,3062.5400390625,3069.27001953125,3069.27001953125,1495030000
2012-09-06,1.8666670322418213,1.9266669750213623,1.8600000143051147,1.9033329486846924,1.9033329486846924,12625500,3087.93994140625,3135.81005859375,3087.669921875,3135.81005859375,3135.81005859375,1918900000
2012-09-07,1.9033329486846924,1.9713330268859863,1.899999976158142,1.9566669464111328,1.9566669464111328,14298000,3133.219970703125,3139.610107421875,3128.169921875,3136.419921875,3136.419921875,1740640000
2012-09-10,1.946666955947876,1.9566669464111328,1.8200000524520872,1.824666976928711,1.824666976928711,22249500,3131.340087890625,3133.889892578125,3102.760009765625,3104.02001953125,3104.02001953125,1575370000
2012-09-11,1.8506669998168943,1.8773330450057983,1.8266669511795044,1.853332996368408,1.853332996368408,15223500,3105.02001953125,3117.860107421875,3099.10009765625,3104.530029296875,3104.530029296875,1586250000
2012-09-12,1.8600000143051147,1.9053330421447752,1.853332996368408,1.885332942008972,1.885332942008972,17178000,3115.330078125,3120.1201171875,3098.820068359375,3114.31005859375,3114.31005859375,1689140000
2012-09-13,1.9046670198440552,1.9666670560836792,1.8986669778823853,1.9653329849243164,1.9653329849243164,22270500,3117.659912109375,3167.6298828125,3112.6201171875,3155.830078125,3155.830078125,1870050000
2012-09-14,2.0,2.043333053588867,1.976667046546936,2.0260000228881836,2.0260000228881836,23049000,3166.239990234375,3195.669921875,3164.260009765625,3183.949951171875,3183.949951171875,1984720000
2012-09-17,2.1566669940948486,2.185333013534546,2.1006669998168945,2.169332981109619,2.169332981109619,48192000,3183.39990234375,3183.39990234375,3168.6298828125,3178.669921875,3178.669921875,1485390000
2012-09-18,2.125333070755005,2.126667022705078,2.045332908630371,2.0893330574035645,2.0893330574035645,26827500,3173.6201171875,3179.3701171875,3169.409912109375,3177.800048828125,3177.800048828125,1707200000
2012-09-19,2.066667079925537,2.115999937057495,2.062666893005371,2.069999933242798,2.069999933242798,15727500,3179.0400390625,3189.35009765625,3170.2900390625,3182.6201171875,3182.6201171875,1850920000
2012-09-20,2.062000036239624,2.0999999046325684,2.045332908630371,2.059999942779541,2.059999942779541,13686000,3166.840087890625,3178.449951171875,3156.4599609375,3175.9599609375,3175.9599609375,1809130000
2012-09-21,2.0733330249786377,2.0993330478668213,1.9693330526351929,2.001332998275757,2.001332998275757,28050000,3194.860107421875,3196.929931640625,3178.090087890625,3179.9599609375,3179.9599609375,2526250000
2012-09-24,1.96733295917511,2.068666934967041,1.9600000381469729,2.0439999103546143,2.0439999103546143,19528500,3155.35009765625,3167.739990234375,3150.7099609375,3160.780029296875,3160.780029296875,1704860000
2012-09-25,1.9079999923706057,1.9653329849243164,1.835332989692688,1.843999981880188,1.843999981880188,85206000,3170.3701171875,3176.300048828125,3117.72998046875,3117.72998046875,3117.72998046875,1975470000
2012-09-26,1.843999981880188,1.8933329582214355,1.8320000171661377,1.8359999656677248,1.8359999656677248,22908000,3113.39990234375,3114.5400390625,3080.280029296875,3093.699951171875,3093.699951171875,1738010000
2012-09-27,1.8546669483184817,1.9026670455932615,1.840000033378601,1.8993330001831057,1.8993330001831057,26379000,3105.8701171875,3142.02001953125,3098.4599609375,3136.60009765625,3136.60009765625,1691800000
2012-09-28,1.915333032608032,1.9926669597625732,1.9073330163955688,1.9520000219345093,1.9520000219345093,65151000,3125.31005859375,3132.510009765625,3109.909912109375,3116.22998046875,3116.22998046875,1864640000
2012-10-01,1.9666670560836792,1.9926669597625732,1.9333330392837524,1.944000005722046,1.944000005722046,13266000,3130.31005859375,3146.989990234375,3103.889892578125,3113.530029296875,3113.530029296875,1758170000
2012-10-02,1.9520000219345093,1.9926669597625732,1.9333330392837524,1.9866670370101929,1.9866670370101929,10935000,3127.72998046875,3131.639892578125,3101.639892578125,3120.0400390625,3120.0400390625,1609570000
2012-10-03,1.9833329916000368,1.9966670274734497,1.9493329524993896,1.953333020210266,1.953333020210266,15792000,3130.85009765625,3142.360107421875,3115.0400390625,3135.22998046875,3135.22998046875,1704050000
2012-10-04,2.0,2.006666898727417,1.909999966621399,1.9600000381469729,1.9600000381469729,23119500,3142.3798828125,3153.47998046875,3132.56005859375,3149.4599609375,3149.4599609375,1585190000
2012-10-05,1.9800000190734863,1.987333059310913,1.9119999408721924,1.9259999990463257,1.9259999990463257,14079000,3161.2099609375,3171.4599609375,3130.760009765625,3136.18994140625,3136.18994140625,1607940000
2012-10-08,1.924000024795532,1.9600000381469729,1.9073330163955688,1.950000047683716,1.950000047683716,13345500,3121.330078125,3125.489990234375,3107.570068359375,3112.35009765625,3112.35009765625,1186260000
2012-10-09,1.941333055496216,1.941333055496216,1.8833329677581787,1.891332983970642,1.891332983970642,17895000,3108.010009765625,3108.010009765625,3062.52001953125,3065.02001953125,3065.02001953125,1645740000
2012-10-10,1.8926670551300049,1.914667010307312,1.8673330545425415,1.8933329582214355,1.8933329582214355,7554000,3066.25,3071.570068359375,3046.780029296875,3051.780029296875,3051.780029296875,1788970000
2012-10-11,1.929332971572876,1.9320000410079956,1.8833329677581787,1.888000011444092,1.888000011444092,6759000,3075.889892578125,3078.080078125,3047.139892578125,3049.409912109375,3049.409912109375,1595020000
2012-10-12,1.888000011444092,1.915333032608032,1.8333330154418943,1.8426669836044312,1.8426669836044312,14814000,3049.080078125,3061.77001953125,3039.580078125,3044.110107421875,3044.110107421875,1524840000
2012-10-15,1.868000030517578,1.8700000047683716,1.7906670570373535,1.8220000267028809,1.8220000267028809,22030500,3053.2099609375,3066.31005859375,3037.27001953125,3064.179931640625,3064.179931640625,1563440000
2012-10-16,1.8446669578552248,1.8726669549942017,1.8226670026779177,1.870666980743408,1.870666980743408,7189500,3073.2099609375,3102.969970703125,3070.25,3101.169921875,3101.169921875,1736930000
2012-10-17,1.8833329677581787,1.9226670265197752,1.853332996368408,1.9213329553604128,1.9213329553604128,10020000,3091.3798828125,3112.449951171875,3088.050048828125,3104.1201171875,3104.1201171875,1770920000
2012-10-18,1.932667016983032,1.932667016983032,1.8519999980926511,1.869333028793335,1.869333028793335,11115000,3097.77001953125,3102.56005859375,3065.239990234375,3072.8701171875,3072.8701171875,2043290000
2012-10-19,1.8553329706192017,1.8799999952316284,1.8200000524520872,1.8493330478668213,1.8493330478668213,15411000,3066.56005859375,3066.56005859375,3000.27001953125,3005.6201171875,3005.6201171875,2225580000
2012-10-22,1.866000056266785,1.8666670322418213,1.8240000009536743,1.8566670417785645,1.8566670417785645,7053000,3005.919921875,3020.610107421875,2995.780029296875,3016.9599609375,3016.9599609375,1654130000
2012-10-23,1.8253329992294312,1.9040000438690183,1.824666976928711,1.8926670551300049,1.8926670551300049,11235000,2989.43994140625,3006.590087890625,2974.070068359375,2990.4599609375,2990.4599609375,1830840000
2012-10-24,1.901332974433899,1.901332974433899,1.8166669607162476,1.8279999494552612,1.8279999494552612,15246000,3011.820068359375,3012.949951171875,2978.72998046875,2981.699951171875,2981.699951171875,1967000000
2012-10-25,1.853332996368408,1.853332996368408,1.830000042915344,1.834666967391968,1.834666967391968,8665500,3005.0400390625,3007.7099609375,2975.97998046875,2986.1201171875,2986.1201171875,1922660000
2012-10-26,1.835332989692688,1.853332996368408,1.801332950592041,1.8253329992294312,1.8253329992294312,7161000,2986.050048828125,2999.139892578125,2961.159912109375,2987.949951171875,2987.949951171875,1839700000
2012-10-31,1.8466670513153076,1.8899999856948853,1.824666976928711,1.875332951545715,1.875332951545715,11628000,2986.85009765625,2989.699951171875,2964.93994140625,2977.22998046875,2977.22998046875,1806780000
2012-11-01,1.8833329677581787,1.965999960899353,1.8799999952316284,1.950000047683716,1.950000047683716,15361500,2987.5400390625,3021.93994140625,2984.219970703125,3020.06005859375,3020.06005859375,1880140000
2012-11-02,1.9513330459594729,1.9700000286102295,1.9033329486846924,1.9279999732971191,1.9279999732971191,15454500,3033.85009765625,3033.85009765625,2981.68994140625,2982.1298828125,2982.1298828125,1834590000
2012-11-05,1.9866670370101929,2.105333089828491,1.9553329944610596,2.0999999046325684,2.0999999046325684,30733500,2983.030029296875,3004.8701171875,2975.85009765625,2999.659912109375,2999.659912109375,1496210000
2012-11-06,2.0406670570373535,2.0799999237060547,1.9966670274734497,2.076667070388794,2.076667070388794,34860000,3003.7099609375,3024.43994140625,2998.929931640625,3011.929931640625,3011.929931640625,1782430000
2012-11-07,2.066667079925537,2.136667013168335,2.053999900817871,2.1026670932769775,2.1026670932769775,25717500,2976.4599609375,2977.81005859375,2926.7900390625,2937.2900390625,2937.2900390625,2059690000
2012-11-08,2.067332983016968,2.125333070755005,2.062666893005371,2.0873329639434814,2.0873329639434814,19110000,2942.090087890625,2949.699951171875,2895.580078125,2895.580078125,2895.580078125,1876420000
2012-11-09,2.0399999618530273,2.062000036239624,1.9900000095367432,2.0213329792022705,2.0213329792022705,12945000,2892.570068359375,2931.110107421875,2889.81005859375,2904.8701171875,2904.8701171875,1802580000
2012-11-12,2.0193328857421875,2.0946669578552246,2.010667085647583,2.0713329315185547,2.0713329315185547,8338500,2916.3798828125,2920.010009765625,2896.550048828125,2904.25,2904.25,1379240000
2012-11-13,2.0859999656677246,2.1333329677581787,2.0480000972747803,2.107332944869995,2.107332944869995,14974500,2880.77001953125,2909.0,2877.06005859375,2883.889892578125,2883.889892578125,1816260000
2012-11-14,2.130666971206665,2.1413331031799316,2.0799999237060547,2.0920000076293945,2.0920000076293945,13069500,2896.81005859375,2900.10009765625,2842.860107421875,2846.81005859375,2846.81005859375,2106590000
2012-11-15,2.086667060852051,2.0959999561309814,2.0333330631256104,2.0546669960021973,2.0546669960021973,14760000,2847.840087890625,2855.639892578125,2826.75,2836.93994140625,2836.93994140625,2010300000
2012-11-16,2.076667070388794,2.1333329677581787,2.0393331050872803,2.122667074203491,2.122667074203491,13630500,2838.89990234375,2859.570068359375,2810.800048828125,2853.1298828125,2853.1298828125,2187730000
2012-11-19,2.138000011444092,2.2166669368743896,2.122667074203491,2.194667100906372,2.194667100906372,20886000,2886.0,2916.070068359375,2884.75,2916.070068359375,2916.070068359375,1767240000
2012-11-20,2.186666965484619,2.206666946411133,2.127332925796509,2.200000047683716,2.200000047683716,13837500,2910.72998046875,2919.9599609375,2893.3798828125,2916.679931640625,2916.679931640625,1588750000
2012-11-21,2.174000024795532,2.231333017349243,2.1526670455932617,2.1646668910980225,2.1646668910980225,14448000,2919.139892578125,2928.169921875,2912.419921875,2926.550048828125,2926.550048828125,1430060000
2012-11-23,2.173332929611206,2.188667058944702,2.113332986831665,2.1419999599456787,2.1419999599456787,6454500,2943.6201171875,2967.18994140625,2940.679931640625,2966.85009765625,2966.85009765625,792750000
2012-11-26,2.140000104904175,2.1533329486846924,2.1080000400543213,2.1513330936431885,2.1513330936431885,7437000,2961.02001953125,2976.929931640625,2951.72998046875,2976.780029296875,2976.780029296875,1641710000
2012-11-27,2.1419999599456787,2.177333116531372,2.101332902908325,2.1433329582214355,2.1433329582214355,13662000,2974.56005859375,2985.320068359375,2965.1298828125,2967.7900390625,2967.7900390625,1763320000
2012-11-28,2.1333329677581787,2.2860000133514404,2.127332925796509,2.2153329849243164,2.2153329849243164,22878000,2952.02001953125,2992.169921875,2935.8798828125,2991.780029296875,2991.780029296875,1725550000
2012-11-29,2.22933292388916,2.266666889190674,2.191333055496216,2.246000051498413,2.246000051498413,16551000,3005.409912109375,3017.179931640625,2996.300048828125,3012.030029296875,3012.030029296875,1758440000
2012-11-30,2.242000102996826,2.2853329181671143,2.200666904449463,2.254667043685913,2.254667043685913,21304500,3013.25,3014.25,2999.719970703125,3010.239990234375,3010.239990234375,2194240000
2012-12-03,2.2593328952789307,2.3333330154418945,2.233333110809326,2.308000087738037,2.308000087738037,31285500,3029.2099609375,3030.280029296875,2999.570068359375,3002.199951171875,3002.199951171875,1667330000
2012-12-04,2.2720000743865967,2.319999933242798,2.2366669178009033,2.259999990463257,2.259999990463257,18949500,3000.43994140625,3002.89990234375,2980.929931640625,2996.68994140625,2996.68994140625,1781760000
2012-12-05,2.254667043685913,2.279333114624023,2.2386670112609863,2.24733304977417,2.24733304977417,9922500,2993.199951171875,2994.72998046875,2958.260009765625,2973.699951171875,2973.699951171875,1800820000
2012-12-06,2.254667043685913,2.319999933242798,2.233333110809326,2.259999990463257,2.259999990463257,9906000,2967.989990234375,2996.530029296875,2962.02001953125,2989.27001953125,2989.27001953125,1713460000
2012-12-07,2.2866671085357666,2.299333095550537,2.256666898727417,2.2780001163482666,2.2780001163482666,9966000,2999.68994140625,3003.27001953125,2968.820068359375,2978.0400390625,2978.0400390625,1613570000
2012-12-10,2.295332908630371,2.319999933242798,2.2786669731140137,2.3046669960021973,2.3046669960021973,13947000,2973.18994140625,2997.639892578125,2971.56005859375,2986.9599609375,2986.9599609375,1528430000
2012-12-11,2.3066670894622803,2.3666670322418213,2.297333002090454,2.3519999980926514,2.3519999980926514,23589000,3005.429931640625,3033.139892578125,3003.820068359375,3022.300048828125,3022.300048828125,1921860000
2012-12-12,2.3473329544067383,2.386667013168335,2.3299999237060547,2.3506669998168945,2.3506669998168945,30957000,3033.929931640625,3035.18994140625,3008.489990234375,3013.81005859375,3013.81005859375,1756220000
2012-12-13,2.3506669998168945,2.353332996368408,2.183332920074463,2.2406671047210693,2.2406671047210693,32269500,3007.830078125,3026.510009765625,2982.6298828125,2992.159912109375,2992.159912109375,1833990000
2012-12-14,2.252000093460083,2.293333053588867,2.239332914352417,2.253999948501587,2.253999948501587,15345000,2976.949951171875,2985.330078125,2963.800048828125,2971.330078125,2971.330078125,1786980000
2012-12-17,2.251332998275757,2.299999952316284,2.25,2.293333053588867,2.293333053588867,12373500,2975.5,3011.219970703125,2973.5400390625,3010.60009765625,3010.60009765625,1911420000
2012-12-18,2.2839999198913574,2.3380000591278076,2.2839999198913574,2.305999994277954,2.305999994277954,23308500,3020.820068359375,3056.64990234375,3016.39990234375,3054.530029296875,3054.530029296875,2022130000
2012-12-19,2.316667079925537,2.3506669998168945,2.301332950592041,2.307332992553711,2.307332992553711,19482000,3059.030029296875,3061.820068359375,3044.360107421875,3044.360107421875,3044.360107421875,1933270000
2012-12-20,2.3006670475006104,2.319333076477051,2.2699999809265137,2.295332908630371,2.295332908630371,13818000,3050.300048828125,3053.530029296875,3034.14990234375,3050.389892578125,3050.389892578125,1691190000
2012-12-21,2.262666940689087,2.2780001163482666,2.2386670112609863,2.266666889190674,2.266666889190674,22386000,2998.60009765625,3022.18994140625,2995.1298828125,3021.010009765625,3021.010009765625,2843090000
2012-12-24,2.2426669597625732,2.2899999618530273,2.2366669178009033,2.2853329181671143,2.2853329181671143,5637000,3013.889892578125,3016.179931640625,3008.530029296875,3012.60009765625,3012.60009765625,614230000
2012-12-26,2.263999938964844,2.299999952316284,2.233333110809326,2.239332914352417,2.239332914352417,9021000,3013.1298828125,3018.64990234375,2983.35009765625,2990.159912109375,2990.159912109375,1059190000
2012-12-27,2.233333110809326,2.260667085647583,2.200000047683716,2.246000051498413,2.246000051498413,8416500,2989.8701171875,2993.659912109375,2951.0400390625,2985.909912109375,2985.909912109375,1342790000
2012-12-28,2.2253329753875732,2.243333101272583,2.2013330459594727,2.2146670818328857,2.2146670818328857,6211500,2965.1201171875,2985.469970703125,2959.3701171875,2960.31005859375,2960.31005859375,1143530000
2012-12-31,2.200000047683716,2.26466703414917,2.200000047683716,2.257999897003174,2.257999897003174,8923500,2955.449951171875,3021.409912109375,2953.52001953125,3019.510009765625,3019.510009765625,1557230000
2013-01-02,2.3333330154418945,2.363332986831665,2.313999891281128,2.357332944869995,2.357332944869995,17922000,3091.330078125,3112.64990234375,3083.489990234375,3112.260009765625,3112.260009765625,2111300000
2013-01-03,2.3453330993652344,2.363332986831665,2.316667079925537,2.318000078201294,2.318000078201294,11130000,3108.489990234375,3118.179931640625,3092.280029296875,3100.570068359375,3100.570068359375,1769420000
2013-01-04,2.319999933242798,2.319999933242798,2.2613329887390137,2.293333053588867,2.293333053588867,10110000,3100.8798828125,3108.43994140625,3090.81005859375,3101.659912109375,3101.659912109375,1745140000
2013-01-07,2.319999933242798,2.319999933242798,2.259999990463257,2.2893331050872803,2.2893331050872803,6630000,3089.169921875,3102.35009765625,3083.8798828125,3098.81005859375,3098.81005859375,1702540000
2013-01-08,2.299999952316284,2.299999952316284,2.2073330879211426,2.245332956314087,2.245332956314087,19260000,3098.4599609375,3103.389892578125,3076.60009765625,3091.81005859375,3091.81005859375,1744380000
2013-01-09,2.2673330307006836,2.279333114624023,2.2266669273376465,2.2426669597625732,2.2426669597625732,10470000,3099.64990234375,3111.219970703125,3096.340087890625,3105.81005859375,3105.81005859375,1732510000
2013-01-10,2.257999897003174,2.2660000324249268,2.2253329753875732,2.23533296585083,2.23533296585083,13837500,3125.639892578125,3127.719970703125,3098.469970703125,3121.760009765625,3121.760009765625,1754240000
2013-01-11,2.2693328857421875,2.2693328857421875,2.140666961669922,2.194000005722046,2.194000005722046,23448000,3122.1201171875,3126.590087890625,3114.10009765625,3125.6298828125,3125.6298828125,1772600000
2013-01-14,2.2053329944610596,2.2253329753875732,2.190000057220459,2.2173330783843994,2.2173330783843994,13876500,3113.64990234375,3123.47998046875,3104.080078125,3117.5,3117.5,1876050000
2013-01-15,2.2073330879211426,2.2833330631256104,2.2053329944610596,2.259999990463257,2.259999990463257,24363000,3101.06005859375,3112.2900390625,3093.320068359375,3110.780029296875,3110.780029296875,1852870000
2013-01-16,2.256666898727417,2.2820000648498535,2.248667001724243,2.2733330726623535,2.2733330726623535,20673000,3110.719970703125,3124.64990234375,3106.7900390625,3117.5400390625,3117.5400390625,1692380000
2013-01-17,2.2773330211639404,2.3233330249786377,2.2613329887390137,2.2920000553131104,2.2920000553131104,21550500,3130.489990234375,3144.050048828125,3125.7900390625,3136.0,3136.0,1766510000
2013-01-18,2.315999984741211,2.318666934967041,2.254667043685913,2.301332950592041,2.301332950592041,53326500,3127.909912109375,3134.72998046875,3119.199951171875,3134.7099609375,3134.7099609375,1860070000
2013-01-22,2.303999900817871,2.369999885559082,2.2839999198913574,2.3459999561309814,2.3459999561309814,28803000,3135.6298828125,3143.179931640625,3121.5400390625,3143.179931640625,3143.179931640625,1790730000
2013-01-23,2.334666967391968,2.4159998893737793,2.330667018890381,2.4000000953674316,2.4000000953674316,23464500,3155.820068359375,3161.06005859375,3149.739990234375,3153.669921875,3153.669921875,1698190000
2013-01-24,2.4000000953674316,2.51466703414917,2.3893330097198486,2.4660000801086426,2.4660000801086426,29556000,3125.669921875,3153.56005859375,3124.449951171875,3130.3798828125,3130.3798828125,2046990000
2013-01-25,2.4666669368743896,2.50266695022583,2.453332901000977,2.4653329849243164,2.4653329849243164,19317000,3140.64990234375,3156.199951171875,3135.860107421875,3149.7099609375,3149.7099609375,1920250000
2013-01-28,2.4573330879211426,2.580667018890381,2.4573330879211426,2.5353329181671143,2.5353329181671143,29790000,3152.169921875,3161.830078125,3144.889892578125,3154.300048828125,3154.300048828125,1935590000
2013-01-29,2.5399999618530273,2.562666893005371,2.4753329753875732,2.5299999713897705,2.5299999713897705,21399000,3149.6201171875,3156.93994140625,3133.110107421875,3153.659912109375,3153.659912109375,2050670000
2013-01-30,2.5233330726623535,2.5333330631256104,2.495332956314087,2.501332998275757,2.501332998275757,14521500,3157.429931640625,3164.06005859375,3135.830078125,3142.31005859375,3142.31005859375,2014350000
2013-01-31,2.5246670246124268,2.5246670246124268,2.461999893188477,2.500667095184326,2.500667095184326,13521000,3140.669921875,3154.179931640625,3136.820068359375,3142.1298828125,3142.1298828125,2190840000
2013-02-01,2.5446670055389404,2.566667079925537,2.507999897003174,2.553333044052124,2.553333044052124,16509000,3162.93994140625,3183.139892578125,3154.909912109375,3179.10009765625,3179.10009765625,2012930000
2013-02-04,2.559999942779541,2.561332941055298,2.50600004196167,2.5160000324249268,2.5160000324249268,16920000,3161.719970703125,3169.6298828125,3130.570068359375,3131.169921875,3131.169921875,1874750000
2013-02-05,2.5333330631256104,2.576667070388794,2.51200008392334,2.5420000553131104,2.5420000553131104,19653000,3140.89990234375,3178.52001953125,3136.820068359375,3171.580078125,3171.580078125,2150080000
2013-02-06,2.545332908630371,2.625999927520752,2.5266671180725098,2.611332893371582,2.611332893371582,28398000,3159.3798828125,3174.820068359375,3157.35009765625,3168.47998046875,3168.47998046875,2002740000
2013-02-07,2.6126670837402344,2.6453330516815186,2.5966670513153076,2.631999969482422,2.631999969482422,17949000,3167.43994140625,3170.419921875,3135.97998046875,3165.1298828125,3165.1298828125,1955960000
2013-02-08,2.630000114440918,2.6666669845581055,2.609333038330078,2.615999937057495,2.615999937057495,17097000,3178.06005859375,3196.889892578125,3177.179931640625,3193.8701171875,3193.8701171875,1816480000
2013-02-11,2.5320000648498535,2.609999895095825,2.5,2.561332941055298,2.561332941055298,48994500,3192.530029296875,3194.010009765625,3182.18994140625,3192.0,3192.0,1551370000
2013-02-12,2.563333034515381,2.5913329124450684,2.486000061035156,2.5260000228881836,2.5260000228881836,33919500,3190.72998046875,3196.919921875,3184.840087890625,3186.489990234375,3186.489990234375,1786800000
2013-02-13,2.553333044052124,2.5999999046325684,2.5366671085357666,2.563333034515381,2.563333034515381,14502000,3195.340087890625,3205.52001953125,3187.06005859375,3196.8798828125,3196.8798828125,1822450000
2013-02-14,2.575999975204468,2.5833330154418945,2.547333002090454,2.551332950592041,2.551332950592041,14860500,3182.739990234375,3202.330078125,3182.389892578125,3198.659912109375,3198.659912109375,1924900000
2013-02-15,2.566667079925537,2.567332983016968,2.4633328914642334,2.4693329334259033,2.4693329334259033,30264000,3202.840087890625,3206.2099609375,3184.030029296875,3192.030029296875,3192.030029296875,1858670000
2013-02-19,2.4906671047210693,2.619333028793335,2.487333059310913,2.618666887283325,2.618666887283325,40521000,3197.4599609375,3213.60009765625,3194.919921875,3213.590087890625,3213.590087890625,1843840000
2013-02-20,2.619999885559082,2.6433329582214355,2.563999891281128,2.569333076477051,2.569333076477051,46830000,3211.989990234375,3213.25,3163.949951171875,3164.409912109375,3164.409912109375,2001800000
2013-02-21,2.432667016983032,2.4926669597625732,2.3026669025421143,2.3440001010894775,2.3440001010894775,135567000,3154.8798828125,3155.18994140625,3118.6201171875,3131.489990234375,3131.489990234375,2052630000
2013-02-22,2.381333112716675,2.4260001182556152,2.373332977294922,2.4073328971862793,2.4073328971862793,38209500,3149.090087890625,3161.820068359375,3139.550048828125,3161.820068359375,3161.820068359375,1581500000
2013-02-25,2.4100000858306885,2.450000047683716,2.2893331050872803,2.2920000553131104,2.2920000553131104,43341000,3180.590087890625,3186.25,3116.25,3116.25,3116.25,1930990000
2013-02-26,2.297333002090454,2.330667018890381,2.25333309173584,2.295332908630371,2.295332908630371,41443500,3126.22998046875,3135.570068359375,3105.360107421875,3129.64990234375,3129.64990234375,1847750000
2013-02-27,2.2939999103546143,2.3606669902801514,2.293333053588867,2.3399999141693115,2.3399999141693115,29388000,3129.719970703125,3177.800048828125,3127.27001953125,3162.260009765625,3162.260009765625,1727260000
2013-02-28,2.392667055130005,2.4066669940948486,2.291332960128784,2.322000026702881,2.322000026702881,29473500,3161.429931640625,3182.60009765625,3159.719970703125,3160.18994140625,3160.18994140625,2022530000
2013-03-01,2.3333330154418945,2.3386669158935547,2.2833330631256104,2.309999942779541,2.309999942779541,23199000,3143.5400390625,3171.5,3129.39990234375,3169.739990234375,3169.739990234375,1870250000
2013-03-04,2.318000078201294,2.388667106628418,2.313333034515381,2.371999979019165,2.371999979019165,26365500,3159.4599609375,3182.27001953125,3154.7900390625,3182.030029296875,3182.030029296875,1718290000
2013-03-05,2.4000000953674316,2.4613330364227295,2.385999917984009,2.4433329105377197,2.4433329105377197,31305000,3200.3798828125,3227.31005859375,3200.27001953125,3224.1298828125,3224.1298828125,1891510000
2013-03-06,2.4673330783843994,2.5253329277038574,2.4646670818328857,2.512666940689087,2.512666940689087,17250000,3233.31005859375,3233.43994140625,3217.669921875,3222.3701171875,3222.3701171875,1764020000
2013-03-07,2.5153329372406006,2.576667070388794,2.458667039871216,2.5486669540405273,2.5486669540405273,17374500,3224.5,3235.10009765625,3221.469970703125,3232.090087890625,3232.090087890625,1675640000
2013-03-08,2.5373330116271973,2.629333019256592,2.4906671047210693,2.564666986465454,2.564666986465454,13681500,3245.85009765625,3248.699951171875,3227.889892578125,3244.3701171875,3244.3701171875,1611700000
2013-03-11,2.5913329124450684,2.629333019256592,2.576667070388794,2.6066670417785645,2.6066670417785645,23692500,3237.739990234375,3252.8701171875,3233.669921875,3252.8701171875,3252.8701171875,1628500000
2013-03-12,2.5933330059051514,2.625333070755005,2.5899999141693115,2.6080000400543213,2.6080000400543213,19126500,3244.85009765625,3249.780029296875,3229.919921875,3242.320068359375,3242.320068359375,1673740000
2013-03-13,2.5999999046325684,2.632667064666748,2.5873329639434814,2.5986669063568115,2.5986669063568115,12330000,3243.0400390625,3251.449951171875,3230.6201171875,3245.1201171875,3245.1201171875,1577280000
2013-03-14,2.5933330059051514,2.5940001010894775,2.4513330459594727,2.456666946411133,2.456666946411133,30315000,3253.0,3258.929931640625,3250.239990234375,3258.929931640625,3258.929931640625,1651650000
2013-03-15,2.442667007446289,2.4433329105377197,2.3473329544067383,2.3526670932769775,2.3526670932769775,49194000,3260.4599609375,3260.6201171875,3242.64990234375,3249.070068359375,3249.070068359375,2305230000
2013-03-18,2.353332996368408,2.4040000438690186,2.328000068664551,2.3433330059051514,2.3433330059051514,19741500,3215.7099609375,3249.3701171875,3211.10009765625,3237.590087890625,3237.590087890625,1550510000
2013-03-19,2.3499999046325684,2.373332977294922,2.3293330669403076,2.3386669158935547,2.3386669158935547,16477500,3246.699951171875,3252.60009765625,3205.419921875,3229.10009765625,3229.10009765625,1690680000
2013-03-20,2.3506669998168945,2.4046669006347656,2.3440001010894775,2.396667003631592,2.396667003631592,21345000,3251.909912109375,3257.989990234375,3240.89990234375,3254.18994140625,3254.18994140625,1599120000
2013-03-21,2.396667003631592,2.470666885375977,2.382667064666748,2.4006669521331787,2.4006669521331787,17194500,3228.169921875,3237.570068359375,3215.68994140625,3222.60009765625,3222.60009765625,1692260000
2013-03-22,2.413332939147949,2.453332901000977,2.413332939147949,2.441333055496216,2.441333055496216,6603000,3235.300048828125,3247.93994140625,3230.860107421875,3245.0,3245.0,1681360000
2013-03-25,2.4733328819274902,2.568000078201294,2.4513330459594727,2.502000093460083,2.502000093460083,35682000,3255.85009765625,3263.6298828125,3222.47998046875,3235.300048828125,3235.300048828125,1666010000
2013-03-26,2.5320000648498535,2.5480000972747803,2.510667085647583,2.5239999294281006,2.5239999294281006,27123000,3249.949951171875,3252.929931640625,3239.919921875,3252.47998046875,3252.47998046875,1444500000
2013-03-27,2.529333114624023,2.558666944503784,2.487333059310913,2.5439999103546143,2.5439999103546143,19444500,3230.760009765625,3258.260009765625,3227.02001953125,3256.52001953125,3256.52001953125,1420130000
2013-03-28,2.5486669540405273,2.549333095550537,2.516666889190674,2.5260000228881836,2.5260000228881836,17380500,3257.320068359375,3270.300048828125,3253.2099609375,3267.52001953125,3267.52001953125,1636800000
2013-04-01,2.8239998817443848,3.111999988555908,2.7799999713897705,2.9286670684814453,2.9286670684814453,211477500,3268.6298828125,3270.22998046875,3230.570068359375,3239.169921875,3239.169921875,1481360000
2013-04-02,2.9066669940948486,3.0333330631256104,2.9006669521331787,2.9560000896453857,2.9560000896453857,99786000,3252.550048828125,3267.929931640625,3245.409912109375,3254.860107421875,3254.860107421875,1580800000
2013-04-03,2.873332977294922,2.8980000019073486,2.680666923522949,2.740000009536743,2.740000009536743,84654000,3257.3798828125,3260.14990234375,3210.389892578125,3218.60009765625,3218.60009765625,1813910000
2013-04-04,2.7406671047210693,2.816667079925537,2.720666885375977,2.8006670475006104,2.8006670475006104,33972000,3219.110107421875,3226.239990234375,3206.02001953125,3224.97998046875,3224.97998046875,1475720000
2013-04-05,2.799999952316284,2.799999952316284,2.700000047683716,2.757999897003174,2.757999897003174,23286000,3174.0,3206.2099609375,3168.8798828125,3203.860107421875,3203.860107421875,1594090000
2013-04-08,2.7980000972747803,2.836667060852051,2.7673330307006836,2.7886669635772705,2.7886669635772705,25185000,3207.14990234375,3222.260009765625,3195.570068359375,3222.25,3222.25,1323520000
2013-04-09,2.7866671085357666,2.7886669635772705,2.688667058944702,2.700000047683716,2.700000047683716,25441500,3229.81005859375,3249.949951171875,3215.02001953125,3237.860107421875,3237.860107421875,1498130000
2013-04-10,2.7133328914642334,2.8006670475006104,2.7073330879211426,2.7906670570373535,2.7906670570373535,31816500,3246.06005859375,3299.159912109375,3245.800048828125,3297.25,3297.25,1769870000
2013-04-11,2.803999900817871,2.9700000286102295,2.7833330631256104,2.9059998989105225,2.9059998989105225,51711000,3289.590087890625,3306.949951171875,3287.739990234375,3300.159912109375,3300.159912109375,1829170000
2013-04-12,2.8833329677581787,3.0093328952789307,2.869999885559082,2.9166669845581055,2.9166669845581055,47241000,3292.389892578125,3296.5,3271.02001953125,3294.949951171875,3294.949951171875,1471180000
2013-04-15,2.9000000953674316,2.9200000762939453,2.8340001106262207,2.886667013168335,2.886667013168335,25221000,3277.580078125,3283.39990234375,3213.4599609375,3216.489990234375,3216.489990234375,1779320000
2013-04-16,2.946000099182129,3.075999975204468,2.927333116531372,3.0393331050872803,3.0393331050872803,47706000,3239.050048828125,3265.840087890625,3231.449951171875,3264.6298828125,3264.6298828125,1515400000
2013-04-17,3.0333330631256104,3.063333034515381,2.9693329334259033,3.0299999713897705,3.0299999713897705,31777500,3236.25,3236.97998046875,3186.080078125,3204.669921875,3204.669921875,1902730000
2013-04-18,3.0653328895568848,3.173332929611206,3.0260000228881836,3.131333112716675,3.131333112716675,50518500,3212.239990234375,3212.969970703125,3154.9599609375,3166.360107421875,3166.360107421875,1766000000
2013-04-19,3.1640000343322754,3.3253331184387207,3.138000011444092,3.188667058944702,3.188667058944702,45175500,3169.320068359375,3210.030029296875,3168.330078125,3206.06005859375,3206.06005859375,1738850000
2013-04-22,3.240000009536743,3.3466670513153076,3.183332920074463,3.3459999561309814,3.3459999561309814,59091000,3217.39990234375,3241.159912109375,3198.739990234375,3233.550048828125,3233.550048828125,1628340000
2013-04-23,3.4000000953674316,3.5280001163482666,3.377332925796509,3.4006669521331787,3.4006669521331787,56007000,3252.800048828125,3275.889892578125,3241.52001953125,3269.330078125,3269.330078125,1684770000
2013-04-24,3.3933329582214355,3.4033329486846924,3.2653329372406006,3.361999988555908,3.361999988555908,39450000,3262.2099609375,3277.1201171875,3255.43994140625,3269.64990234375,3269.64990234375,1738590000
2013-04-25,3.3666670322418213,3.493333101272583,3.3666670322418213,3.4666669368743896,3.4666669368743896,41938500,3279.820068359375,3301.280029296875,3279.2900390625,3289.989990234375,3289.989990234375,2012230000
2013-04-26,3.5420000553131104,3.582667112350464,3.374666929244995,3.413332939147949,3.413332939147949,54331500,3284.070068359375,3287.47998046875,3268.030029296875,3279.260009765625,3279.260009765625,1721970000
2013-04-29,3.450666904449463,3.6659998893737793,3.413332939147949,3.6626670360565186,3.6626670360565186,54595500,3290.31005859375,3315.330078125,3289.419921875,3307.02001953125,3307.02001953125,1594110000
2013-04-30,3.733333110809326,3.878667116165161,3.5840001106262207,3.5993330478668213,3.5993330478668213,82839000,3308.050048828125,3328.7900390625,3298.580078125,3328.7900390625,3328.7900390625,1984270000
2013-05-01,3.732666969299317,3.732666969299317,3.5333330631256104,3.552000045776367,3.552000045776367,41142000,3325.35009765625,3330.02001953125,3296.5,3299.1298828125,3299.1298828125,1884600000
2013-05-02,3.5899999141693115,3.6846671104431152,3.5799999237060547,3.607332944869995,3.607332944869995,45756000,3306.14990234375,3344.89990234375,3305.81005859375,3340.6201171875,3340.6201171875,1757480000
2013-05-03,3.76466703414917,3.76466703414917,3.6333329677581783,3.636667013168335,3.636667013168335,50680500,3371.409912109375,3388.1201171875,3370.300048828125,3378.6298828125,3378.6298828125,1745570000
2013-05-06,3.75933289527893,3.977333068847656,3.700000047683716,3.9666669368743896,3.9666669368743896,65500500,3382.330078125,3396.2099609375,3381.43994140625,3392.969970703125,3392.969970703125,1500410000
2013-05-07,4.133333206176758,4.1579999923706055,3.6746668815612793,3.700666904449463,3.700666904449463,149865000,3398.840087890625,3402.239990234375,3381.0400390625,3396.6298828125,3396.6298828125,1709800000
2013-05-08,3.8333330154418945,3.880000114440918,3.71399998664856,3.7193329334259033,3.7193329334259033,101548500,3394.889892578125,3413.27001953125,3389.800048828125,3413.27001953125,3413.27001953125,1756400000
2013-05-09,4.674666881561279,5.051332950592041,4.245999813079834,4.626667022705078,4.626667022705078,429075000,3408.93994140625,3428.5400390625,3403.429931640625,3409.169921875,3409.169921875,1826220000
2013-05-10,4.6433329582214355,5.400000095367432,4.616666793823242,5.117332935333252,5.117332935333252,376239000,3414.840087890625,3436.60009765625,3411.590087890625,3436.580078125,3436.580078125,1689730000
2013-05-13,5.3993330001831055,5.866666793823242,5.27666711807251,5.853332996368408,5.853332996368408,336253500,3429.530029296875,3447.10009765625,3426.669921875,3438.7900390625,3438.7900390625,1615510000
2013-05-14,6.281332969665527,6.474667072296143,5.409999847412109,5.549333095550537,5.549333095550537,557458500,3439.719970703125,3468.669921875,3439.719970703125,3462.610107421875,3462.610107421875,1820520000
2013-05-15,5.453332901000977,5.791999816894531,5.207333087921143,5.656000137329102,5.656000137329102,253180500,3455.669921875,3475.47998046875,3452.31005859375,3471.6201171875,3471.6201171875,1843910000
2013-05-16,6.313333034515381,6.3333330154418945,5.9106669425964355,6.150000095367432,6.150000095367432,324210000,3473.159912109375,3485.949951171875,3462.239990234375,3465.239990234375,3465.239990234375,1945760000
2013-05-17,6.1666669845581055,6.296000003814697,5.8333330154418945,6.099999904632568,6.099999904632568,285033000,3483.409912109375,3499.199951171875,3473.0400390625,3498.969970703125,3498.969970703125,1828610000
2013-05-20,6.074666976928711,6.1666669845581055,5.908667087554932,5.995999813079834,5.995999813079834,125226000,3490.4599609375,3509.409912109375,3488.1298828125,3496.429931640625,3496.429931640625,1745260000
2013-05-21,5.900000095367432,5.999332904815674,5.685332775115967,5.8393330574035645,5.8393330574035645,134973000,3495.4599609375,3512.14990234375,3486.8798828125,3502.1201171875,3502.1201171875,1776780000
2013-05-22,5.757999897003174,6.064000129699707,5.699999809265137,5.815999984741211,5.815999984741211,128520000,3503.47998046875,3532.0400390625,3446.9599609375,3463.300048828125,3463.300048828125,2179330000
2013-05-23,5.6539998054504395,6.200666904449463,5.5366668701171875,6.182000160217285,6.182000160217285,180333000,3426.070068359375,3467.1298828125,3422.510009765625,3459.419921875,3459.419921875,1820670000
2013-05-24,6.173333168029785,6.53000020980835,6.133333206176758,6.4720001220703125,6.4720001220703125,241863000,3438.280029296875,3459.469970703125,3429.31005859375,3459.139892578125,3459.139892578125,1449210000
2013-05-28,6.769999980926514,7.383333206176758,6.686666965484619,7.355332851409912,7.355332851409912,295378500,3497.89990234375,3514.800048828125,3475.389892578125,3488.889892578125,3488.889892578125,1748070000
2013-05-29,7.570000171661377,7.659999847412109,6.599999904632568,6.975333213806152,6.975333213806152,376492500,3471.669921875,3479.530029296875,3450.39990234375,3467.52001953125,3467.52001953125,1794650000
2013-05-30,6.830667018890381,7.302667140960693,6.74666690826416,6.99666690826416,6.99666690826416,242005500,3473.2099609375,3503.820068359375,3473.0400390625,3491.300048828125,3491.300048828125,1737320000
2013-05-31,7.084000110626221,7.0960001945495605,6.51533317565918,6.517333030700684,6.517333030700684,227580000,3478.219970703125,3500.669921875,3455.840087890625,3455.909912109375,3455.909912109375,1968270000
2013-06-03,6.507999897003174,6.507999897003174,5.883333206176758,6.172667026519775,6.172667026519775,287094000,3460.760009765625,3465.840087890625,3419.389892578125,3465.3701171875,3465.3701171875,2054100000
2013-06-04,6.183332920074463,6.427999973297119,6.159999847412109,6.322667121887207,6.322667121887207,132841500,3467.02001953125,3482.75,3430.02001953125,3445.260009765625,3445.260009765625,1871640000
2013-06-05,6.24399995803833,6.531332969665527,5.940667152404785,6.357999801635742,6.357999801635742,183372000,3432.85009765625,3446.14990234375,3397.909912109375,3401.47998046875,3401.47998046875,1813890000
2013-06-06,6.349999904632568,6.618000030517578,6.340666770935059,6.489999771118164,6.489999771118164,142663500,3404.409912109375,3424.050048828125,3378.239990234375,3424.050048828125,3424.050048828125,1802700000
2013-06-07,6.533332824707031,6.860000133514404,6.446667194366455,6.802667140960693,6.802667140960693,160674000,3437.840087890625,3471.72998046875,3429.429931640625,3469.219970703125,3469.219970703125,1646810000
2013-06-10,6.595333099365234,6.834667205810547,6.571332931518555,6.670000076293945,6.670000076293945,138429000,3475.679931640625,3484.81005859375,3465.5400390625,3473.77001953125,3473.77001953125,1556520000
2013-06-11,6.545332908630371,6.578667163848877,6.269999980926514,6.297999858856201,6.297999858856201,110910000,3436.6201171875,3466.570068359375,3426.570068359375,3436.949951171875,3436.949951171875,1560370000
2013-06-12,6.453332901000977,6.698667049407959,6.383333206176758,6.51533317565918,6.51533317565918,137890500,3458.139892578125,3459.179931640625,3395.909912109375,3400.429931640625,3400.429931640625,1630200000
2013-06-13,6.599999904632568,6.618667125701904,6.341332912445068,6.545332908630371,6.545332908630371,89424000,3398.5400390625,3451.030029296875,3387.610107421875,3445.360107421875,3445.360107421875,1584740000
2013-06-14,6.6666669845581055,6.834667205810547,6.622000217437744,6.686666965484619,6.686666965484619,98470500,3442.31005859375,3448.39990234375,3419.320068359375,3423.56005859375,3423.56005859375,1458030000
2013-06-17,6.906667232513428,6.983333110809326,6.74666690826416,6.813333034515381,6.813333034515381,105993000,3449.969970703125,3468.56005859375,3436.340087890625,3452.1298828125,3452.1298828125,1581830000
2013-06-18,6.783332824707031,6.932000160217285,6.613333225250244,6.892666816711426,6.892666816711426,131929500,3456.2900390625,3488.31005859375,3456.090087890625,3482.179931640625,3482.179931640625,1675090000
2013-06-19,6.803999900817871,7.111332893371582,6.800666809082031,6.97866678237915,6.97866678237915,128683500,3483.590087890625,3485.449951171875,3443.199951171875,3443.199951171875,3443.199951171875,1649200000
2013-06-20,6.9766669273376465,7.142000198364258,6.630000114440918,6.710000038146973,6.710000038146973,151597500,3405.139892578125,3412.93994140625,3355.929931640625,3364.639892578125,3364.639892578125,2041500000
2013-06-21,6.913332939147949,6.913332939147949,6.5,6.636666774749756,6.636666774749756,175779000,3367.81005859375,3377.300048828125,3326.860107421875,3357.25,3357.25,2921900000
2013-06-24,6.433332920074463,6.857999801635742,6.353332996368408,6.765999794006348,6.765999794006348,106797000,3326.3798828125,3344.659912109375,3294.949951171875,3320.760009765625,3320.760009765625,2030960000
2013-06-25,6.873332977294922,6.946667194366455,6.703332901000977,6.826666831970215,6.826666831970215,87730500,3350.590087890625,3358.31005859375,3327.68994140625,3347.889892578125,3347.889892578125,1657280000
2013-06-26,6.920000076293945,7.058000087738037,6.843999862670898,7.047999858856201,7.047999858856201,99039000,3375.699951171875,3383.699951171875,3365.47998046875,3376.219970703125,3376.219970703125,1671280000
2013-06-27,7.116666793823242,7.349999904632568,7.075333118438721,7.283332824707031,7.283332824707031,131173500,3395.7900390625,3412.7900390625,3395.409912109375,3401.860107421875,3401.860107421875,1689800000
2013-06-28,7.23799991607666,7.296000003814697,7.113999843597412,7.157332897186279,7.157332897186279,86229000,3389.300048828125,3422.199951171875,3382.75,3403.25,3403.25,3630410000
2013-07-01,7.2906670570373535,7.851333141326904,7.27666711807251,7.811999797821045,7.811999797821045,163554000,3430.47998046875,3454.429931640625,3430.31005859375,3434.489990234375,3434.489990234375,1586750000
2013-07-02,7.883333206176758,8.12600040435791,7.699999809265137,7.8546671867370605,7.8546671867370605,180961500,3430.68994140625,3453.2900390625,3415.22998046875,3433.39990234375,3433.39990234375,1685190000
2013-07-03,7.866666793823242,7.949999809265137,7.618000030517578,7.682666778564453,7.682666778564453,72100500,3420.27001953125,3455.419921875,3417.8798828125,3443.669921875,3443.669921875,935980000
2013-07-05,7.888000011444092,8.018667221069336,7.7133331298828125,8.005999565124512,8.005999565124512,102280500,3468.47998046875,3479.4599609375,3441.780029296875,3479.3798828125,3479.3798828125,1254400000
2013-07-08,8.091333389282227,8.145333290100098,7.921332836151123,8.107333183288574,8.107333183288574,117213000,3493.81005859375,3495.510009765625,3475.389892578125,3484.830078125,3484.830078125,1521720000
2013-07-09,8.309332847595215,8.354666709899902,8.12733268737793,8.229999542236328,8.229999542236328,129049500,3501.25,3508.81005859375,3484.7900390625,3504.260009765625,3504.260009765625,1633520000
2013-07-10,8.212667465209961,8.216667175292969,8.052666664123535,8.15133285522461,8.15133285522461,84001500,3502.110107421875,3522.989990234375,3502.0,3520.760009765625,3520.760009765625,1567340000
2013-07-11,8.325332641601562,8.406000137329102,8.15666675567627,8.37399959564209,8.37399959564209,112254000,3557.7900390625,3579.2900390625,3552.52001953125,3578.300048828125,3578.300048828125,1744210000
2013-07-12,8.366666793823242,8.662667274475098,8.300666809082031,8.65999984741211,8.65999984741211,170160000,3579.580078125,3600.080078125,3576.570068359375,3600.080078125,3600.080078125,1615820000
2013-07-15,8.868666648864746,8.883999824523926,8.454667091369629,8.484000205993652,8.484000205993652,148836000,3601.090087890625,3609.590087890625,3591.5400390625,3607.489990234375,3607.489990234375,1449130000
2013-07-16,8.41866683959961,8.421333312988281,7.1533331871032715,7.269999980926514,7.269999980926514,485578500,3611.0,3611.35009765625,3589.64990234375,3598.5,3598.5,1590540000
2013-07-17,7.101333141326904,8.107999801635742,6.966667175292969,8.016667366027832,8.016667366027832,390435000,3608.1298828125,3615.7900390625,3600.68994140625,3610.0,3610.0,1564340000
2013-07-18,8.064666748046875,8.182000160217285,7.745333194732666,7.935332775115967,7.935332775115967,170971500,3610.030029296875,3624.5400390625,3607.090087890625,3611.280029296875,3611.280029296875,1719390000
2013-07-19,7.900000095367432,8.036666870117188,7.767333030700684,7.97866678237915,7.97866678237915,88354500,3581.89990234375,3589.050048828125,3578.570068359375,3587.610107421875,3587.610107421875,1785460000
2013-07-22,7.992667198181152,8.445332527160645,7.992000102996826,8.161999702453613,8.161999702453613,146967000,3599.8701171875,3601.919921875,3587.4599609375,3600.389892578125,3600.389892578125,1507010000
2013-07-23,8.266667366027832,8.370667457580566,8.121333122253418,8.182666778564453,8.182666778564453,116046000,3606.699951171875,3606.699951171875,3576.9599609375,3579.27001953125,3579.27001953125,1620350000
2013-07-24,8.29800033569336,8.300000190734863,7.970666885375977,8.113332748413086,8.113332748413086,103035000,3605.260009765625,3606.280029296875,3573.530029296875,3579.60009765625,3579.60009765625,1856660000
2013-07-25,8.026666641235352,8.316666603088379,8.012666702270508,8.271332740783691,8.271332740783691,79264500,3589.4599609375,3606.18994140625,3579.199951171875,3605.18994140625,3605.18994140625,2203970000
2013-07-26,8.542667388916016,8.711999893188477,8.440667152404785,8.62600040435791,8.62600040435791,144496500,3584.85009765625,3613.330078125,3581.260009765625,3613.159912109375,3613.159912109375,1796060000
2013-07-29,8.621333122253418,9.024666786193848,8.550000190734863,8.974666595458984,8.974666595458984,145183500,3604.2900390625,3618.860107421875,3592.800048828125,3599.139892578125,3599.139892578125,1545720000
2013-07-30,8.986666679382324,9.166000366210938,8.545332908630371,8.78266716003418,8.78266716003418,196905000,3612.360107421875,3629.1201171875,3606.330078125,3616.469970703125,3616.469970703125,1763580000
2013-07-31,8.838000297546387,8.998000144958496,8.763333320617676,8.95199966430664,8.95199966430664,95275500,3627.659912109375,3649.35009765625,3624.77001953125,3626.3701171875,3626.3701171875,1942380000
2013-08-01,9.0,9.101332664489746,8.842000007629395,9.036666870117188,9.036666870117188,79854000,3654.179931640625,3678.5,3653.739990234375,3675.739990234375,3675.739990234375,1863290000
2013-08-02,8.97266674041748,9.216667175292969,8.907333374023438,9.199999809265137,9.199999809265137,94048500,3671.110107421875,3689.590087890625,3663.8798828125,3689.590087890625,3689.590087890625,1683270000
2013-08-05,9.333999633789062,9.65933322906494,9.3100004196167,9.645333290100098,9.645333290100098,153010500,3682.669921875,3694.18994140625,3681.340087890625,3692.949951171875,3692.949951171875,1471860000
2013-08-06,9.649999618530272,9.715332984924316,9.40666675567627,9.476667404174805,9.476667404174805,138817500,3685.389892578125,3690.320068359375,3654.669921875,3665.77001953125,3665.77001953125,1444200000
2013-08-07,9.459333419799805,9.463333129882812,8.824000358581543,8.9486665725708,8.9486665725708,273183000,3658.530029296875,3663.199951171875,3633.590087890625,3654.010009765625,3654.010009765625,1659780000
2013-08-08,10.289999961853027,10.592000007629396,10.030667304992676,10.232000350952148,10.232000350952148,408702000,3672.2099609375,3675.7099609375,3649.639892578125,3669.1201171875,3669.1201171875,1702950000
2013-08-09,10.15999984741211,10.396666526794434,10.083333015441896,10.199999809265137,10.199999809265137,133915500,3664.27001953125,3677.830078125,3649.68994140625,3660.110107421875,3660.110107421875,1546570000
2013-08-12,9.961999893188477,10.033332824707031,9.470000267028809,9.825332641601562,9.825332641601562,223683000,3645.780029296875,3673.510009765625,3645.389892578125,3669.949951171875,3669.949951171875,1422420000
2013-08-13,9.966667175292969,9.989333152770996,9.630000114440918,9.695332527160645,9.695332527160645,131233500,3675.3701171875,3691.06005859375,3648.820068359375,3684.43994140625,3684.43994140625,1644730000
2013-08-14,9.514666557312012,9.656000137329102,9.203332901000977,9.290666580200195,9.290666580200195,175407000,3683.969970703125,3686.550048828125,3668.739990234375,3669.27001953125,3669.27001953125,1589370000
2013-08-15,9.095333099365234,9.57333278656006,9.0,9.31133270263672,9.31133270263672,152688000,3625.360107421875,3626.77001953125,3600.9599609375,3606.1201171875,3606.1201171875,1742510000
2013-08-16,9.44200038909912,9.593999862670898,9.39799976348877,9.466667175292969,9.466667175292969,106621500,3603.780029296875,3621.4599609375,3598.64990234375,3602.780029296875,3602.780029296875,1520430000
2013-08-19,9.562000274658203,9.825332641601562,9.522000312805176,9.65999984741211,9.65999984741211,120565500,3601.8798828125,3623.47998046875,3589.030029296875,3589.090087890625,3589.090087890625,1381050000
2013-08-20,9.90999984741211,9.985333442687988,9.800000190734863,9.972000122070312,9.972000122070312,96273000,3596.77001953125,3625.260009765625,3593.139892578125,3613.590087890625,3613.590087890625,1308280000
2013-08-21,10.0,10.02066707611084,9.75,9.857333183288574,9.857333183288574,93994500,3603.679931640625,3630.22998046875,3589.02001953125,3599.7900390625,3599.7900390625,1438510000
2013-08-22,9.947999954223633,10.498666763305664,9.87600040435791,10.473333358764648,10.473333358764648,158886000,3614.139892578125,3639.2099609375,3613.929931640625,3638.7099609375,3638.7099609375,927400000
2013-08-23,10.466667175292969,10.81999969482422,10.333333015441896,10.78933334350586,10.78933334350586,193978500,3659.2099609375,3660.659912109375,3643.860107421875,3657.7900390625,3657.7900390625,1499890000
2013-08-26,11.010000228881836,11.533332824707031,10.68333339691162,10.947999954223633,10.947999954223633,362566500,3661.81005859375,3684.219970703125,3652.260009765625,3657.570068359375,3657.570068359375,1404230000
2013-08-27,10.81999969482422,11.25333309173584,10.729999542236328,11.133999824523926,11.133999824523926,263503500,3616.06005859375,3629.949951171875,3573.570068359375,3578.52001953125,3578.52001953125,1640040000
2013-08-28,11.27066707611084,11.43333339691162,10.883333206176758,11.096667289733888,11.096667289733888,221101500,3579.110107421875,3607.360107421875,3578.800048828125,3593.35009765625,3593.35009765625,1370650000
2013-08-29,10.947999954223633,11.18333339691162,10.833999633789062,11.070667266845703,11.070667266845703,141540000,3587.070068359375,3635.840087890625,3587.070068359375,3620.300048828125,3620.300048828125,1344900000
2013-08-30,11.091333389282228,11.280667304992676,10.93066692352295,11.266667366027832,11.266667366027832,165426000,3621.590087890625,3621.780029296875,3581.050048828125,3589.8701171875,3589.8701171875,1328320000
2013-09-03,11.5600004196167,11.579999923706056,11.09333324432373,11.262666702270508,11.262666702270508,180916500,3622.639892578125,3637.06005859375,3593.6201171875,3612.610107421875,3612.610107421875,1628810000
2013-09-04,11.317999839782717,11.441332817077637,11.03733253479004,11.374667167663574,11.374667167663574,172135500,3619.050048828125,3651.780029296875,3612.219970703125,3649.0400390625,3649.0400390625,1855980000
2013-09-05,11.34000015258789,11.43333339691162,11.216667175292969,11.32866668701172,11.32866668701172,100279500,3652.43994140625,3665.010009765625,3651.169921875,3658.780029296875,3658.780029296875,1550180000
2013-09-06,11.23799991607666,11.313332557678224,11.010000228881836,11.131333351135254,11.131333351135254,129295500,3672.820068359375,3677.070068359375,3618.77001953125,3660.010009765625,3660.010009765625,1647310000
2013-09-09,10.874667167663574,10.966667175292969,10.567333221435549,10.713333129882812,10.713333129882812,215167500,3675.1201171875,3708.419921875,3675.1201171875,3706.179931640625,3706.179931640625,1664290000
2013-09-10,10.763333320617676,11.166666984558104,10.708666801452637,11.091333389282228,11.091333389282228,134517000,3724.669921875,3729.3798828125,3716.43994140625,3729.02001953125,3729.02001953125,1842570000
2013-09-11,11.093999862670898,11.19333267211914,10.808667182922363,10.90133285522461,10.90133285522461,87487500,3710.7900390625,3726.590087890625,3704.219970703125,3725.010009765625,3725.010009765625,1722380000
2013-09-12,10.93333339691162,11.11733341217041,10.70066738128662,10.995332717895508,10.995332717895508,92400000,3724.530029296875,3731.840087890625,3713.080078125,3715.969970703125,3715.969970703125,1653860000
2013-09-13,10.851332664489746,11.091333389282228,10.810667037963867,11.03600025177002,11.03600025177002,81018000,3723.27001953125,3724.72998046875,3701.8798828125,3722.179931640625,3722.179931640625,1460190000
2013-09-16,11.199999809265137,11.390000343322754,11.05666732788086,11.10533332824707,11.10533332824707,113623500,3755.0,3756.239990234375,3712.469970703125,3717.85009765625,3717.85009765625,1542500000
2013-09-17,11.005332946777344,11.227999687194824,10.890666961669922,11.08199977874756,11.08199977874756,82453500,3725.31005859375,3747.080078125,3724.260009765625,3745.699951171875,3745.699951171875,1338800000
2013-09-18,11.137999534606934,11.16333293914795,10.946666717529297,11.08133316040039,11.08133316040039,81595500,3751.2900390625,3790.699951171875,3737.68994140625,3783.639892578125,3783.639892578125,1828820000
2013-09-19,11.386667251586914,12.031332969665527,11.272000312805176,11.861332893371582,11.861332893371582,233919000,3794.699951171875,3798.159912109375,3781.590087890625,3789.3798828125,3789.3798828125,1775980000
2013-09-20,11.92666721343994,12.388667106628418,11.904000282287598,12.22599983215332,12.22599983215332,201025500,3796.280029296875,3798.760009765625,3774.110107421875,3774.72998046875,3774.72998046875,2711270000
2013-09-23,12.298666954040527,12.36533260345459,11.807332992553713,12.074000358581545,12.074000358581545,122601000,3786.840087890625,3787.139892578125,3745.5400390625,3765.2900390625,3765.2900390625,1728620000
2013-09-24,11.942667007446287,12.330666542053224,11.84333324432373,12.155332565307615,12.155332565307615,94101000,3771.60009765625,3789.85009765625,3753.0400390625,3768.25,3768.25,1810950000
2013-09-25,12.237333297729492,12.420000076293944,12.033332824707031,12.349332809448242,12.349332809448242,123790500,3772.590087890625,3782.919921875,3754.93994140625,3761.10009765625,3761.10009765625,1821790000
2013-09-26,12.446666717529297,12.645333290100098,12.37399959564209,12.576000213623049,12.576000213623049,99216000,3774.949951171875,3795.719970703125,3772.800048828125,3787.429931640625,3787.429931640625,1817960000
2013-09-27,12.501333236694336,12.751999855041504,12.428667068481444,12.726667404174805,12.726667404174805,88746000,3767.889892578125,3788.35009765625,3762.669921875,3781.590087890625,3781.590087890625,1699720000
2013-09-30,12.600000381469728,12.966667175292969,12.533332824707031,12.891332626342772,12.891332626342772,133870500,3737.60009765625,3780.969970703125,3734.739990234375,3771.47998046875,3771.47998046875,1895760000
2013-10-01,12.93066692352295,12.9486665725708,12.55799961090088,12.866666793823242,12.866666793823242,116338500,3774.179931640625,3817.97998046875,3774.179931640625,3817.97998046875,3817.97998046875,1843320000
2013-10-02,12.572667121887209,12.788666725158691,11.69333267211914,12.063332557678224,12.063332557678224,311631000,3793.110107421875,3819.280029296875,3788.449951171875,3815.02001953125,3815.02001953125,1792980000
2013-10-03,11.670000076293944,11.97933292388916,11.199999809265137,11.553999900817873,11.553999900817873,357247500,3809.89990234375,3816.9599609375,3753.169921875,3774.340087890625,3774.340087890625,1884340000
2013-10-04,11.760000228881836,12.07866668701172,11.510000228881836,12.065333366394045,12.065333366394045,216210000,3774.719970703125,3812.860107421875,3773.39990234375,3807.75,3807.75,1549600000
2013-10-07,12.163999557495115,12.4486665725708,12.017333030700684,12.204667091369627,12.204667091369627,172284000,3776.639892578125,3800.080078125,3769.75,3770.3798828125,3770.3798828125,1475990000
2013-10-08,12.293333053588867,12.395333290100098,11.547332763671877,11.648667335510254,11.648667335510254,206358000,3772.219970703125,3772.489990234375,3694.14990234375,3694.830078125,3694.830078125,2087580000
2013-10-09,11.648667335510254,11.666000366210938,10.766667366027832,11.251999855041504,11.251999855041504,229747500,3701.6201171875,3702.14990234375,3650.030029296875,3677.780029296875,3677.780029296875,2242700000
2013-10-10,11.53933334350586,11.716667175292969,11.312666893005373,11.528667449951172,11.528667449951172,133258500,3721.580078125,3764.719970703125,3721.110107421875,3760.75,3760.75,1902410000
2013-10-11,11.516667366027832,11.952667236328123,11.41333293914795,11.91333293914795,11.91333293914795,124666500,3753.219970703125,3794.3701171875,3751.3798828125,3791.8701171875,3791.8701171875,1750350000
2013-10-14,11.666666984558104,12.166666984558104,11.609999656677246,11.981332778930664,11.981332778930664,116544000,3767.489990234375,3816.409912109375,3766.280029296875,3815.280029296875,3815.280029296875,1455160000
2013-10-15,12.35200023651123,12.586000442504885,12.211999893188477,12.262666702270508,12.262666702270508,164677500,3810.719970703125,3824.43994140625,3789.679931640625,3794.010009765625,3794.010009765625,1745560000
2013-10-16,12.326666831970217,12.486666679382324,12.13933277130127,12.237333297729492,12.237333297729492,123081000,3815.0,3840.47998046875,3814.14990234375,3839.429931640625,3839.429931640625,1744000000
2013-10-17,12.236000061035156,12.31999969482422,12.065999984741213,12.186667442321776,12.186667442321776,100575000,3822.85009765625,3863.489990234375,3821.429931640625,3863.14990234375,3863.14990234375,1975140000
2013-10-18,12.276666641235352,12.397333145141602,12.16800022125244,12.226667404174805,12.226667404174805,88962000,3893.360107421875,3914.929931640625,3882.06005859375,3914.280029296875,3914.280029296875,1943090000
2013-10-21,12.218667030334473,12.22599983215332,11.399999618530272,11.506667137145996,11.506667137145996,172981500,3922.64990234375,3931.449951171875,3909.909912109375,3920.050048828125,3920.050048828125,1674470000
2013-10-22,11.366666793823242,11.85200023651123,11.074000358581545,11.435999870300291,11.435999870300291,170800500,3935.5400390625,3947.669921875,3904.06005859375,3929.570068359375,3929.570068359375,1890500000
2013-10-23,11.260666847229004,11.45400047302246,10.67666721343994,10.966667175292969,10.966667175292969,199806000,3907.300048828125,3911.639892578125,3887.669921875,3907.070068359375,3907.070068359375,1915030000
2013-10-24,11.0,11.633333206176758,10.85533332824707,11.543333053588867,11.543333053588867,162385500,3911.610107421875,3932.60009765625,3907.5400390625,3928.9599609375,3928.9599609375,2054350000
2013-10-25,11.61400032043457,11.633333206176758,11.119999885559082,11.310667037963867,11.310667037963867,113932500,3955.97998046875,3961.10009765625,3927.5,3943.360107421875,3943.360107421875,2225780000
2013-10-28,11.345333099365234,11.366666793823242,10.813332557678224,10.857333183288574,10.857333183288574,117625500,3942.56005859375,3947.580078125,3927.090087890625,3940.1298828125,3940.1298828125,1904810000
2013-10-29,10.850666999816896,11.029999732971191,10.199999809265137,10.964667320251465,10.964667320251465,211675500,3954.340087890625,3957.1201171875,3934.93994140625,3952.340087890625,3952.340087890625,1897380000
2013-10-30,10.975333213806152,11.178667068481444,10.54466724395752,10.614666938781738,10.614666938781738,126027000,3962.39990234375,3966.7099609375,3919.139892578125,3930.6201171875,3930.6201171875,1923000000
2013-10-31,10.378000259399414,10.829333305358888,10.220000267028809,10.662667274475098,10.662667274475098,140007000,3924.340087890625,3945.0400390625,3909.260009765625,3919.7099609375,3919.7099609375,2139650000
2013-11-01,10.866666793823242,11.0600004196167,10.694000244140623,10.81133270263672,10.81133270263672,107709000,3932.449951171875,3938.47998046875,3904.199951171875,3922.0400390625,3922.0400390625,1949460000
2013-11-04,11.0,11.692667007446287,10.947999954223633,11.68000030517578,11.68000030517578,196806000,3932.60009765625,3937.5,3919.4599609375,3936.590087890625,3936.590087890625,1817880000
2013-11-05,12.0,12.095333099365234,11.423999786376951,11.78733253479004,11.78733253479004,337006500,3925.06005859375,3947.27001953125,3909.6298828125,3939.860107421875,3939.860107421875,1934630000
2013-11-06,10.320667266845703,10.715332984924316,9.756667137145996,10.077333450317385,10.077333450317385,466075500,3952.179931640625,3955.969970703125,3920.909912109375,3931.949951171875,3931.949951171875,2020160000
2013-11-07,9.612667083740234,9.710000038146973,9.174667358398438,9.317999839782717,9.317999839782717,334270500,3935.81005859375,3938.330078125,3855.070068359375,3857.330078125,3857.330078125,2303320000
2013-11-08,9.09866714477539,9.373332977294922,8.821332931518555,9.196666717529297,9.196666717529297,337168500,3871.239990234375,3919.22998046875,3869.1201171875,3919.22998046875,3919.22998046875,1981740000
2013-11-11,9.399999618530272,9.694666862487791,9.140000343322754,9.646666526794434,9.646666526794434,209964000,3913.639892578125,3925.340087890625,3904.719970703125,3919.7900390625,3919.7900390625,1595340000
2013-11-12,9.645999908447266,9.646666526794434,9.07866668701172,9.186667442321776,9.186667442321776,224778000,3907.820068359375,3922.27001953125,3902.669921875,3919.919921875,3919.919921875,1776860000
2013-11-13,9.38933277130127,9.4913330078125,9.089332580566406,9.24666690826416,9.24666690826416,189874500,3899.3798828125,3965.580078125,3899.31005859375,3965.580078125,3965.580078125,1827220000
2013-11-14,9.261333465576172,9.359999656677246,8.940667152404785,9.173333168029783,9.173333168029783,183055500,3956.469970703125,3975.889892578125,3949.010009765625,3972.739990234375,3972.739990234375,1965350000
2013-11-15,9.123332977294922,9.196666717529297,8.956666946411133,9.029999732971191,9.029999732971191,148503000,3978.27001953125,3985.969970703125,3969.219970703125,3985.969970703125,3985.969970703125,1899150000
2013-11-18,9.017999649047852,9.029999732971191,7.973999977111816,8.10533332824707,8.10533332824707,347073000,3990.06005859375,3994.969970703125,3942.85009765625,3949.070068359375,3949.070068359375,1829870000
2013-11-19,7.961999893188477,8.600000381469727,7.947999954223633,8.406000137329102,8.406000137329102,297243000,3945.97998046875,3960.43994140625,3923.469970703125,3931.550048828125,3931.550048828125,1747840000
2013-11-20,8.405332565307617,8.49666690826416,7.937333106994629,8.074000358581543,8.074000358581543,207744000,3940.97998046875,3952.080078125,3911.610107421875,3921.27001953125,3921.27001953125,1721160000
2013-11-21,8.192667007446289,8.31933307647705,8.016667366027832,8.140000343322754,8.140000343322754,178557000,3938.110107421875,3970.909912109375,3936.820068359375,3969.159912109375,3969.159912109375,1684250000
2013-11-22,8.10533332824707,8.183333396911621,7.861999988555908,8.092000007629395,8.092000007629395,166450500,3977.31005859375,3991.659912109375,3973.0,3991.64990234375,3991.64990234375,1730280000
2013-11-25,8.300000190734863,8.38933277130127,8.020000457763672,8.055999755859375,8.055999755859375,154009500,4004.3701171875,4007.090087890625,3987.159912109375,3994.570068359375,3994.570068359375,1795760000
2013-11-26,7.958666801452637,8.1813325881958,7.739999771118164,8.033332824707031,8.033332824707031,208282500,3996.699951171875,4026.989990234375,3989.489990234375,4017.75,4017.75,1907680000
2013-11-27,8.087332725524902,8.463333129882812,7.967999935150147,8.462667465209961,8.462667465209961,185514000,4026.919921875,4045.81005859375,4023.64990234375,4044.75,4044.75,1477020000
2013-11-29,8.65133285522461,8.706000328063965,8.465332984924316,8.485333442687988,8.485333442687988,145743000,4057.159912109375,4069.699951171875,4055.449951171875,4059.889892578125,4059.889892578125,853500000
2013-12-02,8.423333168029785,8.569999694824219,8.26200008392334,8.277999877929688,8.277999877929688,116268000,4065.659912109375,4068.489990234375,4040.8798828125,4045.260009765625,4045.260009765625,1680380000
2013-12-03,8.845333099365234,9.662667274475098,8.772666931152344,9.646666526794434,9.646666526794434,385236000,4038.989990234375,4050.080078125,4022.1201171875,4037.199951171875,4037.199951171875,1875010000
2013-12-04,9.621333122253418,9.628666877746582,9.142000198364258,9.263333320617676,9.263333320617676,197215500,4020.330078125,4051.739990234375,4004.760009765625,4038.0,4038.0,1886970000
2013-12-05,9.34333324432373,9.55666732788086,9.300000190734863,9.36533260345459,9.36533260345459,139326000,4037.989990234375,4043.7099609375,4025.260009765625,4033.169921875,4033.169921875,1880950000
2013-12-06,9.434000015258787,9.499333381652832,9.08666706085205,9.157333374023438,9.157333374023438,118644000,4069.860107421875,4069.860107421875,4042.35009765625,4062.52001953125,4062.52001953125,1727130000
2013-12-09,9.133333206176758,9.446666717529297,8.947333335876465,9.4399995803833,9.4399995803833,135922500,4073.75,4081.780029296875,4063.5,4068.75,4068.75,1717120000
2013-12-10,9.33666706085205,9.724666595458984,9.324000358581545,9.47933292388916,9.47933292388916,161223000,4061.169921875,4074.010009765625,4056.489990234375,4060.489990234375,4060.489990234375,1864860000
2013-12-11,9.458666801452637,9.536666870117188,9.29933261871338,9.3100004196167,9.3100004196167,107067000,4061.669921875,4065.080078125,3998.919921875,4003.81005859375,4003.81005859375,1923520000
2013-12-12,9.313332557678224,9.88266658782959,9.235333442687988,9.83133316040039,9.83133316040039,161517000,4004.75,4013.5400390625,3993.570068359375,3998.39990234375,3998.39990234375,1893270000
2013-12-13,9.869999885559082,10.119999885559082,9.821332931518556,9.84333324432373,9.84333324432373,158878500,4015.530029296875,4017.449951171875,3992.2900390625,4000.97998046875,4000.97998046875,1615340000
2013-12-16,9.898667335510254,10.028667449951172,9.739999771118164,9.862667083740234,9.862667083740234,100129500,4019.3701171875,4043.0,4019.139892578125,4029.52001953125,4029.52001953125,1943830000
2013-12-17,9.838666915893556,10.308667182922363,9.754667282104492,10.163999557495115,10.163999557495115,157425000,4028.8798828125,4034.68994140625,4011.580078125,4023.679931640625,4023.679931640625,1861130000
2013-12-18,10.149333000183104,10.326666831970217,9.729999542236328,9.86533260345459,9.86533260345459,173728500,4024.669921875,4070.3798828125,3979.590087890625,4070.06005859375,4070.06005859375,2178330000
2013-12-19,9.793333053588867,9.800000190734863,9.273332595825195,9.381333351135254,9.381333351135254,191100000,4059.340087890625,4063.699951171875,4045.409912109375,4058.139892578125,4058.139892578125,1813050000
2013-12-20,9.43866729736328,9.623332977294922,9.43866729736328,9.54933261871338,9.54933261871338,111189000,4064.889892578125,4111.93017578125,4064.72998046875,4104.740234375,4104.740234375,3510420000
2013-12-23,9.65666675567627,9.749333381652832,9.506667137145996,9.56999969482422,9.56999969482422,80782500,4136.14990234375,4149.31005859375,4127.72021484375,4148.89990234375,4148.89990234375,1779400000
2013-12-24,10.0,10.33133316040039,9.98799991607666,10.093999862670898,10.093999862670898,149122500,4150.64013671875,4155.6201171875,4147.14990234375,4155.419921875,4155.419921875,802270000
2013-12-26,10.336000442504885,10.533332824707031,10.28600025177002,10.366666793823242,10.366666793823242,106942500,4164.2099609375,4169.97021484375,4158.58984375,4167.18017578125,4167.18017578125,1180670000
2013-12-27,10.353333473205566,10.366666793823242,10.053333282470703,10.074666976928713,10.074666976928713,81903000,4173.35986328125,4175.35986328125,4153.64013671875,4156.58984375,4156.58984375,1255020000
2013-12-30,10.074666976928713,10.320667266845703,10.050000190734863,10.162667274475098,10.162667274475098,67012500,4153.580078125,4158.72998046875,4142.18017578125,4154.2001953125,4154.2001953125,1349470000
2013-12-31,10.154666900634766,10.213333129882812,9.910667419433594,10.028667449951172,10.028667449951172,63936000,4161.509765625,4177.72998046875,4160.77001953125,4176.58984375,4176.58984375,1401140000
2014-01-02,9.986666679382324,10.165332794189451,9.770000457763672,10.006667137145996,10.006667137145996,92826000,4160.02978515625,4160.9599609375,4131.7900390625,4143.06982421875,4143.06982421875,1738820000
2014-01-03,10.0,10.145999908447266,9.90666675567627,9.970666885375977,9.970666885375977,70425000,4148.56005859375,4152.9599609375,4124.9599609375,4131.91015625,4131.91015625,1667480000
2014-01-06,10.0,10.026666641235352,9.682666778564451,9.800000190734863,9.800000190734863,80416500,4137.02978515625,4139.77978515625,4103.75,4113.68017578125,4113.68017578125,2292840000
2014-01-07,9.841333389282228,10.026666641235352,9.68333339691162,9.957332611083984,9.957332611083984,75511500,4128.56982421875,4158.18017578125,4126.47998046875,4153.18017578125,4153.18017578125,2278220000
2014-01-08,9.923333168029783,10.24666690826416,9.917332649230955,10.085332870483398,10.085332870483398,92448000,4154.27978515625,4171.75,4145.0,4165.60986328125,4165.60986328125,2345220000
2014-01-09,10.166666984558104,10.228667259216309,9.789999961853027,9.835332870483398,9.835332870483398,80730000,4179.0400390625,4182.740234375,4142.7001953125,4156.18994140625,4156.18994140625,2214770000
2014-01-10,9.897333145141602,9.92666721343994,9.483332633972168,9.714667320251465,9.714667320251465,111691500,4168.93994140625,4174.68017578125,4142.2099609375,4174.669921875,4174.669921875,2143070000
2014-01-13,9.718667030334473,9.800000190734863,9.187999725341797,9.28933334350586,9.28933334350586,94741500,4167.41015625,4179.47021484375,4097.990234375,4113.2998046875,4113.2998046875,2322240000
2014-01-14,9.366666793823242,10.800000190734863,9.111332893371582,10.751333236694336,10.751333236694336,414105000,4129.60009765625,4183.83984375,4125.81005859375,4183.02001953125,4183.02001953125,2034180000
2014-01-15,11.229999542236328,11.482000350952148,10.80666732788086,10.94200038909912,10.94200038909912,306984000,4196.52978515625,4218.7900390625,4195.97998046875,4214.8798828125,4214.8798828125,2101870000
2014-01-16,10.833333015441896,11.513333320617676,10.826666831970217,11.39799976348877,11.39799976348877,179391000,4209.58984375,4219.27978515625,4204.16015625,4218.68994140625,4218.68994140625,2005850000
2014-01-17,11.345999717712402,11.546667098999023,11.196666717529297,11.333999633789062,11.333999633789062,138093000,4207.81982421875,4217.240234375,4187.31005859375,4197.580078125,4197.580078125,2150370000
2014-01-21,11.416000366210938,11.81933307647705,11.387332916259766,11.778667449951172,11.778667449951172,146020500,4222.97998046875,4227.93017578125,4193.169921875,4225.759765625,4225.759765625,2034030000
2014-01-22,11.854000091552734,12.021332740783691,11.650667190551758,11.904000282287598,11.904000282287598,105339000,4234.580078125,4246.5498046875,4225.52001953125,4243.0,4243.0,2026910000
2014-01-23,11.815333366394045,12.158666610717772,11.56133270263672,12.100000381469728,12.100000381469728,118011000,4224.35986328125,4224.43994140625,4192.27978515625,4218.8798828125,4218.8798828125,2191980000
2014-01-24,11.856666564941406,12.031999588012695,11.5686674118042,11.640000343322754,11.640000343322754,114964500,4194.97021484375,4197.93017578125,4128.169921875,4128.169921875,4128.169921875,2489470000
2014-01-27,11.677332878112791,11.861332893371582,10.980667114257812,11.30799961090088,11.30799961090088,130746000,4132.22021484375,4136.4599609375,4052.6298828125,4083.610107421875,4083.610107421875,2398280000
2014-01-28,11.43333339691162,11.932000160217283,11.399999618530272,11.892000198364258,11.892000198364258,91401000,4067.860107421875,4099.81005859375,4067.68994140625,4097.9599609375,4097.9599609375,2091180000
2014-01-29,11.686667442321776,11.939332962036133,11.541999816894531,11.682000160217283,11.682000160217283,89032500,4060.610107421875,4091.27001953125,4044.760009765625,4051.429931640625,4051.429931640625,2231850000
2014-01-30,11.866666793823242,12.3186674118042,11.800666809082031,12.189332962036133,12.189332962036133,128475000,4098.81005859375,4135.83984375,4094.169921875,4123.1298828125,4123.1298828125,2168410000
2014-01-31,11.923333168029783,12.399999618530272,11.900667190551758,12.093999862670898,12.093999862670898,97632000,4068.6298828125,4124.919921875,4067.610107421875,4103.8798828125,4103.8798828125,2300570000
2014-02-03,12.192667007446287,12.325332641601562,11.677332878112791,11.807332992553713,11.807332992553713,101473500,4105.06005859375,4113.5498046875,3989.949951171875,3996.9599609375,3996.9599609375,2617030000
2014-02-04,12.046667098999023,12.106666564941406,11.74666690826416,11.915332794189451,11.915332794189451,70294500,4019.43994140625,4044.199951171875,4004.580078125,4031.52001953125,4031.52001953125,2173360000
2014-02-05,11.886667251586914,12.03933334350586,11.290666580200195,11.628000259399414,11.628000259399414,109020000,4015.5,4026.280029296875,3968.18994140625,4011.550048828125,4011.550048828125,2168360000
2014-02-06,11.75333309173584,12.007332801818848,11.733332633972168,11.892000198364258,11.892000198364258,87624000,4022.659912109375,4064.06005859375,4022.169921875,4057.1201171875,4057.1201171875,1942700000
2014-02-07,12.067333221435549,12.44200038909912,11.973333358764648,12.435333251953123,12.435333251953123,133927500,4081.820068359375,4126.509765625,4069.929931640625,4125.85986328125,4125.85986328125,2055850000
2014-02-10,12.62266731262207,13.286666870117188,12.621333122253418,13.104000091552734,13.104000091552734,194560500,4125.1201171875,4148.2998046875,4122.60986328125,4148.169921875,4148.169921875,1811970000
2014-02-11,13.264666557312012,13.479999542236328,12.846667289733888,13.107999801635742,13.107999801635742,160648500,4154.66015625,4198.509765625,4153.10009765625,4191.0498046875,4191.0498046875,1993950000
2014-02-12,13.052000045776367,13.218000411987305,12.954667091369627,13.021332740783691,13.021332740783691,77605500,4196.85009765625,4212.60986328125,4190.39013671875,4201.2900390625,4201.2900390625,2035890000
2014-02-13,12.88933277130127,13.514666557312012,12.883333206176758,13.308667182922363,13.308667182922363,120439500,4171.580078125,4240.669921875,4170.47021484375,4240.669921875,4240.669921875,2249990000
2014-02-14,13.206666946411133,13.458666801452637,13.133333206176758,13.215332984924316,13.215332984924316,92370000,4237.0,4250.91015625,4225.75,4244.02001953125,4244.02001953125,1881510000
2014-02-18,13.682666778564451,13.733332633972168,13.423999786376951,13.579999923706056,13.579999923706056,139992000,4253.7099609375,4277.330078125,4243.56005859375,4272.77978515625,4272.77978515625,1886210000
2014-02-19,13.579999923706056,13.579999923706056,12.894000053405762,12.90933322906494,12.90933322906494,242535000,4260.740234375,4274.2900390625,4232.3798828125,4237.9501953125,4237.9501953125,1956720000
2014-02-20,14.333999633789062,14.347332954406738,13.751333236694336,13.998000144958496,13.998000144958496,270034500,4241.4599609375,4272.33984375,4226.75,4267.5498046875,4267.5498046875,1992780000
2014-02-21,14.109333038330078,14.26533317565918,13.946000099182127,13.973333358764648,13.973333358764648,117282000,4282.169921875,4284.85009765625,4261.6298828125,4263.41015625,4263.41015625,2138250000
2014-02-24,13.917332649230955,14.557332992553713,13.887999534606934,14.510000228881836,14.510000228881836,124176000,4273.31982421875,4311.1298828125,4272.10986328125,4292.97021484375,4292.97021484375,2161300000
2014-02-25,15.333333015441896,17.280000686645508,15.229999542236328,16.53333282470703,16.53333282470703,490225500,4298.47998046875,4307.509765625,4275.7998046875,4287.58984375,4287.58984375,2137150000
2014-02-26,17.238666534423828,17.666667938232422,16.5,16.866666793823242,16.866666793823242,369069000,4300.4501953125,4316.81982421875,4278.5400390625,4292.06005859375,4292.06005859375,2108270000
2014-02-27,17.416667938232422,17.459999084472656,16.55533218383789,16.836000442504883,16.836000442504883,269187000,4291.47021484375,4322.4599609375,4284.77978515625,4318.93017578125,4318.93017578125,2049160000
2014-02-28,16.643333435058594,16.845333099365234,16.170000076293945,16.320667266845703,16.320667266845703,218847000,4323.52001953125,4342.58984375,4275.60986328125,4308.1201171875,4308.1201171875,2617730000
2014-03-03,15.817333221435549,16.77666664123535,15.666000366210938,16.70400047302246,16.70400047302246,196339500,4261.419921875,4284.14990234375,4239.64990234375,4277.2998046875,4277.2998046875,2077500000
2014-03-04,17.23200035095215,17.333332061767578,16.85533332824707,16.98933219909668,16.98933219909668,131184000,4327.85009765625,4357.2099609375,4327.5400390625,4351.97021484375,4351.97021484375,2477850000
2014-03-05,17.114667892456055,17.132667541503906,16.786666870117188,16.8439998626709,16.8439998626709,89035500,4352.759765625,4362.5,4344.14990234375,4357.97021484375,4357.97021484375,2215980000
2014-03-06,16.94266700744629,17.166667938232422,16.6299991607666,16.862667083740234,16.862667083740234,110416500,4368.81005859375,4371.7099609375,4341.0,4352.1298828125,4352.1298828125,2136260000
2014-03-07,16.862667083740234,16.989999771118164,16.29400062561035,16.413999557495117,16.413999557495117,117184500,4370.97998046875,4371.39013671875,4319.14990234375,4336.22021484375,4336.22021484375,2175560000
2014-03-10,16.18000030517578,16.200000762939453,15.737333297729492,15.922666549682615,15.922666549682615,115921500,4332.6201171875,4339.93017578125,4307.83984375,4334.4501953125,4334.4501953125,2111610000
2014-03-11,15.766667366027832,16.30666732788086,15.495332717895508,15.62733268737793,15.62733268737793,132151500,4342.93017578125,4354.43017578125,4295.47021484375,4307.18994140625,4307.18994140625,2477780000
2014-03-12,15.43333339691162,16.5,15.407333374023438,16.099332809448242,16.099332809448242,146316000,4288.60009765625,4323.330078125,4270.22021484375,4323.330078125,4323.330078125,2131880000
2014-03-13,16.252666473388672,16.279333114624023,15.600000381469728,15.852666854858398,15.852666854858398,93544500,4338.259765625,4339.89990234375,4242.9501953125,4260.419921875,4260.419921875,2383600000
2014-03-14,15.685999870300291,15.79599952697754,15.221332550048828,15.39799976348877,15.39799976348877,124345500,4250.4501953125,4272.33984375,4241.93994140625,4245.39990234375,4245.39990234375,2196890000
2014-03-17,15.66333293914795,15.862000465393066,15.366666793823242,15.59866714477539,15.59866714477539,88689000,4274.22021484375,4301.27978515625,4273.009765625,4279.9501953125,4279.9501953125,1810410000
2014-03-18,15.796667098999023,16.100000381469727,15.66800022125244,16.002666473388672,16.002666473388672,93634500,4286.22021484375,4334.66015625,4284.10986328125,4333.31005859375,4333.31005859375,1962890000
2014-03-19,16.092666625976562,16.10333251953125,15.567333221435549,15.72266674041748,15.72266674041748,76069500,4331.4599609375,4334.2998046875,4283.5400390625,4307.60009765625,4307.60009765625,1992750000
2014-03-20,15.744000434875488,15.949999809265137,15.557332992553713,15.660667419433594,15.660667419433594,57268500,4297.990234375,4329.60986328125,4287.41015625,4319.2900390625,4319.2900390625,1847270000
2014-03-21,15.73466682434082,15.74666690826416,15.166666984558104,15.259332656860352,15.259332656860352,123253500,4339.89990234375,4344.39013671875,4268.33984375,4276.7900390625,4276.7900390625,3245740000
2014-03-24,15.31666660308838,15.326666831970217,14.017999649047852,14.678000450134276,14.678000450134276,169932000,4289.490234375,4289.490234375,4190.60986328125,4226.39013671875,4226.39013671875,2434650000
2014-03-25,14.942667007446287,15.136667251586914,14.526666641235352,14.696000099182127,14.696000099182127,117981000,4252.64990234375,4274.31982421875,4203.64013671875,4234.27001953125,4234.27001953125,2270760000
2014-03-26,14.796667098999023,14.84000015258789,14.09000015258789,14.197333335876465,14.197333335876465,103609500,4254.97998046875,4263.06982421875,4173.580078125,4173.580078125,4173.580078125,2455460000
2014-03-27,14.157999992370604,14.239999771118164,13.533332824707031,13.821332931518556,13.821332931518556,142435500,4169.35009765625,4186.1298828125,4131.81005859375,4151.22998046875,4151.22998046875,2270650000
2014-03-28,14.186667442321776,14.447999954223633,14.017999649047852,14.157999992370604,14.157999992370604,145272000,4163.18017578125,4203.490234375,4144.68994140625,4155.759765625,4155.759765625,2029840000
2014-03-31,14.43333339691162,14.449999809265137,13.759332656860352,13.896666526794434,13.896666526794434,125700000,4185.6298828125,4212.97021484375,4180.5400390625,4198.990234375,4198.990234375,2090850000
2014-04-01,13.934666633605955,14.543999671936035,13.905332565307615,14.464667320251465,14.464667320251465,110571000,4219.8701171875,4268.2001953125,4218.77001953125,4268.0400390625,4268.0400390625,2153130000
2014-04-02,14.666666984558104,15.392666816711426,14.536666870117188,15.352666854858398,15.352666854858398,161734500,4281.60986328125,4286.08984375,4258.85986328125,4276.4599609375,4276.4599609375,2187100000
2014-04-03,15.353333473205566,15.715332984924316,14.800000190734863,15.026666641235352,15.026666641235352,163855500,4282.18017578125,4284.68994140625,4216.56982421875,4237.740234375,4237.740234375,2067370000
2014-04-04,15.067333221435549,15.218000411987305,14.083333015441896,14.148667335510254,14.148667335510254,170184000,4263.93994140625,4267.06005859375,4118.7099609375,4127.72998046875,4127.72998046875,2621270000
2014-04-07,13.720666885375977,14.41333293914795,13.567333221435549,13.834667205810549,13.834667205810549,147832500,4110.919921875,4133.68017578125,4052.139892578125,4079.75,4079.75,2554680000
2014-04-08,14.00333309173584,14.432666778564451,13.761333465576172,14.36400032043457,14.36400032043457,103339500,4085.179931640625,4120.240234375,4066.110107421875,4112.990234375,4112.990234375,2198900000
2014-04-09,14.45066738128662,14.563332557678224,14.059332847595217,14.461999893188477,14.461999893188477,77368500,4129.6298828125,4185.18994140625,4121.169921875,4183.89990234375,4183.89990234375,1957560000
2014-04-10,14.454667091369627,14.5,13.586000442504885,13.612667083740234,13.612667083740234,108172500,4181.2099609375,4182.60986328125,4042.760009765625,4054.110107421875,4054.110107421875,2421210000
2014-04-11,13.37399959564209,13.800000190734863,13.239999771118164,13.585332870483398,13.585332870483398,136008000,4015.070068359375,4067.219970703125,3991.639892578125,3999.72998046875,3999.72998046875,2264480000
2014-04-14,13.84000015258789,13.895999908447266,12.96066665649414,13.206000328063965,13.206000328063965,115545000,4038.06005859375,4050.7900390625,3986.5,4022.68994140625,4022.68994140625,1890480000
2014-04-15,13.272666931152344,13.28600025177002,12.288000106811523,12.927332878112791,12.927332878112791,204889500,4032.6298828125,4054.800048828125,3946.030029296875,4034.159912109375,4034.159912109375,2413110000
2014-04-16,13.133333206176758,13.332667350769045,12.721332550048828,13.27400016784668,13.27400016784668,108033000,4066.820068359375,4086.280029296875,4038.81005859375,4086.22998046875,4086.22998046875,1863110000
2014-04-17,13.307332992553713,13.486000061035156,12.93866729736328,13.208000183105469,13.208000183105469,88902000,4080.300048828125,4110.4599609375,4064.699951171875,4095.52001953125,4095.52001953125,1954720000
2014-04-21,13.138667106628418,13.74666690826416,12.93333339691162,13.625332832336426,13.625332832336426,78873000,4105.3701171875,4121.5498046875,4081.909912109375,4121.5498046875,4121.5498046875,1544440000
2014-04-22,13.757332801818848,14.621999740600586,13.667332649230955,14.576000213623049,14.576000213623049,147070500,4132.06005859375,4170.72021484375,4131.60986328125,4161.4599609375,4161.4599609375,1875930000
2014-04-23,14.42199993133545,14.449333190917969,13.800000190734863,13.866000175476074,13.866000175476074,109434000,4160.89990234375,4161.43994140625,4125.41015625,4126.97021484375,4126.97021484375,1794760000
2014-04-24,14.053999900817873,14.186667442321776,13.546667098999023,13.857333183288574,13.857333183288574,82428000,4174.60986328125,4177.16015625,4107.52001953125,4148.33984375,4148.33984375,2130870000
2014-04-25,13.466667175292969,13.779999732971191,13.17666721343994,13.32333278656006,13.32333278656006,104950500,4125.16015625,4126.97998046875,4068.10009765625,4075.56005859375,4075.56005859375,2087140000
2014-04-28,13.333333015441896,13.586000442504885,12.699999809265137,13.234000205993652,13.234000205993652,105630000,4091.81005859375,4111.58984375,4014.169921875,4074.39990234375,4074.39990234375,2348320000
2014-04-29,13.21399974822998,13.8100004196167,13.035332679748535,13.79466724395752,13.79466724395752,86686500,4089.510009765625,4111.4501953125,4070.25,4103.5400390625,4103.5400390625,1911240000
2014-04-30,13.57333278656006,13.87733268737793,13.41866683959961,13.859333038330078,13.859333038330078,66609000,4085.18994140625,4116.14013671875,4070.6298828125,4114.56005859375,4114.56005859375,2151400000
2014-05-01,13.805333137512209,14.267999649047852,13.71266746520996,13.84866714477539,13.84866714477539,81598500,4121.25,4149.56005859375,4105.60986328125,4127.4501953125,4127.4501953125,2077040000
2014-05-02,13.90666675567627,14.09066677093506,13.767999649047852,14.060667037963867,14.060667037963867,61302000,4138.6298828125,4145.06005859375,4115.89013671875,4123.89990234375,4123.89990234375,1844790000
2014-05-05,13.965332984924316,14.512666702270508,13.90133285522461,14.440667152404783,14.440667152404783,77205000,4099.25,4138.33984375,4086.35009765625,4138.06005859375,4138.06005859375,1561170000
2014-05-06,14.4399995803833,14.577333450317385,13.789999961853027,13.8186674118042,13.8186674118042,84550500,4128.22021484375,4132.4599609375,4080.760009765625,4080.760009765625,4080.760009765625,1850610000
2014-05-07,13.97599983215332,14.013333320617676,13.149999618530272,13.423333168029783,13.423333168029783,152689500,4085.489990234375,4091.030029296875,4021.050048828125,4067.669921875,4067.669921875,2486030000
2014-05-08,12.133333206176758,12.960000038146973,11.866666793823242,11.906000137329102,11.906000137329102,300849000,4053.280029296875,4109.2001953125,4039.909912109375,4051.5,4051.5,2411940000
2014-05-09,11.990667343139648,12.226667404174805,11.814666748046877,12.150667190551758,12.150667190551758,127428000,4043.43994140625,4071.8701171875,4025.239990234375,4071.8701171875,4071.8701171875,1976160000
2014-05-12,12.258000373840332,12.47933292388916,11.991999626159668,12.31133270263672,12.31133270263672,105034500,4092.840087890625,4146.5400390625,4092.090087890625,4143.85986328125,4143.85986328125,1880020000
2014-05-13,12.250666618347168,12.755999565124512,12.199999809265137,12.677332878112791,12.677332878112791,106458000,4144.89990234375,4155.1298828125,4128.009765625,4130.169921875,4130.169921875,1923480000
2014-05-14,12.596667289733888,12.898667335510254,12.473333358764648,12.708000183105469,12.708000183105469,81100500,4122.080078125,4132.330078125,4093.830078125,4100.6298828125,4100.6298828125,1764430000
2014-05-15,12.665332794189451,12.843999862670898,12.353333473205566,12.572667121887209,12.572667121887209,90606000,4096.52978515625,4098.25,4035.9599609375,4069.2900390625,4069.2900390625,2083030000
2014-05-16,12.596667289733888,12.802666664123535,12.514666557312012,12.77066707611084,12.77066707611084,67315500,4070.35009765625,4091.159912109375,4044.27001953125,4090.590087890625,4090.590087890625,1741070000
2014-05-19,12.714667320251465,13.12600040435791,12.666666984558104,13.072667121887209,13.072667121887209,68575500,4080.330078125,4128.47021484375,4075.699951171875,4125.81005859375,4125.81005859375,1601400000
2014-05-20,13.129332542419434,13.288666725158691,12.871333122253418,13.020000457763672,13.020000457763672,83191500,4121.10986328125,4124.85986328125,4080.610107421875,4096.89013671875,4096.89013671875,1797910000
2014-05-21,13.07866668701172,13.324666976928713,12.986000061035156,13.296667098999023,13.296667098999023,79281000,4105.9599609375,4133.60986328125,4103.60986328125,4131.5400390625,4131.5400390625,1703500000
2014-05-22,13.356666564941406,13.791999816894531,13.303999900817873,13.658666610717772,13.658666610717772,93217500,4136.08984375,4164.85009765625,4131.47021484375,4154.33984375,4154.33984375,1835810000
2014-05-23,13.635333061218262,13.850666999816896,13.5,13.81999969482422,13.81999969482422,60102000,4159.77978515625,4186.580078125,4148.2998046875,4185.81005859375,4185.81005859375,1536610000
2014-05-27,13.90133285522461,14.258000373840332,13.846667289733888,14.104000091552734,14.104000091552734,80116500,4206.43994140625,4237.06982421875,4204.72021484375,4237.06982421875,4237.06982421875,1812330000
2014-05-28,14.001333236694336,14.184666633605955,13.684000015258787,14.015999794006348,14.015999794006348,82426500,4234.9599609375,4238.169921875,4216.89013671875,4225.080078125,4225.080078125,1785140000
2014-05-29,14.038000106811523,14.166000366210938,13.847999572753906,14.015999794006348,14.015999794006348,55387500,4238.0400390625,4247.9501953125,4228.9599609375,4247.9501953125,4247.9501953125,1714000000
2014-05-30,14.020000457763672,14.31999969482422,13.8013334274292,13.851332664489746,13.851332664489746,83716500,4251.490234375,4252.080078125,4221.9501953125,4242.6201171875,4242.6201171875,1903660000
2014-06-02,13.821999549865724,13.956666946411133,13.444666862487791,13.646666526794434,13.646666526794434,70021500,4247.9599609375,4247.9599609375,4207.60986328125,4237.2001953125,4237.2001953125,1631310000
2014-06-03,13.565999984741213,13.866666793823242,13.505999565124512,13.662667274475098,13.662667274475098,57912000,4222.0400390625,4240.35009765625,4215.7998046875,4234.080078125,4234.080078125,1718640000
2014-06-04,13.623332977294922,13.750666618347168,13.359999656677246,13.599332809448242,13.599332809448242,51411000,4222.2099609375,4256.18994140625,4216.22998046875,4251.64013671875,4251.64013671875,1610090000
2014-06-05,13.631333351135254,13.946666717529297,13.603333473205566,13.793333053588867,13.793333053588867,60819000,4259.1201171875,4299.5,4241.68017578125,4296.22998046875,4296.22998046875,1926750000
2014-06-06,13.983332633972168,14.053999900817873,13.812000274658203,13.878000259399414,13.878000259399414,46107000,4312.759765625,4322.509765625,4305.740234375,4321.39990234375,4321.39990234375,1616650000
2014-06-09,13.863332748413086,13.999333381652832,13.613332748413086,13.687333106994627,13.687333106994627,42085500,4324.35009765625,4346.740234375,4320.27978515625,4336.240234375,4336.240234375,1783060000
2014-06-10,13.628666877746582,13.79800033569336,13.436667442321776,13.486666679382324,13.486666679382324,52720500,4329.2001953125,4338.8701171875,4319.93017578125,4338.0,4338.0,1787120000
2014-06-11,13.43333339691162,13.666666984558104,13.283332824707031,13.631333351135254,13.631333351135254,59662500,4322.919921875,4338.2099609375,4315.490234375,4331.93017578125,4331.93017578125,1778460000
2014-06-12,13.673333168029783,13.991999626159668,13.513999938964844,13.567999839782717,13.567999839782717,89905500,4323.10986328125,4328.35009765625,4284.52978515625,4297.6298828125,4297.6298828125,1908190000
2014-06-13,13.652000427246094,13.78600025177002,13.43866729736328,13.761333465576172,13.761333465576172,53164500,4315.31005859375,4317.669921875,4288.41015625,4310.64990234375,4310.64990234375,1754560000
2014-06-16,13.784000396728516,15.03266716003418,13.750666618347168,14.973999977111816,14.973999977111816,198696000,4303.93017578125,4326.89013671875,4296.259765625,4321.10009765625,4321.10009765625,1675120000
2014-06-17,14.940667152404783,15.702667236328123,14.856666564941406,15.444666862487791,15.444666862487791,199573500,4316.009765625,4346.1201171875,4311.14990234375,4337.22998046875,4337.22998046875,1814360000
2014-06-18,15.43333339691162,15.447333335876465,15.074666976928713,15.141332626342772,15.141332626342772,104103000,4341.18017578125,4365.10009765625,4320.5400390625,4362.83984375,4362.83984375,1860660000
2014-06-19,15.2586669921875,15.687333106994627,15.133333206176758,15.185999870300291,15.185999870300291,131896500,4370.14013671875,4372.18017578125,4339.60986328125,4359.330078125,4359.330078125,1845460000
2014-06-20,15.23466682434082,15.419333457946776,15.079999923706056,15.305999755859377,15.305999755859377,73558500,4365.3701171875,4368.7998046875,4354.02978515625,4368.0400390625,4368.0400390625,2721380000
2014-06-23,15.300666809082031,15.932666778564451,15.214667320251465,15.814666748046877,15.814666748046877,116866500,4368.9599609375,4371.81005859375,4358.68017578125,4368.68017578125,4368.68017578125,1712930000
2014-06-24,15.9313325881958,16.125333786010742,15.44200038909912,15.5,15.5,121138500,4367.89990234375,4399.8701171875,4342.89990234375,4350.35009765625,4350.35009765625,2014700000
2014-06-25,15.536666870117188,15.83666706085205,15.349332809448242,15.792667388916016,15.792667388916016,87024000,4341.81982421875,4383.5498046875,4339.41015625,4379.759765625,4379.759765625,1722820000
2014-06-26,15.81133270263672,16.02666664123535,15.61400032043457,15.706666946411133,15.706666946411133,76821000,4379.43994140625,4379.7998046875,4347.4501953125,4379.0498046875,4379.0498046875,1554070000
2014-06-27,15.645999908447266,16.0,15.633333206176758,15.937333106994627,15.937333106994627,84525000,4371.7998046875,4398.85009765625,4371.60009765625,4397.93017578125,4397.93017578125,3964930000
2014-06-30,15.970000267028809,16.299333572387695,15.93333339691162,16.003999710083008,16.003999710083008,72429000,4398.3701171875,4417.4599609375,4396.58984375,4408.18017578125,4408.18017578125,1848110000
2014-07-01,16.163999557495117,16.229333877563477,15.91333293914795,15.981332778930664,15.981332778930664,65041500,4424.7099609375,4471.60009765625,4424.43017578125,4458.64990234375,4458.64990234375,1942550000
2014-07-02,16.04400062561035,16.155332565307617,15.137999534606934,15.295332908630373,15.295332908630373,120411000,4457.85986328125,4466.919921875,4450.8701171875,4457.72998046875,4457.72998046875,1599480000
2014-07-03,15.419333457946776,15.460000038146973,14.93333339691162,15.283332824707031,15.283332824707031,77500500,4472.89013671875,4485.93017578125,4463.85009765625,4485.93017578125,4485.93017578125,1001730000
2014-07-07,15.166666984558104,15.3186674118042,14.69333267211914,14.843999862670898,14.843999862670898,88405500,4477.740234375,4478.02001953125,4447.60009765625,4451.52978515625,4451.52978515625,1691390000
2014-07-08,14.576666831970217,14.730667114257812,14.284667015075684,14.604666709899902,14.604666709899902,117543000,4442.8701171875,4443.56005859375,4372.0400390625,4391.4599609375,4391.4599609375,2221820000
2014-07-09,14.751333236694336,14.947999954223633,14.61400032043457,14.870667457580566,14.870667457580566,61731000,4403.02978515625,4421.93017578125,4388.009765625,4419.02978515625,4419.02978515625,1736960000
2014-07-10,14.478667259216309,14.814666748046877,14.402667045593262,14.630666732788086,14.630666732788086,72958500,4352.0400390625,4415.85009765625,4351.0400390625,4396.2001953125,4396.2001953125,1682920000
2014-07-11,14.707332611083984,14.773332595825195,14.506667137145996,14.541999816894531,14.541999816894531,49534500,4401.0498046875,4417.16015625,4389.2900390625,4415.490234375,4415.490234375,1511250000
2014-07-14,14.666000366210938,15.252667427062988,14.363332748413086,15.113332748413086,15.113332748413086,108048000,4441.39013671875,4451.60009765625,4432.9501953125,4440.419921875,4440.419921875,1579660000
2014-07-15,15.11533260345459,15.17666721343994,14.539999961853027,14.638667106628418,14.638667106628418,85777500,4444.91015625,4451.93017578125,4389.7001953125,4416.39013671875,4416.39013671875,1772030000
2014-07-16,14.788000106811523,14.986666679382324,14.454667091369627,14.477333068847656,14.477333068847656,60667500,4446.169921875,4448.8701171875,4419.7099609375,4425.97021484375,4425.97021484375,2059340000
2014-07-17,14.410667419433594,14.703332901000977,14.239999771118164,14.359999656677246,14.359999656677246,69741000,4411.52001953125,4425.3798828125,4352.22998046875,4363.4501953125,4363.4501953125,2055240000
2014-07-18,14.396666526794434,14.747332572937012,14.395333290100098,14.66800022125244,14.66800022125244,63805500,4379.93994140625,4434.43994140625,4378.22021484375,4432.14990234375,4432.14990234375,1823580000
2014-07-21,14.483332633972168,14.880666732788086,14.447999954223633,14.702667236328123,14.702667236328123,57333000,4421.2001953125,4432.419921875,4404.509765625,4424.7001953125,4424.7001953125,1557820000
2014-07-22,14.812666893005373,14.886667251586914,14.607333183288574,14.638667106628418,14.638667106628418,40950000,4444.93994140625,4464.1298828125,4443.35009765625,4456.02001953125,4456.02001953125,1724440000
2014-07-23,14.667332649230955,14.983332633972168,14.628666877746582,14.832667350769045,14.832667350769045,46249500,4468.16015625,4480.72998046875,4457.9501953125,4473.7001953125,4473.7001953125,1909810000
2014-07-24,14.883333206176758,15.006667137145996,14.720000267028809,14.902667045593262,14.902667045593262,48682500,4481.60986328125,4485.5,4465.93994140625,4472.10986328125,4472.10986328125,1935090000
2014-07-25,14.847999572753906,15.131333351135254,14.783332824707031,14.904666900634766,14.904666900634766,46306500,4448.06005859375,4457.9501953125,4430.43017578125,4449.56005859375,4449.56005859375,1711430000
2014-07-28,14.949999809265137,15.466667175292969,14.760000228881836,14.98799991607666,14.98799991607666,97714500,4451.1201171875,4455.39013671875,4413.919921875,4444.91015625,4444.91015625,1783250000
2014-07-29,15.107333183288574,15.220000267028809,14.990667343139648,15.000666618347168,15.000666618347168,50736000,4456.06982421875,4470.97021484375,4441.02978515625,4442.7001953125,4442.7001953125,2090810000
2014-07-30,14.79466724395752,15.30666732788086,14.736000061035156,15.261333465576172,15.261333465576172,73917000,4468.43994140625,4476.06005859375,4444.509765625,4462.89990234375,4462.89990234375,1872430000
2014-07-31,15.284000396728516,15.42666721343994,14.766667366027832,14.886667251586914,14.886667251586914,116236500,4421.2900390625,4430.7998046875,4367.14990234375,4369.77001953125,4369.77001953125,2273380000
2014-08-01,15.072667121887209,15.833333015441896,15.06666660308838,15.5513334274292,15.5513334274292,178437000,4363.39013671875,4385.0498046875,4324.02001953125,4352.64013671875,4352.64013671875,2050340000
2014-08-04,15.625332832336426,16.03333282470703,15.5513334274292,15.90133285522461,15.90133285522461,89395500,4365.6201171875,4395.3798828125,4343.02978515625,4383.89013671875,4383.89013671875,1677400000
2014-08-05,15.83133316040039,16.19933319091797,15.71266746520996,15.899333000183104,15.899333000183104,80829000,4364.58984375,4383.02001953125,4333.580078125,4352.83984375,4352.83984375,1916180000
2014-08-06,15.92666721343994,16.761333465576172,15.905332565307615,16.595333099365234,16.595333099365234,138739500,4326.27978515625,4378.990234375,4325.0400390625,4355.0498046875,4355.0498046875,1819310000
2014-08-07,16.674667358398438,17.112667083740234,16.607999801635742,16.826000213623047,16.826000213623047,112183500,4373.25,4379.7001953125,4321.89013671875,4334.97021484375,4334.97021484375,1866330000
2014-08-08,16.743999481201172,16.784000396728516,16.433332443237305,16.54199981689453,16.54199981689453,76351500,4340.8798828125,4373.1201171875,4327.8701171875,4370.89990234375,4370.89990234375,1759060000
2014-08-11,17.031999588012695,17.582666397094727,17.0,17.288000106811523,17.288000106811523,121519500,4387.3798828125,4415.77978515625,4384.14990234375,4401.330078125,4401.330078125,1537880000
2014-08-12,17.205333709716797,17.35333251953125,16.972000122070312,17.33066749572754,17.33066749572754,95734500,4394.68994140625,4407.080078125,4371.83984375,4389.25,4389.25,1560220000
2014-08-13,17.46733283996582,17.709333419799805,17.30733299255371,17.354000091552734,17.354000091552734,103989000,4407.8701171875,4434.31005859375,4403.64013671875,4434.1298828125,4434.1298828125,1611690000
2014-08-14,17.499332427978516,17.53333282470703,17.100000381469727,17.42533302307129,17.42533302307129,61899000,4438.1298828125,4453.0,4433.93994140625,4453.0,4453.0,1549820000
2014-08-15,17.43199920654297,17.472667694091797,17.233333587646484,17.46733283996582,17.46733283996582,58018500,4479.64013671875,4482.47021484375,4427.1298828125,4464.93017578125,4464.93017578125,1799460000
2014-08-18,17.549999237060547,17.817333221435547,17.316667556762695,17.32933235168457,17.32933235168457,87738000,4490.52978515625,4509.16015625,4486.43994140625,4508.31005859375,4508.31005859375,1571100000
2014-08-19,17.257999420166016,17.288667678833008,16.774667739868164,17.117332458496094,17.117332458496094,80022000,4514.259765625,4528.91015625,4513.919921875,4527.509765625,4527.509765625,1556560000
2014-08-20,16.97800064086914,17.249332427978516,16.866666793823242,17.047332763671875,17.047332763671875,45418500,4517.75,4533.009765625,4515.72998046875,4526.47998046875,4526.47998046875,1502290000
2014-08-21,17.101333618164062,17.253332138061523,16.884000778198242,16.95599937438965,16.95599937438965,43734000,4526.72021484375,4534.0,4513.81005859375,4532.10009765625,4532.10009765625,1421730000
2014-08-22,16.96933364868164,17.1299991607666,16.840667724609375,17.118667602539062,17.118667602539062,42501000,4534.8701171875,4547.240234375,4521.77001953125,4538.5498046875,4538.5498046875,1311810000
2014-08-25,17.21266746520996,17.57866668701172,17.21266746520996,17.503332138061523,17.503332138061523,64771500,4563.72021484375,4571.14013671875,4547.77978515625,4557.35009765625,4557.35009765625,1384620000
2014-08-26,17.665332794189453,17.700000762939453,17.444000244140625,17.44933319091797,17.44933319091797,57270000,4563.81005859375,4575.58984375,4556.77978515625,4570.64013671875,4570.64013671875,1469620000
2014-08-27,17.566667556762695,17.615999221801758,17.3526668548584,17.549999237060547,17.549999237060547,44776500,4574.35009765625,4575.81005859375,4561.83984375,4569.6201171875,4569.6201171875,1389470000
2014-08-28,17.459333419799805,17.631999969482422,17.44266700744629,17.590667724609375,17.590667724609375,42673500,4552.5498046875,4565.9599609375,4546.6201171875,4557.7001953125,4557.7001953125,1309580000
2014-08-29,17.913333892822266,18.13333320617676,17.833999633789062,17.979999542236328,17.979999542236328,96706500,4571.759765625,4580.27001953125,4553.77978515625,4580.27001953125,4580.27001953125,1352830000
2014-09-02,18.36666679382324,18.992666244506836,18.286666870117188,18.941333770751953,18.941333770751953,147786000,4592.419921875,4598.64013671875,4576.81005859375,4598.18994140625,4598.18994140625,1859080000
2014-09-03,19.17799949645996,19.200000762939453,18.67333221435547,18.746000289916992,18.746000289916992,101584500,4610.14013671875,4610.14013671875,4565.3798828125,4572.56005859375,4572.56005859375,1897450000
2014-09-04,18.93400001525879,19.42799949645996,18.69333267211914,19.069332122802734,19.069332122802734,125125500,4581.52001953125,4603.14990234375,4553.31005859375,4562.2900390625,4562.2900390625,1728700000
2014-09-05,18.836666107177734,18.86000061035156,18.167333602905273,18.492666244506836,18.492666244506836,167548500,4560.6298828125,4583.0,4542.740234375,4582.89990234375,4582.89990234375,1641830000
2014-09-08,18.507999420166016,18.992000579833984,18.501333236694336,18.80733299255371,18.80733299255371,82524000,4579.06005859375,4600.39990234375,4570.22998046875,4592.2900390625,4592.2900390625,1670210000
2014-09-09,18.86599922180176,19.03266716003418,18.46666717529297,18.565332412719727,18.565332412719727,68382000,4588.830078125,4599.02978515625,4544.43994140625,4552.2900390625,4552.2900390625,1956550000
2014-09-10,18.63333320617676,18.76066780090332,18.243999481201172,18.739999771118164,18.739999771118164,56719500,4554.14990234375,4587.10009765625,4544.83984375,4586.52001953125,4586.52001953125,1808650000
2014-09-11,18.69733238220215,18.986000061035156,18.57533264160156,18.687332153320312,18.687332153320312,56491500,4567.64013671875,4591.81005859375,4559.75,4591.81005859375,4591.81005859375,1704850000
2014-09-12,18.700000762939453,18.826000213623047,18.46666717529297,18.61333274841309,18.61333274841309,49869000,4588.77001953125,4590.080078125,4555.68017578125,4567.60009765625,4567.60009765625,1784170000
2014-09-15,18.291332244873047,18.293333053588867,16.608667373657227,16.923999786376953,16.923999786376953,246831000,4567.4501953125,4567.47021484375,4506.72998046875,4518.89990234375,4518.89990234375,1940520000
2014-09-16,17.010000228881836,17.497333526611328,16.827999114990234,17.382667541503906,17.382667541503906,124501500,4502.10986328125,4558.240234375,4499.8701171875,4552.759765625,4552.759765625,1879350000
2014-09-17,17.493999481201172,17.64666748046875,17.299999237060547,17.42533302307129,17.42533302307129,77665500,4553.9599609375,4582.39990234375,4539.35986328125,4562.18994140625,4562.18994140625,1796710000
2014-09-18,17.55733299255371,17.706666946411133,17.488000869750977,17.58799934387207,17.58799934387207,55389000,4575.740234375,4593.97998046875,4572.6201171875,4593.43017578125,4593.43017578125,1774840000
2014-09-19,17.19933319091797,17.428667068481445,17.01799964904785,17.288000106811523,17.288000106811523,102163500,4606.1298828125,4610.56982421875,4563.43994140625,4579.7900390625,4579.7900390625,3178490000
2014-09-22,17.0,17.06800079345703,16.31399917602539,16.66866683959961,16.66866683959961,123211500,4568.4501953125,4568.8701171875,4513.1201171875,4527.68994140625,4527.68994140625,1881520000
2014-09-23,16.347999572753906,16.920000076293945,16.333332061767578,16.694000244140625,16.694000244140625,84880500,4511.31982421875,4536.02978515625,4508.419921875,4508.68994140625,4508.68994140625,1847730000
2014-09-24,16.7413330078125,16.856000900268555,16.46933364868164,16.80933380126953,16.80933380126953,56242500,4514.919921875,4557.27001953125,4500.1298828125,4555.22021484375,4555.22021484375,1765260000
2014-09-25,16.834667205810547,16.997333526611328,16.406667709350586,16.463333129882812,16.463333129882812,72513000,4540.81982421875,4546.93017578125,4466.64013671875,4466.75,4466.75,1939610000
2014-09-26,16.549999237060547,16.648666381835938,16.404666900634766,16.440000534057617,16.440000534057617,56931000,4476.47998046875,4515.75,4475.47998046875,4512.18994140625,4512.18994140625,1637480000
2014-09-29,16.266666412353516,16.576000213623047,16.091999053955078,16.35066795349121,16.35066795349121,72790500,4465.83984375,4515.240234375,4464.43994140625,4505.85009765625,4505.85009765625,1737750000
2014-09-30,16.461332321166992,16.510000228881836,16.007999420166016,16.178667068481445,16.178667068481445,63574500,4512.64013671875,4522.06005859375,4483.91015625,4493.39013671875,4493.39013671875,2200380000
2014-10-01,16.14666748046875,16.17733383178711,15.710000038146973,16.016000747680664,16.016000747680664,89125500,4486.64990234375,4486.7900390625,4409.2998046875,4422.08984375,4422.08984375,2312630000
2014-10-02,16.68000030517578,16.8526668548584,16.357332229614258,16.761333465576172,16.761333465576172,134973000,4421.25,4441.9501953125,4367.740234375,4430.2001953125,4430.2001953125,2165500000
2014-10-03,16.87066650390625,17.100000381469727,16.735332489013672,17.013999938964844,17.013999938964844,81094500,4456.81005859375,4488.06982421875,4445.72021484375,4475.6201171875,4475.6201171875,1777640000
2014-10-06,17.275333404541016,17.499332427978516,17.18666648864746,17.374666213989258,17.374666213989258,115699500,4492.39990234375,4496.259765625,4444.10009765625,4454.7998046875,4454.7998046875,1828240000
2014-10-07,17.235332489013672,17.430667877197266,17.048667907714844,17.30466651916504,17.30466651916504,67282500,4433.91015625,4441.759765625,4385.14990234375,4385.2001953125,4385.2001953125,2111360000
2014-10-08,17.34000015258789,17.525333404541016,16.842666625976562,17.28533363342285,17.28533363342285,75826500,4385.7001953125,4473.72998046875,4355.33984375,4468.58984375,4468.58984375,2451630000
2014-10-09,17.483333587646484,17.702667236328125,16.959999084472656,17.134000778198242,17.134000778198242,110419500,4458.2900390625,4464.1298828125,4377.27978515625,4378.33984375,4378.33984375,2264220000
2014-10-10,16.30933380126953,16.392667770385742,15.68000030517578,15.793999671936035,15.793999671936035,193324500,4354.6298828125,4380.509765625,4276.240234375,4276.240234375,4276.240234375,2765750000
2014-10-13,15.904666900634766,15.93066692352295,14.733332633972168,14.97266674041748,14.97266674041748,169030500,4274.91015625,4303.81982421875,4212.8701171875,4213.66015625,4213.66015625,2467830000
2014-10-14,15.216667175292969,15.498000144958496,14.866666793823242,15.137332916259766,15.137332916259766,106579500,4246.22998046875,4281.33984375,4212.81982421875,4227.169921875,4227.169921875,2496120000
2014-10-15,14.666666984558104,15.399333000183104,14.48799991607666,15.313332557678224,15.313332557678224,137209500,4154.10009765625,4231.5400390625,4116.60009765625,4215.31982421875,4215.31982421875,3058740000
2014-10-16,14.64799976348877,15.32800006866455,14.606666564941406,15.09000015258789,15.09000015258789,80989500,4133.25,4246.009765625,4131.64990234375,4217.39013671875,4217.39013671875,2591940000
2014-10-17,15.558667182922363,15.65133285522461,15.103333473205566,15.165332794189451,15.165332794189451,158241000,4275.08984375,4296.10986328125,4241.669921875,4258.43994140625,4258.43994140625,2260070000
2014-10-20,15.114666938781738,15.493332862854004,15.034000396728516,15.364666938781738,15.364666938781738,52416000,4254.16015625,4316.8701171875,4248.22021484375,4316.06982421875,4316.06982421875,1717370000
2014-10-21,15.618000030517578,15.692667007446287,15.386667251586914,15.689332962036133,15.689332962036133,61954500,4359.169921875,4419.47998046875,4356.10009765625,4419.47998046875,4419.47998046875,1997580000
2014-10-22,15.54599952697754,15.826000213623049,15.370667457580566,15.40666675567627,15.40666675567627,61749000,4429.16015625,4435.85986328125,4381.27978515625,4382.85009765625,4382.85009765625,1967020000
2014-10-23,15.644000053405762,15.751999855041504,15.466667175292969,15.685999870300291,15.685999870300291,52386000,4427.43994140625,4475.5498046875,4421.56005859375,4452.7900390625,4452.7900390625,1952380000
2014-10-24,15.751333236694336,15.853333473205566,15.41333293914795,15.682666778564451,15.682666778564451,51949500,4459.4599609375,4486.259765625,4445.85009765625,4483.72021484375,4483.72021484375,1754300000
2014-10-27,15.616666793823242,15.640666961669922,14.687333106994627,14.777999877929688,14.777999877929688,143299500,4469.02001953125,4489.60009765625,4450.2900390625,4485.93017578125,4485.93017578125,1585580000
2014-10-28,15.30666732788086,16.30666732788086,15.216667175292969,16.184667587280273,16.184667587280273,157744500,4505.72998046875,4564.2900390625,4505.10986328125,4564.2900390625,4564.2900390625,1966920000
2014-10-29,16.075332641601562,16.100000381469727,15.709333419799805,15.873332977294922,15.873332977294922,74437500,4551.3701171875,4564.43994140625,4517.02001953125,4549.22998046875,4549.22998046875,2184050000
2014-10-30,15.87600040435791,16.03333282470703,15.670666694641112,15.910667419433594,15.910667419433594,48426000,4532.10009765625,4575.5,4521.7900390625,4566.14013671875,4566.14013671875,2034960000
2014-10-31,16.167333602905273,16.20800018310547,15.916666984558104,16.113332748413086,16.113332748413086,56629500,4639.4501953125,4641.509765625,4616.580078125,4630.740234375,4630.740234375,2424360000
2014-11-03,16.200000762939453,16.503999710083008,16.08799934387207,16.172666549682617,16.172666549682617,63057000,4633.7099609375,4654.18994140625,4627.419921875,4638.91015625,4638.91015625,2033000000
2014-11-04,16.03266716003418,16.156667709350586,15.768667221069336,15.928667068481444,15.928667068481444,55239000,4623.77001953125,4635.9501953125,4594.919921875,4623.64013671875,4623.64013671875,1939320000
2014-11-05,16.066667556762695,16.090667724609375,15.368666648864746,15.39799976348877,15.39799976348877,135688500,4649.47021484375,4650.39013671875,4607.72998046875,4620.72021484375,4620.72021484375,2001870000
2014-11-06,15.63266658782959,16.445999145507812,15.233332633972168,16.08133316040039,16.08133316040039,230320500,4616.77978515625,4639.169921875,4604.759765625,4638.47021484375,4638.47021484375,1986820000
2014-11-07,16.145999908447266,16.189332962036133,15.813332557678224,16.01333236694336,16.01333236694336,77415000,4636.89013671875,4638.7998046875,4606.81005859375,4632.52978515625,4632.52978515625,1978830000
2014-11-10,15.940667152404783,16.191999435424805,15.786666870117188,16.1286678314209,16.1286678314209,68658000,4635.10009765625,4653.3798828125,4626.490234375,4651.6201171875,4651.6201171875,1830010000
2014-11-11,16.170000076293945,16.788000106811523,16.133333206176758,16.738666534423828,16.738666534423828,119232000,4649.18994140625,4661.22998046875,4640.240234375,4660.56005859375,4660.56005859375,1663690000
2014-11-12,16.648000717163086,16.82266616821289,16.371999740600586,16.606666564941406,16.606666564941406,88062000,4644.6298828125,4678.580078125,4643.77978515625,4675.14013671875,4675.14013671875,1773060000
2014-11-13,16.70800018310547,17.049999237060547,16.683332443237305,16.780000686645508,16.780000686645508,93540000,4681.56005859375,4703.10009765625,4664.27001953125,4680.14013671875,4680.14013671875,1857580000
2014-11-14,16.666667938232422,17.25666618347168,16.566667556762695,17.245332717895508,17.245332717895508,91516500,4679.85009765625,4688.740234375,4664.31005859375,4688.5400390625,4688.5400390625,1739950000
2014-11-17,17.166000366210938,17.266666412353516,16.801332473754883,16.93199920654297,16.93199920654297,60385500,4678.43994140625,4689.52978515625,4655.2001953125,4671.0,4671.0,1695070000
2014-11-18,17.05733299255371,17.332666397094727,17.034000396728516,17.18000030517578,17.18000030517578,67095000,4674.83984375,4709.830078125,4674.2998046875,4702.43994140625,4702.43994140625,1655760000
2014-11-19,16.707332611083984,16.79199981689453,16.373332977294922,16.516000747680664,16.516000747680664,118777500,4694.77978515625,4696.2001953125,4655.72021484375,4675.7099609375,4675.7099609375,1641560000
2014-11-20,16.530000686645508,16.728666305541992,16.399999618530273,16.58066749572754,16.58066749572754,53808000,4655.2001953125,4702.97021484375,4653.330078125,4701.8701171875,4701.8701171875,1667330000
2014-11-21,16.81399917602539,16.851999282836914,16.14466667175293,16.185333251953125,16.185333251953125,112276500,4751.009765625,4751.60009765625,4700.72998046875,4712.97021484375,4712.97021484375,1854340000
2014-11-24,16.34666633605957,16.50666618347168,16.042667388916016,16.447999954223633,16.447999954223633,71845500,4725.169921875,4755.02001953125,4723.6201171875,4754.89013671875,4754.89013671875,1568130000
2014-11-25,16.489999771118164,16.648000717163086,16.4060001373291,16.53933334350586,16.53933334350586,47397000,4762.39013671875,4774.52001953125,4749.919921875,4758.25,4758.25,1720140000
2014-11-26,16.555999755859375,16.600000381469727,16.440000534057617,16.562667846679688,16.562667846679688,29718000,4760.22998046875,4788.0,4757.47998046875,4787.31982421875,4787.31982421875,1362930000
2014-11-28,16.356666564941406,16.445999145507812,16.167999267578125,16.301332473754883,16.301332473754883,31795500,4797.10009765625,4810.85986328125,4786.72021484375,4791.6298828125,4791.6298828125,998600000
2014-12-01,16.077333450317383,16.1646671295166,15.267333030700684,15.442667007446287,15.442667007446287,129291000,4777.72998046875,4782.06982421875,4724.6201171875,4727.35009765625,4727.35009765625,1893600000
2014-12-02,15.637999534606934,15.658666610717772,15.199999809265137,15.428667068481444,15.428667068481444,88305000,4732.97021484375,4761.6298828125,4729.759765625,4755.81005859375,4755.81005859375,1839170000
2014-12-03,15.083333015441896,15.314666748046877,15.033332824707031,15.286666870117188,15.286666870117188,79615500,4761.31005859375,4781.3701171875,4745.14013671875,4774.47021484375,4774.47021484375,1734510000
2014-12-04,15.239999771118164,15.393333435058594,15.187333106994627,15.218667030334473,15.218667030334473,57834000,4772.0,4785.41015625,4753.7099609375,4769.43994140625,4769.43994140625,1724090000
2014-12-05,15.244667053222656,15.292667388916016,14.817333221435549,14.913999557495115,14.913999557495115,90954000,4776.580078125,4788.97998046875,4769.64013671875,4780.759765625,4780.759765625,1767100000
2014-12-08,14.769332885742188,14.990667343139648,14.156000137329102,14.290666580200195,14.290666580200195,138384000,4769.759765625,4793.240234375,4722.91015625,4740.68994140625,4740.68994140625,1966770000
2014-12-09,13.956000328063965,14.51533317565918,13.618000030517578,14.459333419799805,14.459333419799805,141472500,4685.2001953125,4768.41015625,4674.3798828125,4766.47021484375,4766.47021484375,1950330000
2014-12-10,14.275333404541016,14.451333045959473,13.846667289733888,13.989333152770996,13.989333152770996,109711500,4754.419921875,4766.64013671875,4679.25,4684.02001953125,4684.02001953125,1850810000
2014-12-11,14.035332679748535,14.362000465393066,13.881999969482422,13.925333023071287,13.925333023071287,100416000,4704.64990234375,4759.8798828125,4699.43017578125,4708.16015625,4708.16015625,1873050000
2014-12-12,13.654666900634766,14.112000465393066,13.633333206176758,13.800000190734863,13.800000190734863,107607000,4665.35009765625,4707.919921875,4653.60009765625,4653.60009765625,4653.60009765625,1888870000
2014-12-15,13.952667236328123,13.986666679382324,13.511333465576172,13.602666854858398,13.602666854858398,78274500,4679.669921875,4690.580078125,4592.43017578125,4605.16015625,4605.16015625,2143610000
2014-12-16,13.392666816711426,13.57866668701172,13.024666786193848,13.187333106994627,13.187333106994627,126391500,4572.7900390625,4645.18994140625,4547.31005859375,4547.830078125,4547.830078125,2231670000
2014-12-17,12.870667457580566,13.776666641235352,12.84333324432373,13.721332550048828,13.721332550048828,110517000,4556.89990234375,4651.89990234375,4550.7001953125,4644.31005859375,4644.31005859375,2279930000
2014-12-18,14.158666610717772,14.562666893005373,14.119999885559082,14.550666809082031,14.550666809082031,112249500,4712.39013671875,4748.39990234375,4697.08984375,4748.39990234375,4748.39990234375,2172260000
2014-12-19,14.679332733154297,14.69333267211914,14.300000190734863,14.619333267211914,14.619333267211914,103657500,4752.60009765625,4782.1298828125,4738.2900390625,4765.3798828125,4765.3798828125,3287920000
2014-12-22,14.666666984558104,14.937333106994627,14.550666809082031,14.84000015258789,14.84000015258789,71991000,4759.0400390625,4781.93017578125,4757.7998046875,4781.419921875,4781.419921875,1720070000
2014-12-23,14.920666694641112,14.954667091369627,14.63466739654541,14.731332778930664,14.731332778930664,67585500,4798.02978515625,4798.06005859375,4761.39013671875,4765.419921875,4765.419921875,1590820000
2014-12-24,14.65133285522461,14.833333015441896,14.616666793823242,14.817333221435549,14.817333221435549,19983000,4770.1201171875,4787.56982421875,4768.669921875,4773.47021484375,4773.47021484375,729750000
2014-12-26,14.767333030700684,15.233332633972168,14.766667366027832,15.187999725341797,15.187999725341797,49905000,4788.06005859375,4814.9501953125,4787.85009765625,4806.85986328125,4806.85986328125,930220000
2014-12-29,15.126667022705078,15.194000244140623,14.934666633605955,15.047332763671877,15.047332763671877,42037500,4801.259765625,4813.72021484375,4798.89990234375,4806.91015625,4806.91015625,1227740000
2014-12-30,14.932666778564451,15.043333053588867,14.760000228881836,14.815333366394045,14.815333366394045,43548000,4793.60986328125,4803.89013671875,4772.8798828125,4777.43994140625,4777.43994140625,1269200000
2014-12-31,14.87266731262207,15.045332908630373,14.81666660308838,14.827333450317385,14.827333450317385,34462500,4790.52978515625,4806.43017578125,4734.10986328125,4736.0498046875,4736.0498046875,1515600000
2015-01-02,14.857999801635742,14.883333206176758,14.21733283996582,14.620667457580566,14.620667457580566,71466000,4760.240234375,4777.009765625,4698.10986328125,4726.81005859375,4726.81005859375,1435150000
2015-01-05,14.303333282470703,14.43333339691162,13.810667037963867,14.005999565124512,14.005999565124512,80527500,4700.33984375,4702.77001953125,4641.4599609375,4652.56982421875,4652.56982421875,1794470000
2015-01-06,14.003999710083008,14.279999732971191,13.61400032043457,14.085332870483398,14.085332870483398,93928500,4666.85009765625,4667.330078125,4567.58984375,4592.740234375,4592.740234375,2167320000
2015-01-07,14.223333358764648,14.3186674118042,13.985333442687988,14.063332557678224,14.063332557678224,44526000,4626.83984375,4652.72021484375,4613.89990234375,4650.47021484375,4650.47021484375,1957950000
2015-01-08,14.187333106994627,14.25333309173584,14.000666618347168,14.041333198547363,14.041333198547363,51637500,4689.5400390625,4741.3798828125,4688.02001953125,4736.18994140625,4736.18994140625,2105450000
2015-01-09,13.928000450134276,13.998666763305664,13.663999557495115,13.77733325958252,13.77733325958252,70024500,4744.47021484375,4744.7099609375,4681.240234375,4704.06982421875,4704.06982421875,1715830000
2015-01-12,13.536666870117188,13.631333351135254,13.283332824707031,13.480667114257812,13.480667114257812,89254500,4714.06982421875,4715.81005859375,4650.64990234375,4664.7099609375,4664.7099609375,1861960000
2015-01-13,13.554667472839355,13.84066677093506,13.394000053405762,13.616666793823242,13.616666793823242,67159500,4708.740234375,4751.33984375,4624.27978515625,4661.5,4661.5,2162180000
2015-01-14,12.388667106628418,13.013333320617676,12.333333015441896,12.845999717712402,12.845999717712402,173278500,4610.759765625,4655.3701171875,4595.97998046875,4639.31982421875,4639.31982421875,2073810000
2015-01-15,12.965999603271484,13.050000190734863,12.666666984558104,12.791333198547363,12.791333198547363,78247500,4657.4599609375,4663.9599609375,4567.39013671875,4570.81982421875,4570.81982421875,1976260000
2015-01-16,12.713333129882812,12.965999603271484,12.643333435058594,12.871333122253418,12.871333122253418,54048000,4566.3798828125,4635.81982421875,4563.10986328125,4634.3798828125,4634.3798828125,1970520000
2015-01-20,12.924667358398438,12.941332817077637,12.469332695007324,12.795332908630373,12.795332908630373,67548000,4655.83984375,4665.64990234375,4601.10009765625,4654.85009765625,4654.85009765625,1835040000
2015-01-21,12.636667251586914,13.245332717895508,12.633999824523926,13.104666709899902,13.104666709899902,62295000,4641.9501953125,4692.4599609375,4629.58984375,4667.419921875,4667.419921875,1847420000
2015-01-22,13.133333206176758,13.54933261871338,13.013333320617676,13.441332817077637,13.441332817077637,61753500,4690.93017578125,4752.60009765625,4644.56982421875,4750.39990234375,4750.39990234375,1996550000
2015-01-23,13.352666854858398,13.56666660308838,13.222000122070312,13.419333457946776,13.419333457946776,51579000,4748.18994140625,4771.18017578125,4737.9501953125,4757.8798828125,4757.8798828125,1653830000
2015-01-26,13.45533275604248,13.907999992370604,13.403332710266112,13.770000457763672,13.770000457763672,48517500,4752.35986328125,4774.18017578125,4734.2001953125,4771.759765625,4771.759765625,1717510000
2015-01-27,13.628000259399414,13.868666648864746,13.553333282470703,13.732000350952148,13.732000350952148,41715000,4698.22998046875,4721.8701171875,4659.830078125,4681.5,4681.5,1954160000
2015-01-28,13.740667343139648,13.758000373840332,13.227999687194824,13.291333198547363,13.291333198547363,47244000,4740.68994140625,4742.06005859375,4637.47998046875,4637.990234375,4637.990234375,2118680000
2015-01-29,13.404666900634766,13.732000350952148,13.100000381469728,13.68000030517578,13.68000030517578,53221500,4635.72998046875,4688.41015625,4601.759765625,4683.41015625,4683.41015625,2110710000
2015-01-30,13.597332954406738,13.83133316040039,13.533332824707031,13.57333278656006,13.57333278656006,45105000,4671.2099609375,4703.81005859375,4631.10009765625,4635.240234375,4635.240234375,2264230000
2015-02-02,13.597999572753906,14.130000114440918,13.553333282470703,14.062666893005373,14.062666893005373,62238000,4650.60009765625,4676.68994140625,4580.4599609375,4676.68994140625,4676.68994140625,2006450000
2015-02-03,14.214667320251465,14.691332817077637,14.084667205810549,14.557332992553713,14.557332992553713,72393000,4693.25,4727.740234375,4670.81982421875,4727.740234375,4727.740234375,2153520000
2015-02-04,14.552666664123535,14.76533317565918,14.453332901000977,14.56999969482422,14.56999969482422,49581000,4699.81005859375,4744.330078125,4697.7900390625,4716.7001953125,4716.7001953125,2212960000
2015-02-05,14.658666610717772,15.031999588012695,14.642666816711426,14.732666969299316,14.732666969299316,52843500,4729.64990234375,4767.3798828125,4722.7998046875,4765.10009765625,4765.10009765625,2036590000
2015-02-06,14.800000190734863,14.893333435058594,14.43333339691162,14.490667343139648,14.490667343139648,48658500,4768.83984375,4787.18017578125,4731.22021484375,4744.39990234375,4744.39990234375,2034060000
2015-02-09,14.358667373657228,14.528667449951172,14.13266658782959,14.498666763305664,14.498666763305664,52086000,4723.72998046875,4749.47021484375,4719.60986328125,4726.009765625,4726.009765625,1654680000
2015-02-10,14.50333309173584,14.699999809265137,14.333333015441896,14.419333457946776,14.419333457946776,80857500,4754.6298828125,4793.27001953125,4737.1201171875,4787.64013671875,4787.64013671875,1773730000
2015-02-11,14.147333145141602,14.315999984741213,13.8186674118042,14.186667442321776,14.186667442321776,146536500,4788.3701171875,4810.35986328125,4780.1298828125,4801.18017578125,4801.18017578125,1793630000
2015-02-12,12.904666900634766,13.53933334350586,12.885333061218262,13.525333404541016,13.525333404541016,234744000,4828.080078125,4857.60986328125,4823.56982421875,4857.60986328125,4857.60986328125,2075470000
2015-02-13,13.526666641235352,13.732666969299316,13.394000053405762,13.584667205810549,13.584667205810549,92865000,4869.72998046875,4893.83984375,4860.1201171875,4893.83984375,4893.83984375,1942240000
2015-02-17,13.713333129882812,13.713333129882812,13.43333339691162,13.623332977294922,13.623332977294922,59694000,4889.990234375,4901.89013671875,4880.64013671875,4899.27001953125,4899.27001953125,1751490000
2015-02-18,13.611332893371582,13.744667053222656,13.506667137145996,13.630666732788086,13.630666732788086,40704000,4890.83984375,4907.5,4885.60009765625,4906.35986328125,4906.35986328125,1684800000
2015-02-19,13.666666984558104,14.162667274475098,13.583333015441896,14.11400032043457,14.11400032043457,77311500,4901.509765625,4929.52978515625,4900.6298828125,4924.7001953125,4924.7001953125,1592890000
2015-02-20,14.052000045776367,14.506667137145996,13.987333297729492,14.473999977111816,14.473999977111816,89731500,4919.77978515625,4957.02001953125,4905.58984375,4955.97021484375,4955.97021484375,1761140000
2015-02-23,14.37733268737793,14.546667098999023,13.755332946777344,13.822667121887209,13.822667121887209,127497000,4953.10009765625,4960.97021484375,4939.56005859375,4960.97021484375,4960.97021484375,1754850000
2015-02-24,13.81933307647705,13.81933307647705,13.446666717529297,13.607333183288574,13.607333183288574,99054000,4956.2099609375,4971.18017578125,4945.14013671875,4968.1201171875,4968.1201171875,1834890000
2015-02-25,13.662667274475098,13.809332847595217,13.505332946777344,13.583999633789062,13.583999633789062,58642500,4960.35986328125,4984.240234375,4956.0,4967.14013671875,4967.14013671875,1848560000
2015-02-26,13.600000381469728,14.072667121887209,13.481332778930664,13.812666893005373,13.812666893005373,97093500,4969.27001953125,4989.10986328125,4955.509765625,4987.89013671875,4987.89013671875,1905550000
2015-02-27,13.793333053588867,13.903332710266112,13.520000457763672,13.555999755859377,13.555999755859377,58231500,4985.02978515625,4989.25,4960.8701171875,4963.52978515625,4963.52978515625,1955590000
2015-03-02,13.513333320617676,13.555999755859377,13.055333137512209,13.155332565307615,13.155332565307615,118831500,4973.43017578125,5008.56982421875,4972.009765625,5008.10009765625,5008.10009765625,1931110000
2015-03-03,13.120667457580566,13.349332809448242,13.021332740783691,13.303999900817873,13.303999900817873,66484500,4990.7001953125,4996.66015625,4956.06982421875,4979.89990234375,4979.89990234375,2018900000
2015-03-04,13.283332824707031,13.501333236694336,13.147333145141602,13.496000289916992,13.496000289916992,63330000,4961.240234375,4973.31982421875,4938.89990234375,4967.14013671875,4967.14013671875,1824830000
2015-03-05,13.523332595825195,13.746000289916992,13.34333324432373,13.375332832336426,13.375332832336426,73155000,4979.9501953125,4993.52001953125,4963.10009765625,4982.81005859375,4982.81005859375,1724200000
2015-03-06,13.280667304992676,13.383333206176758,12.8100004196167,12.925333023071287,12.925333023071287,100686000,4967.240234375,4982.93017578125,4918.6298828125,4927.3701171875,4927.3701171875,1918220000
2015-03-09,12.959333419799805,12.965999603271484,12.550000190734863,12.725333213806152,12.725333213806152,101050500,4936.080078125,4950.47021484375,4920.81982421875,4942.43994140625,4942.43994140625,1696510000
2015-03-10,12.564000129699709,12.899999618530272,12.506667137145996,12.687999725341797,12.687999725341797,83695500,4899.509765625,4903.43994140625,4859.7900390625,4859.7900390625,4859.7900390625,1876010000
2015-03-11,12.743332862854004,13.07866668701172,12.734000205993652,12.916000366210938,12.916000366210938,74623500,4866.93994140625,4876.08984375,4846.7900390625,4849.93994140625,4849.93994140625,1846020000
2015-03-12,12.916666984558104,12.963333129882812,12.649999618530272,12.73799991607666,12.73799991607666,62239500,4853.97998046875,4895.7998046875,4853.2001953125,4893.2900390625,4893.2900390625,1855110000
2015-03-13,12.596667289733888,12.783332824707031,12.48799991607666,12.57866668701172,12.57866668701172,81514500,4885.5400390625,4904.47021484375,4842.7998046875,4871.759765625,4871.759765625,1851410000
2015-03-16,12.800000190734863,13.060667037963867,12.653332710266112,13.046667098999023,13.046667098999023,84432000,4897.27001953125,4929.93994140625,4889.08984375,4929.509765625,4929.509765625,1713480000
2015-03-17,13.028667449951172,13.247332572937012,12.929332733154297,12.982000350952148,12.982000350952148,73411500,4912.64990234375,4944.91015625,4907.02001953125,4937.43017578125,4937.43017578125,1724370000
2015-03-18,12.997332572937012,13.392000198364258,12.87399959564209,13.380666732788086,13.380666732788086,72313500,4926.830078125,5001.56982421875,4907.72021484375,4982.830078125,4982.830078125,1983570000
2015-03-19,13.466667175292969,13.63933277130127,12.968667030334473,13.043333053588867,13.043333053588867,127128000,4982.02001953125,5000.02001953125,4979.93994140625,4992.3798828125,4992.3798828125,1674970000
2015-03-20,13.16333293914795,13.265999794006348,13.041333198547363,13.20533275604248,13.20533275604248,64042500,5033.47021484375,5042.14013671875,5020.06982421875,5026.419921875,5026.419921875,2825670000
2015-03-23,13.233332633972168,13.366666793823242,13.164667129516602,13.308667182922363,13.308667182922363,39474000,5020.60009765625,5031.39013671875,5010.97021484375,5010.97021484375,5010.97021484375,1608880000
2015-03-24,13.43866729736328,13.586000442504885,13.31666660308838,13.447999954223633,13.447999954223633,54748500,5010.10009765625,5032.47998046875,4994.56005859375,4994.72998046875,4994.72998046875,1611670000
2015-03-25,13.218000411987305,13.239333152770996,12.846667289733888,12.953332901000977,12.953332901000977,85956000,5002.830078125,5006.759765625,4876.52001953125,4876.52001953125,4876.52001953125,2219520000
2015-03-26,12.928000450134276,12.986000061035156,12.646666526794434,12.694000244140623,12.694000244140623,61920000,4835.7099609375,4889.2099609375,4825.93017578125,4863.35986328125,4863.35986328125,2004960000
2015-03-27,12.604666709899902,12.619333267211914,12.09333324432373,12.333333015441896,12.333333015441896,129073500,4863.740234375,4899.259765625,4859.66015625,4891.22021484375,4891.22021484375,1678650000
2015-03-30,12.390000343322754,12.81666660308838,12.119999885559082,12.704667091369627,12.704667091369627,151342500,4921.77978515625,4948.4599609375,4921.1201171875,4947.43994140625,4947.43994140625,1778520000
2015-03-31,12.902000427246094,12.917332649230955,12.560667037963867,12.584667205810549,12.584667205810549,75399000,4925.91015625,4940.8701171875,4899.31005859375,4900.8798828125,4900.8798828125,1837660000
2015-04-01,12.579999923706056,12.81999969482422,12.403332710266112,12.505999565124512,12.505999565124512,56919000,4894.35986328125,4899.3798828125,4844.39013671875,4880.22998046875,4880.22998046875,1874960000
2015-04-02,12.682000160217283,12.881999969482422,12.666666984558104,12.733332633972168,12.733332633972168,75156000,4885.41015625,4901.330078125,4872.9599609375,4886.93994140625,4886.93994140625,1563670000
2015-04-06,13.199999809265137,13.850000381469728,13.166666984558104,13.539999961853027,13.539999961853027,186837000,4855.93994140625,4929.6201171875,4852.91015625,4917.31982421875,4917.31982421875,1737560000
2015-04-07,13.500666618347168,13.670666694641112,13.40933322906494,13.550000190734863,13.550000190734863,65218500,4917.5,4948.8798828125,4909.77001953125,4910.22998046875,4910.22998046875,1572940000
2015-04-08,13.880000114440918,14.0600004196167,13.724666595458984,13.844667434692385,13.844667434692385,94546500,4914.14990234375,4956.72021484375,4914.14990234375,4950.81982421875,4950.81982421875,1714210000
2015-04-09,13.895333290100098,14.024666786193848,13.7413330078125,14.005999565124512,14.005999565124512,57003000,4950.83984375,4975.93017578125,4928.10986328125,4974.56005859375,4974.56005859375,1729750000
2015-04-10,13.989999771118164,14.109999656677246,13.93333339691162,14.0600004196167,14.0600004196167,61015500,4977.02978515625,4996.080078125,4970.02001953125,4995.97998046875,4995.97998046875,1494240000
2015-04-13,14.029333114624023,14.199999809265137,13.936667442321776,13.985333442687988,13.985333442687988,56373000,5001.5498046875,5024.25,4985.9599609375,4988.25,4988.25,1544190000
2015-04-14,13.904666900634766,13.965999603271484,13.699999809265137,13.830666542053224,13.830666542053224,45390000,4988.81982421875,4996.81982421875,4952.009765625,4977.2900390625,4977.2900390625,1571360000
2015-04-15,13.830666542053224,13.97266674041748,13.773332595825195,13.85533332824707,13.85533332824707,29286000,4992.6201171875,5021.18994140625,4989.240234375,5011.02001953125,5011.02001953125,1795530000
2015-04-16,13.846667289733888,13.944666862487791,13.752667427062988,13.779999732971191,13.779999732971191,24886500,4999.35986328125,5016.0,4996.0,5007.7900390625,5007.7900390625,1662850000
2015-04-17,13.666000366210938,13.791999816894531,13.56666660308838,13.78600025177002,13.78600025177002,37048500,4966.10986328125,4974.08984375,4912.330078125,4931.81005859375,4931.81005859375,1985190000
2015-04-20,13.785332679748535,13.856666564941406,13.59000015258789,13.684666633605955,13.684666633605955,38389500,4958.06982421875,5000.2001953125,4952.68017578125,4994.60009765625,4994.60009765625,1646340000
2015-04-21,13.720000267028809,14.050000190734863,13.620667457580566,13.96066665649414,13.96066665649414,51487500,5023.9599609375,5028.22021484375,5009.509765625,5014.10009765625,5014.10009765625,1721260000
2015-04-22,14.166666984558104,14.791999816894531,14.112667083740234,14.629332542419434,14.629332542419434,117945000,5026.56982421875,5040.64990234375,4992.6201171875,5035.169921875,5035.169921875,1696380000
2015-04-23,14.5513334274292,14.76533317565918,14.476667404174805,14.57333278656006,14.57333278656006,66168000,5020.22021484375,5073.08984375,5019.2900390625,5056.06005859375,5056.06005859375,1858620000
2015-04-24,14.699999809265137,14.720000267028809,14.534000396728516,14.562000274658203,14.562000274658203,36417000,5096.33984375,5100.3701171875,5081.2099609375,5092.080078125,5092.080078125,1895150000
2015-04-27,14.837332725524902,15.916666984558104,14.800000190734863,15.436667442321776,15.436667442321776,175089000,5104.35986328125,5119.830078125,5053.5400390625,5060.25,5060.25,2172470000
2015-04-28,15.649999618530272,15.699999809265137,15.20199966430664,15.36533260345459,15.36533260345459,91281000,5063.259765625,5075.2998046875,5006.27978515625,5055.419921875,5055.419921875,2032500000
2015-04-29,15.33666706085205,15.664667129516602,15.175333023071287,15.49666690826416,15.49666690826416,59041500,5028.4501953125,5053.83984375,4999.830078125,5023.64013671875,5023.64013671875,1871300000
2015-04-30,15.359333038330078,15.526000022888184,15.011333465576172,15.06999969482422,15.06999969482422,58678500,4996.990234375,5015.9599609375,4921.5498046875,4941.419921875,4941.419921875,2269290000
2015-05-01,15.329333305358888,15.451333045959473,14.694000244140623,15.0686674118042,15.0686674118042,79225500,4966.31982421875,5005.39013671875,4962.740234375,5005.39013671875,5005.39013671875,1854400000
2015-05-04,15.211999893188477,15.648667335510254,15.140666961669922,15.36733341217041,15.36733341217041,66519000,5018.35009765625,5043.6201171875,5013.02001953125,5016.93017578125,5016.93017578125,1668200000
2015-05-05,15.850666999816896,15.966667175292969,15.275333404541016,15.529999732971191,15.529999732971191,86953500,5000.2001953125,5008.27001953125,4934.33984375,4939.330078125,4939.330078125,2069490000
2015-05-06,15.606666564941406,15.631333351135254,15.213333129882812,15.362000465393066,15.362000465393066,79063500,4956.7001953125,4965.10009765625,4888.169921875,4919.64013671875,4919.64013671875,2144620000
2015-05-07,14.733332633972168,15.83199977874756,14.68333339691162,15.786666870117188,15.786666870117188,141838500,4917.75,4957.1201171875,4914.52978515625,4945.5400390625,4945.5400390625,2042960000
2015-05-08,15.732666969299316,15.894000053405762,15.579999923706056,15.77400016784668,15.77400016784668,70023000,4991.6298828125,5014.330078125,4989.259765625,5003.5498046875,5003.5498046875,1978760000
2015-05-11,15.752667427062988,16.191999435424805,15.687333106994627,15.965999603271484,15.965999603271484,85084500,5003.259765625,5017.3798828125,4992.02001953125,4993.56982421875,4993.56982421875,1731390000
2015-05-12,16.007333755493164,16.42333221435547,15.879332542419434,16.31599998474121,16.31599998474121,95451000,4966.43994140625,4995.5,4931.60009765625,4976.18994140625,4976.18994140625,1705870000
2015-05-13,16.507333755493164,16.553333282470703,16.149999618530273,16.211999893188477,16.211999893188477,81603000,4991.419921875,5012.97021484375,4977.490234375,4981.68994140625,4981.68994140625,1672260000
2015-05-14,16.321332931518555,16.326000213623047,16.083332061767578,16.273332595825195,16.273332595825195,43438500,5016.68017578125,5051.72021484375,4999.64990234375,5050.7998046875,5050.7998046875,1741970000
2015-05-15,16.261999130249023,16.626667022705078,16.166667938232422,16.589332580566406,16.589332580566406,67914000,5059.14990234375,5062.64990234375,5034.83984375,5048.2900390625,5048.2900390625,1667260000
2015-05-18,16.46666717529297,16.65999984741211,16.399999618530273,16.583332061767578,16.583332061767578,50298000,5040.919921875,5084.5,5037.5400390625,5078.43994140625,5078.43994140625,1643870000
2015-05-19,16.562000274658203,16.733333587646484,16.40999984741211,16.47599983215332,16.47599983215332,55113000,5080.43994140625,5087.35009765625,5062.7998046875,5070.02978515625,5070.02978515625,1750980000
2015-05-20,16.475332260131836,16.516000747680664,16.091333389282227,16.290000915527344,16.290000915527344,56334000,5072.43994140625,5097.52001953125,5050.2099609375,5071.740234375,5071.740234375,1786830000
2015-05-21,16.20199966430664,16.441333770751953,16.157333374023438,16.374666213989258,16.374666213989258,29559000,5065.93994140625,5098.22998046875,5062.509765625,5090.7900390625,5090.7900390625,1683670000
2015-05-22,16.358667373657227,16.573333740234375,16.333999633789062,16.51533317565918,16.51533317565918,33346500,5085.39013671875,5103.83984375,5085.18994140625,5089.35986328125,5089.35986328125,1544920000
2015-05-26,16.511999130249023,16.799999237060547,16.433332443237305,16.497333526611328,16.497333526611328,52480500,5076.91015625,5081.169921875,5016.740234375,5032.75,5032.75,1731950000
2015-05-27,16.567333221435547,16.633333206176758,16.3700008392334,16.495332717895508,16.495332717895508,51123000,5047.85986328125,5111.5400390625,5039.3701171875,5106.58984375,5106.58984375,1809550000
2015-05-28,16.468666076660156,16.786666870117188,16.336666107177734,16.76333236694336,16.76333236694336,54709500,5096.33984375,5106.64990234375,5080.25,5097.97998046875,5097.97998046875,1741420000
2015-05-29,16.733333587646484,16.857999801635742,16.6286678314209,16.719999313354492,16.719999313354492,56839500,5093.10009765625,5099.39990234375,5057.58984375,5070.02978515625,5070.02978515625,2024170000
2015-06-01,16.76066780090332,16.773332595825195,16.49799919128418,16.6299991607666,16.6299991607666,37576500,5094.93994140625,5099.009765625,5045.669921875,5082.93017578125,5082.93017578125,1902120000
2015-06-02,16.594667434692383,16.626667022705078,16.420000076293945,16.55666732788086,16.55666732788086,32022000,5063.47021484375,5100.02001953125,5047.35009765625,5076.52001953125,5076.52001953125,1729750000
2015-06-03,16.546667098999023,16.71466636657715,16.46733283996582,16.599332809448242,16.599332809448242,26722500,5098.47998046875,5114.60009765625,5084.990234375,5099.22998046875,5099.22998046875,1852680000
2015-06-04,16.5,16.6200008392334,16.380666732788086,16.39466667175293,16.39466667175293,36804000,5078.22021484375,5101.10986328125,5046.2900390625,5059.1201171875,5059.1201171875,1813960000
2015-06-05,16.399999618530273,16.64666748046875,16.3786678314209,16.609333038330078,16.609333038330078,45330000,5057.0400390625,5074.97998046875,5025.52001953125,5068.4599609375,5068.4599609375,1842890000
2015-06-08,16.72333335876465,17.25,16.687332153320312,17.086000442504883,17.086000442504883,75255000,5066.64990234375,5069.0,5014.06005859375,5021.6298828125,5021.6298828125,1712210000
2015-06-09,17.02666664123535,17.182666778564453,16.94266700744629,17.066667556762695,17.066667556762695,39166500,5013.1298828125,5027.02001953125,4974.6201171875,5013.8701171875,5013.8701171875,1754340000
2015-06-10,16.793333053588867,16.933332443237305,16.566667556762695,16.713333129882812,16.713333129882812,51817500,5029.41015625,5086.66015625,5024.169921875,5076.68994140625,5076.68994140625,1792980000
2015-06-11,16.884000778198242,16.95800018310547,16.69533348083496,16.76066780090332,16.76066780090332,30661500,5088.259765625,5101.39013671875,5075.0498046875,5082.509765625,5082.509765625,1623950000
2015-06-12,16.680667877197266,16.8973331451416,16.680667877197266,16.71266746520996,16.71266746520996,21334500,5060.240234375,5067.9599609375,5043.240234375,5051.10009765625,5051.10009765625,1428900000
2015-06-15,16.64666748046875,16.75200080871582,16.400667190551758,16.691999435424805,16.691999435424805,32793000,5011.7900390625,5035.3701171875,4985.93994140625,5029.97021484375,5029.97021484375,1790280000
2015-06-16,16.67533302307129,16.895999908447266,16.606666564941406,16.874666213989258,16.874666213989258,29770500,5023.580078125,5063.06005859375,5022.56005859375,5055.5498046875,5055.5498046875,1654820000
2015-06-17,16.81133270263672,17.624000549316406,16.801332473754883,17.360666275024414,17.360666275024414,82693500,5067.68017578125,5080.10986328125,5042.25,5064.8798828125,5064.8798828125,1712820000
2015-06-18,17.46666717529297,17.56399917602539,17.334667205810547,17.459333419799805,17.459333419799805,41740500,5082.06005859375,5143.31982421875,5082.02978515625,5132.9501953125,5132.9501953125,1877920000
2015-06-19,17.49333381652832,17.586666107177734,17.34000015258789,17.500667572021484,17.500667572021484,36945000,5139.77001953125,5140.169921875,5113.93994140625,5117.0,5117.0,2468310000
2015-06-22,17.476667404174805,17.626667022705078,17.04599952697754,17.319332122802734,17.319332122802734,68416500,5147.8701171875,5162.1298828125,5142.77978515625,5153.97021484375,5153.97021484375,1619970000
2015-06-23,17.35466766357422,17.866666793823242,17.238000869750977,17.844667434692383,17.844667434692383,58062000,5161.68017578125,5163.41015625,5139.330078125,5160.08984375,5160.08984375,1613540000
2015-06-24,17.798667907714844,17.823333740234375,17.58133316040039,17.67799949645996,17.67799949645996,36184500,5151.3798828125,5164.35986328125,5121.64013671875,5122.41015625,5122.41015625,1628800000
2015-06-25,17.76333236694336,18.0939998626709,17.683332443237305,17.91933250427246,17.91933250427246,42738000,5139.47998046875,5141.7099609375,5102.16015625,5112.18994140625,5112.18994140625,1614760000
2015-06-26,17.926000595092773,17.94066619873047,17.733333587646484,17.805999755859375,17.805999755859375,57576000,5113.259765625,5121.47021484375,5060.81982421875,5080.509765625,5080.509765625,3843810000
2015-06-29,17.463333129882812,17.729999542236328,17.3799991607666,17.468000411987305,17.468000411987305,52183500,5021.2099609375,5051.009765625,4956.22998046875,4958.47021484375,4958.47021484375,2025580000
2015-06-30,17.65333366394043,18.06133270263672,17.600000381469727,17.884000778198242,17.884000778198242,46303500,5000.14990234375,5008.759765625,4968.259765625,4986.8701171875,4986.8701171875,2034430000
2015-07-01,18.073999404907227,18.17466735839844,17.856666564941406,17.94333267211914,17.94333267211914,31518000,5029.0498046875,5038.5498046875,4994.4599609375,5013.1201171875,5013.1201171875,1814560000
2015-07-02,18.68000030517578,18.829999923706055,18.220666885375977,18.667999267578125,18.667999267578125,107458500,5024.2998046875,5027.47021484375,4990.740234375,5009.2099609375,5009.2099609375,1490810000
2015-07-06,18.59199905395508,18.779333114624023,18.420000076293945,18.64800071716309,18.64800071716309,61828500,4963.7998046875,5020.7099609375,4960.93017578125,4991.93994140625,4991.93994140625,1741500000
2015-07-07,18.333332061767575,18.34666633605957,17.384666442871094,17.858667373657227,17.858667373657227,91576500,4993.759765625,5001.990234375,4902.2099609375,4997.4599609375,4997.4599609375,2132080000
2015-07-08,17.288000106811523,17.386667251586914,16.95400047302246,16.997333526611328,16.997333526611328,93316500,4953.97998046875,4965.4501953125,4901.509765625,4909.759765625,4909.759765625,1931520000
2015-07-09,17.27199935913086,17.530000686645508,17.119333267211914,17.19466781616211,17.19466781616211,50011500,4976.14990234375,4982.18994140625,4920.39990234375,4922.39990234375,4922.39990234375,1861600000
2015-07-10,17.481332778930664,17.53333282470703,17.187999725341797,17.27666664123535,17.27666664123535,39163500,4981.240234375,5008.0498046875,4966.509765625,4997.7001953125,4997.7001953125,1590230000
2015-07-13,17.483333587646484,17.503332138061523,17.06999969482422,17.477333068847656,17.477333068847656,44404500,5037.27001953125,5074.81005859375,5036.68017578125,5071.509765625,5071.509765625,1694140000
2015-07-14,17.47333335876465,17.732667922973633,17.367332458496094,17.709999084472656,17.709999084472656,28614000,5077.1201171875,5116.52001953125,5075.1201171875,5104.89013671875,5104.89013671875,1682660000
2015-07-15,17.78266716003418,17.832666397094727,17.472000122070312,17.542667388916016,17.542667388916016,30324000,5111.10986328125,5125.31982421875,5088.1201171875,5098.93994140625,5098.93994140625,1691350000
2015-07-16,17.614667892456055,17.81333351135254,17.54400062561035,17.778667449951172,17.778667449951172,24240000,5138.18017578125,5163.18017578125,5128.56005859375,5163.18017578125,5163.18017578125,1823530000
2015-07-17,18.166667938232425,18.36933326721191,17.883333206176758,18.310667037963867,18.310667037963867,75061500,5196.10986328125,5210.16015625,5183.22998046875,5210.14013671875,5210.14013671875,1854450000
2015-07-20,18.333332061767575,19.11000061035156,18.16933250427246,18.817333221435547,18.817333221435547,74677500,5223.18017578125,5231.93994140625,5201.490234375,5218.85986328125,5218.85986328125,1814180000
2015-07-21,18.003332138061523,18.233333587646484,17.770000457763672,17.784666061401367,17.784666061401367,91630500,5219.2001953125,5229.0,5196.2998046875,5208.1201171875,5208.1201171875,1774570000
2015-07-22,17.417999267578125,17.96266746520996,17.390666961669922,17.857999801635742,17.857999801635742,46575000,5146.02978515625,5184.740234375,5145.77978515625,5171.77001953125,5171.77001953125,2035730000
2015-07-23,17.976667404174805,17.99333381652832,17.684667587280273,17.81333351135254,17.81333351135254,33408000,5180.330078125,5197.0,5137.64013671875,5146.41015625,5146.41015625,2003310000
2015-07-24,17.825332641601562,18.07266616821289,17.594667434692383,17.694000244140625,17.694000244140625,42547500,5166.91015625,5167.5400390625,5084.509765625,5088.6298828125,5088.6298828125,2004380000
2015-07-27,17.495332717895508,17.6286678314209,16.71933364868164,16.867332458496094,16.867332458496094,70413000,5055.919921875,5072.8798828125,5032.68994140625,5039.77978515625,5039.77978515625,1942520000
2015-07-28,17.049999237060547,17.69333267211914,16.78933334350586,17.654666900634766,17.654666900634766,58437000,5063.43994140625,5097.68994140625,5025.60986328125,5089.2099609375,5089.2099609375,2025110000
2015-07-29,17.618000030517578,17.859333038330078,17.46666717529297,17.58799934387207,17.58799934387207,41851500,5097.85986328125,5117.83984375,5080.0400390625,5111.72998046875,5111.72998046875,1890350000
2015-07-30,17.512666702270508,17.79599952697754,17.474000930786133,17.785999298095703,17.785999298095703,30519000,5100.2998046875,5135.64990234375,5070.6201171875,5128.77978515625,5128.77978515625,1908480000
2015-07-31,17.84000015258789,17.957332611083984,17.674667358398438,17.74333381652832,17.74333381652832,33339000,5148.18017578125,5155.02001953125,5122.3701171875,5128.27978515625,5128.27978515625,1926360000
2015-08-03,17.752666473388672,17.78066635131836,17.13800048828125,17.332666397094727,17.332666397094727,38302500,5134.33984375,5143.080078125,5082.31982421875,5115.3798828125,5115.3798828125,1790080000
2015-08-04,17.333999633789062,17.781333923339844,17.222667694091797,17.75200080871582,17.75200080871582,35287500,5110.9599609375,5125.89990234375,5092.4599609375,5105.5498046875,5105.5498046875,1819700000
2015-08-05,17.57200050354004,18.066667556762695,17.360000610351562,18.0086669921875,18.0086669921875,93214500,5132.77001953125,5175.259765625,5131.85986328125,5139.93994140625,5139.93994140625,2041490000
2015-08-06,16.63599967956543,17.0,15.7413330078125,16.408666610717773,16.408666610717773,219357000,5146.6298828125,5149.93017578125,5035.41015625,5056.43994140625,5056.43994140625,2290950000
2015-08-07,16.238666534423828,16.248666763305664,15.892666816711426,16.167333602905273,16.167333602905273,76101000,5043.97021484375,5055.56005859375,5006.14990234375,5043.5400390625,5043.5400390625,2008360000
2015-08-10,15.876667022705078,16.197999954223633,15.736666679382324,16.076000213623047,16.076000213623047,62788500,5081.72021484375,5112.47021484375,5081.10986328125,5101.7998046875,5101.7998046875,1784930000
2015-08-11,15.8100004196167,15.953332901000977,15.629332542419434,15.824666976928713,15.824666976928713,63973500,5069.16015625,5089.330078125,5013.4501953125,5036.7900390625,5036.7900390625,1912340000
2015-08-12,15.666666984558104,15.98466682434082,15.515999794006348,15.878000259399414,15.878000259399414,55920000,4994.52001953125,5055.75,4945.7900390625,5044.39013671875,5044.39013671875,2089460000
2015-08-13,15.990667343139648,16.43199920654297,15.941332817077637,16.167333602905273,16.167333602905273,70338000,5050.93994140625,5071.4599609375,5029.60986328125,5033.56005859375,5033.56005859375,1632340000
2015-08-14,16.482667922973633,16.528667449951172,16.118000030517578,16.209999084472656,16.209999084472656,65472000,5025.919921875,5051.89013671875,5012.60986328125,5048.240234375,5048.240234375,1487630000
2015-08-17,17.03733253479004,17.106000900268555,16.700666427612305,16.999332427978516,16.999332427978516,107650500,5032.33984375,5092.68994140625,5022.419921875,5091.7001953125,5091.7001953125,1510790000
2015-08-18,17.025333404541016,17.39666748046875,16.90399932861328,17.381332397460938,17.381332397460938,62925000,5082.169921875,5085.14013671875,5054.97021484375,5059.35009765625,5059.35009765625,1501540000
2015-08-19,17.35533332824707,17.376667022705078,17.001333236694336,17.016666412353516,17.016666412353516,54064500,5039.02978515625,5060.93017578125,4992.85009765625,5019.0498046875,5019.0498046875,1785420000
2015-08-20,16.804000854492188,16.970666885375977,16.126667022705078,16.14533233642578,16.14533233642578,73587000,4973.490234375,4986.509765625,4877.490234375,4877.490234375,4877.490234375,2087000000
2015-08-21,15.733332633972168,16.253332138061523,15.36733341217041,15.38466739654541,15.38466739654541,98853000,4801.0400390625,4856.75,4706.0400390625,4706.0400390625,4706.0400390625,2768540000
2015-08-24,13.519332885742188,15.42666721343994,13.0,14.591333389282228,14.591333389282228,143724000,4351.60986328125,4694.89990234375,4292.14013671875,4526.25,4526.25,3508840000
2015-08-25,15.368000030517578,15.393333435058594,14.607999801635742,14.66866683959961,14.66866683959961,64909500,4687.27001953125,4689.5400390625,4506.10009765625,4506.490234375,4506.490234375,2612800000
2015-08-26,15.195332527160645,15.199999809265137,14.36733341217041,14.989333152770996,14.989333152770996,74445000,4633.509765625,4703.97021484375,4530.02978515625,4697.5400390625,4697.5400390625,2631660000
2015-08-27,15.399999618530272,16.316667556762695,15.387332916259766,16.19933319091797,16.19933319091797,114840000,4761.0498046875,4818.7099609375,4721.7900390625,4812.7099609375,4812.7099609375,2368880000
2015-08-28,16.124000549316406,16.76333236694336,16.10466766357422,16.565332412719727,16.565332412719727,82705500,4792.10986328125,4836.77978515625,4788.3798828125,4828.31982421875,4828.31982421875,1936540000
2015-08-31,16.374666213989258,16.996667861938477,16.367332458496094,16.604000091552734,16.604000091552734,70503000,4798.68017578125,4824.60986328125,4763.419921875,4776.509765625,4776.509765625,1839010000
2015-09-01,16.022666931152344,16.399999618530273,15.79800033569336,15.908666610717772,15.908666610717772,81822000,4673.60986328125,4722.1298828125,4614.91015625,4636.10009765625,4636.10009765625,2253750000
2015-09-02,16.35333251953125,16.525333404541016,15.985333442687988,16.512666702270508,16.512666702270508,69438000,4704.419921875,4749.97998046875,4659.41015625,4749.97998046875,4749.97998046875,1929080000
2015-09-03,16.804000854492188,16.80533218383789,16.333332061767578,16.3713321685791,16.3713321685791,62922000,4763.10009765625,4800.18017578125,4721.91015625,4733.5,4733.5,1803320000
2015-09-04,16.05933380126953,16.272666931152344,15.880000114440918,16.1286678314209,16.1286678314209,55338000,4670.35009765625,4712.669921875,4657.81982421875,4683.919921875,4683.919921875,1574720000
2015-09-08,16.336666107177734,16.610666275024414,16.270000457763672,16.544666290283203,16.544666290283203,47073000,4769.72021484375,4815.0400390625,4754.89013671875,4811.93017578125,4811.93017578125,1765600000
2015-09-09,16.803333282470703,16.950000762939453,16.553333282470703,16.5939998626709,16.5939998626709,50862000,4856.27001953125,4862.8798828125,4746.72998046875,4756.52978515625,4756.52978515625,1963750000
2015-09-10,16.48200035095215,16.71466636657715,16.35533332824707,16.565332412719727,16.565332412719727,40635000,4749.9599609375,4826.330078125,4746.52001953125,4796.25,4796.25,1845770000
2015-09-11,16.50933265686035,16.682666778564453,16.315332412719727,16.682666778564453,16.682666778564453,35262000,4770.72998046875,4822.33984375,4763.14990234375,4822.33984375,4822.33984375,1686190000
2015-09-14,16.739999771118164,16.950000762939453,16.64466667175293,16.87933349609375,16.87933349609375,43363500,4831.97998046875,4832.0,4791.080078125,4805.759765625,4805.759765625,1467740000
2015-09-15,16.850000381469727,16.97333335876465,16.633333206176758,16.904666900634766,16.904666900634766,44002500,4819.31982421875,4872.35009765625,4802.08984375,4860.52001953125,4860.52001953125,1587460000
2015-09-16,16.869333267211914,17.525333404541016,16.858667373657227,17.483333587646484,17.483333587646484,66256500,4860.43017578125,4893.43994140625,4848.14990234375,4889.240234375,4889.240234375,1666380000
2015-09-17,17.597333908081055,17.700000762939453,17.37933349609375,17.471332550048828,17.471332550048828,53787000,4884.10986328125,4960.8701171875,4880.5,4893.9501953125,4893.9501953125,1891510000
2015-09-18,17.19733238220215,17.58799934387207,17.166667938232422,17.374666213989258,17.374666213989258,56446500,4828.7099609375,4878.7099609375,4819.08984375,4827.22998046875,4827.22998046875,3272150000
2015-09-21,17.59866714477539,18.10466766357422,17.053333282470703,17.613332748413086,17.613332748413086,91803000,4851.97998046875,4881.4599609375,4795.91015625,4828.9501953125,4828.9501953125,2021530000
2015-09-22,17.268667221069336,17.510000228881836,17.058000564575195,17.395999908447266,17.395999908447266,54966000,4762.2900390625,4776.27978515625,4716.91015625,4756.72021484375,4756.72021484375,2042880000
2015-09-23,17.463333129882812,17.472000122070312,17.172000885009766,17.40399932861328,17.40399932861328,39012000,4764.68994140625,4780.64013671875,4735.1298828125,4752.740234375,4752.740234375,1606330000
2015-09-24,17.302000045776367,17.56333351135254,17.08066749572754,17.541332244873047,17.541332244873047,51723000,4717.89013671875,4746.2099609375,4670.1201171875,4734.47998046875,4734.47998046875,1995820000
2015-09-25,17.77400016784668,17.79400062561035,17.07666778564453,17.12733268737793,17.12733268737793,56601000,4782.41015625,4785.22021484375,4659.47998046875,4686.5,4686.5,2050530000
2015-09-28,17.156667709350586,17.319332122802734,16.44066619873047,16.562000274658203,16.562000274658203,73516500,4665.06005859375,4665.2099609375,4529.41015625,4543.97021484375,4543.97021484375,2387610000
2015-09-29,16.69733238220215,16.98200035095215,16.36400032043457,16.44333267211914,16.44333267211914,55548000,4551.0400390625,4596.06005859375,4487.06005859375,4517.31982421875,4517.31982421875,2293450000
2015-09-30,16.799999237060547,16.82666778564453,16.1560001373291,16.559999465942383,16.559999465942383,73944000,4574.3798828125,4620.16015625,4559.18017578125,4620.16015625,4620.16015625,2398350000
2015-10-01,16.500667572021484,16.566667556762695,15.808667182922363,15.991999626159668,15.991999626159668,68595000,4624.4599609375,4628.22998046875,4559.2099609375,4627.080078125,4627.080078125,2133990000
2015-10-02,15.706666946411133,16.51333236694336,15.661999702453612,16.504667282104492,16.504667282104492,66360000,4566.1298828125,4707.77978515625,4552.33984375,4707.77978515625,4707.77978515625,2183320000
2015-10-05,16.589332580566406,16.6560001373291,16.275333404541016,16.40999984741211,16.40999984741211,55348500,4742.1298828125,4785.91015625,4740.240234375,4781.259765625,4781.259765625,2005320000
2015-10-06,16.0,16.20199966430664,15.70533275604248,16.097333908081055,16.097333908081055,78378000,4767.6298828125,4783.3701171875,4711.7900390625,4748.35986328125,4748.35986328125,2085020000
2015-10-07,15.775333404541016,15.846667289733888,15.274666786193848,15.46399974822998,15.46399974822998,102210000,4775.0498046875,4791.14990234375,4728.7099609375,4791.14990234375,4791.14990234375,2149890000
2015-10-08,15.338666915893556,15.381333351135254,14.753999710083008,15.114666938781738,15.114666938781738,91998000,4775.06005859375,4819.06982421875,4737.93017578125,4810.7900390625,4810.7900390625,1984230000
2015-10-09,14.728667259216309,14.958000183105469,14.557332992553713,14.71266746520996,14.71266746520996,92376000,4817.27978515625,4841.3798828125,4804.58984375,4830.47021484375,4830.47021484375,1804260000
2015-10-12,14.866000175476074,14.866666793823242,14.351332664489746,14.371999740600586,14.371999740600586,57544500,4839.7900390625,4846.740234375,4818.169921875,4838.64013671875,4838.64013671875,1343820000
2015-10-13,14.218667030334473,14.834667205810549,14.075332641601562,14.616666793823242,14.616666793823242,77572500,4809.240234375,4858.27978515625,4793.919921875,4796.60986328125,4796.60986328125,1565060000
2015-10-14,14.711333274841309,14.729999542236328,14.362000465393066,14.458666801452637,14.458666801452637,46566000,4801.35009765625,4820.08984375,4771.6201171875,4782.85009765625,4782.85009765625,1902460000
2015-10-15,14.428667068481444,14.781999588012695,14.24666690826416,14.753999710083008,14.753999710083008,42663000,4799.43017578125,4870.10009765625,4795.2900390625,4870.10009765625,4870.10009765625,1942900000
2015-10-16,14.869333267211914,15.36533260345459,14.857999801635742,15.133999824523926,15.133999824523926,65017500,4872.35986328125,4886.9501953125,4851.27978515625,4886.68994140625,4886.68994140625,1855290000
2015-10-19,15.100000381469728,15.40999984741211,14.996000289916992,15.206666946411133,15.206666946411133,37618500,4873.5400390625,4915.490234375,4865.830078125,4905.47021484375,4905.47021484375,1619920000
2015-10-20,15.1813325881958,15.239999771118164,13.466667175292969,14.20199966430664,14.20199966430664,223500000,4900.02001953125,4909.3701171875,4866.60009765625,4880.97021484375,4880.97021484375,1711700000
2015-10-21,14.13266658782959,14.320667266845703,13.920000076293944,14.005999565124512,14.005999565124512,62272500,4903.97998046875,4904.85009765625,4836.4599609375,4840.1201171875,4840.1201171875,1895390000
2015-10-22,14.104000091552734,14.383333206176758,13.960000038146973,14.114666938781738,14.114666938781738,42378000,4875.9599609375,4926.990234375,4861.7998046875,4920.0498046875,4920.0498046875,2156040000
2015-10-23,14.333333015441896,14.356666564941406,13.845999717712402,13.939332962036133,13.939332962036133,63532500,5024.3798828125,5048.5498046875,4999.5400390625,5031.85986328125,5031.85986328125,2178270000
2015-10-26,14.092000007629396,14.392000198364258,14.0,14.350666999816896,14.350666999816896,50871000,5030.7998046875,5045.16015625,5012.740234375,5034.7001953125,5034.7001953125,1758690000
2015-10-27,14.322667121887209,14.473333358764648,13.833999633789062,14.023332595825195,14.023332595825195,52791000,5018.990234375,5040.080078125,5009.06982421875,5030.14990234375,5030.14990234375,1986840000
2015-10-28,14.087332725524902,14.229999542236328,13.886667251586914,14.197333335876465,14.197333335876465,40929000,5040.3798828125,5095.68994140625,5019.60009765625,5095.68994140625,5095.68994140625,2141130000
2015-10-29,14.116666793823242,14.25,14.042667388916016,14.108667373657228,14.108667373657228,27075000,5071.0400390625,5084.6298828125,5066.89013671875,5074.27001953125,5074.27001953125,1928310000
2015-10-30,14.026666641235352,14.108667373657228,13.592666625976562,13.795332908630373,13.795332908630373,66583500,5079.759765625,5085.22021484375,5053.75,5053.75,5053.75,2016390000
2015-11-02,13.928000450134276,14.386667251586914,13.814666748046877,14.252667427062988,14.252667427062988,58918500,5065.64013671875,5130.509765625,5061.47021484375,5127.14990234375,5127.14990234375,1888180000
2015-11-03,14.256667137145996,14.29599952697754,13.850000381469728,13.890000343322754,13.890000343322754,124987500,5114.31005859375,5163.47021484375,5109.68017578125,5145.1298828125,5145.1298828125,2028630000
2015-11-04,15.133333206176758,15.515999794006348,15.013333320617676,15.44200038909912,15.44200038909912,190896000,5155.6201171875,5162.56982421875,5122.77978515625,5142.47998046875,5142.47998046875,2096110000
2015-11-05,15.371999740600586,15.638667106628418,15.279333114624023,15.451333045959473,15.451333045959473,67452000,5144.14990234375,5154.85986328125,5098.490234375,5127.740234375,5127.740234375,2054490000
2015-11-06,15.380000114440918,15.557332992553713,15.300000190734863,15.490667343139648,15.490667343139648,36679500,5124.0400390625,5147.1201171875,5092.8701171875,5147.1201171875,5147.1201171875,2066430000
2015-11-09,15.53266716003418,15.53266716003418,14.95400047302246,15.022000312805176,15.022000312805176,57763500,5128.93994140625,5133.43994140625,5066.10009765625,5095.2998046875,5095.2998046875,1850770000
2015-11-10,14.898667335510254,14.91333293914795,14.405332565307615,14.43333339691162,14.43333339691162,69255000,5068.5498046875,5086.8798828125,5051.22021484375,5083.240234375,5083.240234375,1906120000
2015-11-11,14.517999649047852,14.631999969482422,14.241999626159668,14.60533332824707,14.60533332824707,50217000,5098.1298828125,5111.18994140625,5066.68017578125,5067.02001953125,5067.02001953125,1672340000
2015-11-12,14.523332595825195,14.600000381469728,14.177332878112791,14.196000099182127,14.196000099182127,43738500,5043.10009765625,5062.490234375,5004.4599609375,5005.080078125,5005.080078125,1820930000
2015-11-13,14.196666717529297,14.199333190917969,13.767999649047852,13.812666893005373,13.812666893005373,51454500,4980.85986328125,4989.06005859375,4925.35009765625,4927.8798828125,4927.8798828125,2001050000
2015-11-16,13.739333152770996,14.33199977874756,13.720000267028809,14.28733253479004,14.28733253479004,43881000,4916.14013671875,4984.91015625,4908.66015625,4984.6201171875,4984.6201171875,1819190000
2015-11-17,14.346667289733888,14.399999618530272,14.09333324432373,14.266667366027832,14.266667366027832,32230500,4991.7099609375,5023.4501953125,4975.740234375,4986.02001953125,4986.02001953125,1861710000
2015-11-18,14.300000190734863,14.7586669921875,14.16800022125244,14.73799991607666,14.73799991607666,42178500,5004.60009765625,5078.7998046875,5001.669921875,5075.2001953125,5075.2001953125,2017390000
2015-11-19,14.702667236328123,15.079333305358888,14.686667442321776,14.786666870117188,14.786666870117188,37566000,5078.669921875,5092.4599609375,5067.27001953125,5073.64013671875,5073.64013671875,1794110000
2015-11-20,14.899333000183104,15.0,14.238666534423828,14.667332649230955,14.667332649230955,66010500,5096.9599609375,5112.4599609375,5094.31982421875,5104.919921875,5104.919921875,1766630000
2015-11-23,14.489999771118164,14.612000465393066,14.312000274658203,14.516667366027832,14.516667366027832,37893000,5106.72021484375,5128.080078125,5084.85009765625,5102.47998046875,5102.47998046875,1668280000
2015-11-24,14.357999801635742,14.733332633972168,14.333333015441896,14.550000190734863,14.550000190734863,37204500,5070.66015625,5110.75,5050.14013671875,5102.81005859375,5102.81005859375,1956920000
2015-11-25,14.755999565124512,15.388667106628418,14.69200038909912,15.309332847595217,15.309332847595217,59862000,5106.8701171875,5124.08984375,5101.18017578125,5116.14013671875,5116.14013671875,1539300000
2015-11-27,15.404000282287598,15.483332633972168,15.133999824523926,15.440667152404783,15.440667152404783,29241000,5121.93017578125,5134.35009765625,5108.509765625,5127.52001953125,5127.52001953125,781730000
2015-11-30,15.452667236328123,15.618666648864746,15.272000312805176,15.350666999816896,15.350666999816896,39897000,5139.580078125,5141.35986328125,5098.7001953125,5108.669921875,5108.669921875,2244550000
2015-12-01,15.404000282287598,15.866666793823242,15.403332710266112,15.812666893005373,15.812666893005373,56010000,5129.64013671875,5156.31005859375,5120.169921875,5156.31005859375,5156.31005859375,2035570000
2015-12-02,15.800000190734863,15.90666675567627,15.415332794189451,15.465999603271484,15.465999603271484,44722500,5158.81982421875,5176.77001953125,5117.14990234375,5123.22021484375,5123.22021484375,2060340000
2015-12-03,15.6986665725708,15.829999923706056,15.333333015441896,15.513999938964844,15.513999938964844,44094000,5143.16015625,5144.60009765625,5011.72021484375,5037.52978515625,5037.52978515625,2088100000
2015-12-04,15.497332572937012,15.5513334274292,15.177332878112791,15.358667373657228,15.358667373657228,38604000,5050.93017578125,5147.0,5043.490234375,5142.27001953125,5142.27001953125,1897490000
2015-12-07,15.18000030517578,15.708666801452637,15.076666831970217,15.408666610717772,15.408666610717772,47163000,5139.4599609375,5139.77978515625,5082.22998046875,5101.81005859375,5101.81005859375,1952690000
2015-12-08,15.16800022125244,15.25333309173584,14.946666717529297,15.114666938781738,15.114666938781738,40314000,5050.52001953125,5111.72998046875,5045.72998046875,5098.240234375,5098.240234375,1871450000
2015-12-09,15.113332748413086,15.166666984558104,14.714667320251465,14.968000411987305,14.968000411987305,45867000,5077.2099609375,5106.3701171875,5000.1201171875,5022.8701171875,5022.8701171875,2003450000
2015-12-10,14.980667114257812,15.232666969299316,14.90933322906494,15.137999534606934,15.137999534606934,31075500,5026.2998046875,5075.64990234375,5019.31005859375,5045.169921875,5045.169921875,1746520000
2015-12-11,15.015999794006348,15.050000190734863,14.442667007446287,14.468000411987305,14.468000411987305,49030500,4979.77001953125,4996.18994140625,4928.669921875,4933.47021484375,4933.47021484375,2084950000
2015-12-14,14.500666618347168,14.727999687194824,14.324666976928713,14.571999549865724,14.571999549865724,42406500,4932.60986328125,4953.60009765625,4871.58984375,4952.22998046875,4952.22998046875,2216060000
2015-12-15,14.788000106811523,14.814666748046877,14.533332824707031,14.739333152770996,14.739333152770996,33666000,4991.2099609375,5026.5400390625,4986.990234375,4995.35986328125,4995.35986328125,2054710000
2015-12-16,14.80666732788086,15.658666610717772,14.715332984924316,15.633999824523926,15.633999824523926,76564500,5033.47998046875,5078.990234375,4992.6298828125,5071.1298828125,5071.1298828125,2036610000
2015-12-17,15.595999717712402,15.850666999816896,15.320667266845703,15.559332847595217,15.559332847595217,49479000,5087.169921875,5088.580078125,5002.5498046875,5002.5498046875,5002.5498046875,1897220000
2015-12-18,15.526000022888184,15.726667404174805,15.28600025177002,15.36400032043457,15.36400032043457,45213000,4982.580078125,4996.490234375,4921.330078125,4923.080078125,4923.080078125,3765210000
2015-12-21,15.446000099182127,15.722000122070312,15.405332565307615,15.503999710083008,15.503999710083008,29298000,4957.52978515625,4968.919921875,4928.93017578125,4968.919921875,4968.919921875,1673400000
2015-12-22,15.666000366210938,15.770000457763672,15.308667182922363,15.329999923706056,15.329999923706056,29422500,4988.68017578125,5007.77001953125,4964.080078125,5001.10986328125,5001.10986328125,1556670000
2015-12-23,15.478667259216309,15.563332557678224,15.208666801452637,15.313332557678224,15.313332557678224,23325000,5025.5498046875,5046.08984375,5020.43994140625,5045.93017578125,5045.93017578125,1591490000
2015-12-24,15.370667457580566,15.458666801452637,15.218667030334473,15.371333122253418,15.371333122253418,10620000,5046.18994140625,5063.27978515625,5043.64990234375,5048.490234375,5048.490234375,706880000
2015-12-28,15.432666778564451,15.465332984924316,15.03600025177002,15.263333320617676,15.263333320617676,28519500,5032.2900390625,5041.27001953125,4999.06982421875,5040.990234375,5040.990234375,1310650000
2015-12-29,15.337332725524902,15.847999572753906,15.303333282470703,15.812666893005373,15.812666893005373,36094500,5066.52001953125,5116.990234375,5065.89013671875,5107.93994140625,5107.93994140625,1383470000
2015-12-30,15.773332595825195,16.242000579833984,15.711333274841309,15.87266731262207,15.87266731262207,55468500,5101.18017578125,5102.35009765625,5065.68017578125,5065.85009765625,5065.85009765625,1247530000
2015-12-31,15.900667190551758,16.229999542236328,15.891332626342772,16.000667572021484,16.000667572021484,40725000,5047.0400390625,5058.06005859375,5007.009765625,5007.41015625,5007.41015625,1437480000
2016-01-04,15.381333351135254,15.425333023071287,14.600000381469728,14.894000053405762,14.894000053405762,102406500,4897.64990234375,4903.08984375,4846.97998046875,4903.08984375,4903.08984375,2218420000
2016-01-05,15.09066677093506,15.12600040435791,14.666666984558104,14.895333290100098,14.895333290100098,47802000,4917.83984375,4926.72998046875,4872.740234375,4891.43017578125,4891.43017578125,1927380000
2016-01-06,14.666666984558104,14.670000076293944,14.398667335510254,14.602666854858398,14.602666854858398,56686500,4813.759765625,4866.0400390625,4804.68994140625,4835.759765625,4835.759765625,2168620000
2016-01-07,14.279333114624023,14.562666893005373,14.244667053222656,14.376667022705078,14.376667022705078,53314500,4736.39990234375,4788.02001953125,4688.169921875,4689.43017578125,4689.43017578125,2552590000
2016-01-08,14.52400016784668,14.696000099182127,14.0513334274292,14.06666660308838,14.06666660308838,54421500,4722.02001953125,4742.56982421875,4637.85009765625,4643.6298828125,4643.6298828125,2288750000
2016-01-11,14.267333030700684,14.296667098999023,13.533332824707031,13.856666564941406,13.856666564941406,61371000,4673.43994140625,4683.02001953125,4573.77978515625,4637.990234375,4637.990234375,2391110000
2016-01-12,14.106666564941406,14.249333381652832,13.687333106994627,13.998000144958496,13.998000144958496,46378500,4681.5400390625,4714.7998046875,4618.02978515625,4685.919921875,4685.919921875,2147470000
2016-01-13,14.133999824523926,14.17666721343994,13.333333015441896,13.354000091552734,13.354000091552734,61896000,4706.02001953125,4713.97998046875,4517.56005859375,4526.06005859375,4526.06005859375,2533200000
2016-01-14,13.480667114257812,14.0,12.892000198364258,13.745332717895508,13.745332717895508,97360500,4545.3701171875,4650.5498046875,4470.58984375,4615.0,4615.0,2565560000
2016-01-15,13.264666557312012,13.67133331298828,13.149999618530272,13.666000366210938,13.666000366210938,83679000,4464.3701171875,4520.4501953125,4419.41015625,4488.419921875,4488.419921875,2818630000
2016-01-19,13.913999557495115,14.031332969665527,13.385333061218262,13.64799976348877,13.64799976348877,60580500,4548.0498046875,4550.56982421875,4430.77001953125,4476.9501953125,4476.9501953125,2394550000
2016-01-20,13.293333053588867,13.41866683959961,12.75,13.24666690826416,13.24666690826416,87579000,4405.22021484375,4514.919921875,4313.39013671875,4471.68994140625,4471.68994140625,3204130000
2016-01-21,13.436667442321776,13.548666954040527,13.001333236694336,13.33133316040039,13.33133316040039,47493000,4480.7001953125,4537.14990234375,4432.02001953125,4472.06005859375,4472.06005859375,2447750000
2016-01-22,13.653332710266112,13.699999809265137,13.268667221069336,13.50333309173584,13.50333309173584,46861500,4557.39013671875,4591.18017578125,4540.27001953125,4591.18017578125,4591.18017578125,2153340000
2016-01-25,13.337332725524902,13.571332931518556,13.058667182922363,13.092000007629396,13.092000007629396,40480500,4574.58984375,4590.43994140625,4514.77978515625,4518.490234375,4518.490234375,2028880000
2016-01-26,13.113332748413086,13.187999725341797,12.592000007629396,12.904000282287598,12.904000282287598,74463000,4537.0400390625,4583.2099609375,4503.52978515625,4567.669921875,4567.669921875,1981180000
2016-01-27,12.825332641601562,12.883999824523926,12.38466739654541,12.538000106811523,12.538000106811523,54258000,4548.8701171875,4568.85009765625,4450.830078125,4468.169921875,4468.169921875,2115710000
2016-01-28,12.719332695007324,12.751999855041504,12.160667419433594,12.646666526794434,12.646666526794434,68892000,4533.81005859375,4533.81005859375,4447.5,4506.68017578125,4506.68017578125,2322310000
2016-01-29,12.66333293914795,12.916000366210938,12.538666725158691,12.74666690826416,12.74666690826416,42784500,4512.08984375,4613.9501953125,4511.2998046875,4613.9501953125,4613.9501953125,2617550000
2016-02-01,12.583999633789062,13.3013334274292,12.18333339691162,13.129332542419434,13.129332542419434,79464000,4587.58984375,4636.93017578125,4565.3701171875,4620.3701171875,4620.3701171875,1983340000
2016-02-02,12.82800006866455,12.874667167663574,12.01533317565918,12.185333251953123,12.185333251953123,86604000,4588.68994140625,4589.89990234375,4503.1201171875,4516.9501953125,4516.9501953125,2185180000
2016-02-03,12.239333152770996,12.262666702270508,11.345333099365234,11.565333366394045,11.565333366394045,118971000,4543.81982421875,4547.31982421875,4424.47021484375,4504.240234375,4504.240234375,2466190000
2016-02-04,11.380000114440918,11.732000350952148,11.13266658782959,11.68866729736328,11.68866729736328,65781000,4492.47998046875,4545.52001953125,4463.990234375,4509.56005859375,4509.56005859375,2200930000
2016-02-05,11.420000076293944,11.533332824707031,10.515999794006348,10.84000015258789,10.84000015258789,141564000,4491.47998046875,4493.18994140625,4350.3701171875,4363.14013671875,4363.14013671875,2489280000
2016-02-08,10.473333358764648,10.476667404174805,9.733332633972168,9.866000175476074,9.866000175476074,139695000,4288.02001953125,4301.52978515625,4212.81005859375,4283.75,4283.75,2702070000
2016-02-09,9.48799991607666,10.652667045593262,9.403332710266112,9.883333206176758,9.883333206176758,129774000,4224.8701171875,4329.60986328125,4222.47998046875,4268.759765625,4268.759765625,2465790000
2016-02-10,10.033332824707031,10.33133316040039,9.449333190917969,9.57800006866455,9.57800006866455,156097500,4318.27978515625,4369.6201171875,4280.72998046875,4283.58984375,4283.58984375,2448380000
2016-02-11,10.133333206176758,10.883999824523926,9.800000190734863,10.031332969665527,10.031332969665527,213786000,4218.81005859375,4293.22021484375,4209.759765625,4266.83984375,4266.83984375,2812330000
2016-02-12,10.333333015441896,10.46733283996582,9.579999923706056,10.06933307647705,10.06933307647705,108537000,4307.2900390625,4340.1298828125,4274.14990234375,4337.509765625,4337.509765625,1983190000
2016-02-16,10.579999923706056,10.863332748413086,10.27400016784668,10.344667434692385,10.344667434692385,83907000,4397.9501953125,4435.9599609375,4376.52001953125,4435.9599609375,4435.9599609375,2117920000
2016-02-17,10.600000381469728,11.28933334350586,10.445332527160645,11.245332717895508,11.245332717895508,87378000,4471.66015625,4540.77978515625,4463.509765625,4534.06005859375,4534.06005859375,2296440000
2016-02-18,11.494667053222656,11.529999732971191,10.98466682434082,11.118000030517578,11.118000030517578,58314000,4548.10009765625,4548.47021484375,4482.77001953125,4487.5400390625,4487.5400390625,1955870000
2016-02-19,10.910667419433594,11.166000366210938,10.833333015441896,11.10533332824707,11.10533332824707,44391000,4464.669921875,4513.14990234375,4455.10009765625,4504.43017578125,4504.43017578125,1903770000
2016-02-22,11.341333389282228,11.927332878112791,11.32333278656006,11.849332809448242,11.849332809448242,75901500,4548.31005859375,4576.47021484375,4546.5498046875,4570.60986328125,4570.60986328125,1794020000
2016-02-23,11.744000434875488,12.11533260345459,11.57866668701172,11.814000129699709,11.814000129699709,89766000,4550.0498046875,4558.06005859375,4500.93994140625,4503.580078125,4503.580078125,1777750000
2016-02-24,11.516667366027832,11.966667175292969,11.189332962036133,11.93333339691162,11.93333339691162,80934000,4453.93017578125,4547.64013671875,4425.72021484375,4542.60986328125,4542.60986328125,1978180000
2016-02-25,11.90999984741211,12.567999839782717,11.68000030517578,12.495332717895508,12.495332717895508,86260500,4554.72998046875,4582.2001953125,4516.89013671875,4582.2001953125,4582.2001953125,1667840000
2016-02-26,12.579999923706056,12.800000190734863,12.333333015441896,12.689332962036133,12.689332962036133,90976500,4615.14013671875,4618.85009765625,4580.77978515625,4590.47021484375,4590.47021484375,1814920000
2016-02-29,12.826666831970217,13.09000015258789,12.614666938781738,12.795332908630373,12.795332908630373,67485000,4585.2998046875,4619.89990234375,4557.4599609375,4557.9501953125,4557.9501953125,2065260000
2016-03-01,12.949999809265137,13.063332557678224,12.18000030517578,12.423333168029783,12.423333168029783,100683000,4596.009765625,4689.60009765625,4581.75,4689.60009765625,4689.60009765625,2080150000
2016-03-02,12.248666763305664,12.567999839782717,12.100000381469728,12.555999755859377,12.555999755859377,72936000,4683.7998046875,4703.580078125,4665.93017578125,4703.419921875,4703.419921875,1912510000
2016-03-03,12.552000045776367,13.161333084106444,12.281332969665527,13.04933261871338,13.04933261871338,72435000,4698.3798828125,4707.72021484375,4674.4599609375,4707.419921875,4707.419921875,1936290000
2016-03-04,13.199999809265137,13.60200023651123,13.166666984558104,13.402667045593262,13.402667045593262,97336500,4715.759765625,4746.64990234375,4687.93994140625,4717.02001953125,4717.02001953125,2171230000
2016-03-07,13.178667068481444,13.979999542236328,13.15999984741211,13.685999870300291,13.685999870300291,79941000,4690.8798828125,4731.18994140625,4674.81982421875,4708.25,4708.25,2084390000
2016-03-08,13.56666660308838,13.833333015441896,13.479999542236328,13.506667137145996,13.506667137145996,62680500,4676.22021484375,4695.0400390625,4642.85986328125,4648.81982421875,4648.81982421875,1993060000
2016-03-09,13.63466739654541,13.958000183105469,13.519332885742188,13.914667129516602,13.914667129516602,48129000,4666.419921875,4676.47021484375,4642.419921875,4674.3798828125,4674.3798828125,1789550000
2016-03-10,14.0,14.219332695007324,13.378000259399414,13.678667068481444,13.678667068481444,77887500,4691.2001953125,4716.14013671875,4607.990234375,4662.16015625,4662.16015625,1936470000
2016-03-11,13.862000465393066,13.961333274841309,13.68866729736328,13.833333015441896,13.833333015441896,50146500,4712.3798828125,4748.7900390625,4700.91015625,4748.47021484375,4748.47021484375,1801790000
2016-03-14,14.17666721343994,14.447999954223633,14.042667388916016,14.34333324432373,14.34333324432373,60985500,4733.39013671875,4762.27001953125,4731.509765625,4750.27978515625,4750.27978515625,1615100000
2016-03-15,14.284667015075684,14.597999572753906,14.100000381469728,14.555999755859377,14.555999755859377,47707500,4731.14013671875,4735.27001953125,4712.06982421875,4728.669921875,4728.669921875,1692420000
2016-03-16,14.533332824707031,14.838666915893556,14.468000411987305,14.795332908630373,14.795332908630373,52750500,4717.8798828125,4774.77978515625,4716.4501953125,4763.97021484375,4763.97021484375,1781060000
2016-03-17,14.764666557312012,15.233332633972168,14.666666984558104,15.092000007629396,15.092000007629396,56743500,4752.6201171875,4788.08984375,4737.97021484375,4774.990234375,4774.990234375,1907190000
2016-03-18,15.273332595825195,15.631999969482422,15.20400047302246,15.515999794006348,15.515999794006348,70677000,4784.6298828125,4804.580078125,4772.41015625,4795.64990234375,4795.64990234375,2829040000
2016-03-21,15.689332962036133,15.991999626159668,15.666666984558104,15.887999534606934,15.887999534606934,79617000,4787.31005859375,4814.85009765625,4785.3798828125,4808.8701171875,4808.8701171875,1609230000
2016-03-22,15.814000129699709,15.932666778564451,15.503999710083008,15.616000175476074,15.616000175476074,64740000,4783.60009765625,4835.60009765625,4781.7099609375,4821.66015625,4821.66015625,1596200000
2016-03-23,15.4913330078125,15.648667335510254,14.802000045776367,14.838666915893556,14.838666915893556,74232000,4813.8701171875,4816.669921875,4765.3701171875,4768.85986328125,4768.85986328125,1732630000
2016-03-24,14.385333061218262,15.259332656860352,14.333333015441896,15.18333339691162,15.18333339691162,74413500,4743.35986328125,4773.5,4734.77001953125,4773.5,4773.5,1590990000
2016-03-28,15.440667152404783,15.654000282287598,15.0,15.350666999816896,15.350666999816896,58885500,4785.25,4787.39013671875,4760.009765625,4766.7900390625,4766.7900390625,1381000000
2016-03-29,15.326000213623049,15.491999626159668,15.022000312805176,15.342000007629396,15.342000007629396,60214500,4756.5498046875,4849.31005859375,4749.77978515625,4846.6201171875,4846.6201171875,1806490000
2016-03-30,15.672666549682615,15.699999809265137,15.100000381469728,15.12600040435791,15.12600040435791,60495000,4875.4599609375,4899.14013671875,4859.35009765625,4869.2900390625,4869.2900390625,1717820000
2016-03-31,15.28933334350586,15.82800006866455,15.000666618347168,15.317999839782717,15.317999839782717,120193500,4869.56982421875,4891.2998046875,4864.41015625,4869.85009765625,4869.85009765625,1774270000
2016-04-01,16.32200050354004,16.52666664123535,15.550000190734863,15.839332580566406,15.839332580566406,239962500,4842.5498046875,4917.08984375,4832.06005859375,4914.5400390625,4914.5400390625,1812250000
2016-04-04,16.607999801635742,16.808000564575195,16.242666244506836,16.465999603271484,16.465999603271484,202129500,4911.2099609375,4917.75,4885.169921875,4891.7998046875,4891.7998046875,1705730000
2016-04-05,16.03333282470703,17.104000091552734,16.0,17.031333923339844,17.031333923339844,149230500,4855.89990234375,4872.7001953125,4838.6201171875,4843.93017578125,4843.93017578125,1726010000
2016-04-06,16.931333541870117,17.849332809448242,16.89666748046875,17.69466781616211,17.69466781616211,175582500,4849.580078125,4921.509765625,4849.27978515625,4920.72021484375,4920.72021484375,1761770000
2016-04-07,17.76333236694336,17.95599937438965,16.96733283996582,17.14666748046875,17.14666748046875,132843000,4893.56982421875,4901.490234375,4831.490234375,4848.3701171875,4848.3701171875,1908940000
2016-04-08,17.366666793823242,17.38800048828125,16.534666061401367,16.67133331298828,16.67133331298828,110458500,4883.990234375,4892.60009765625,4835.35986328125,4850.68994140625,4850.68994140625,1588830000
2016-04-11,16.733333587646484,17.266000747680664,16.35333251953125,16.661333084106445,16.661333084106445,137425500,4873.39013671875,4897.5498046875,4833.39990234375,4833.39990234375,4833.39990234375,1545540000
2016-04-12,16.633333206176758,16.786666870117188,16.242000579833984,16.521333694458008,16.521333694458008,86448000,4838.81982421875,4879.60009765625,4808.91015625,4872.08984375,4872.08984375,1759280000
2016-04-13,16.567333221435547,17.03333282470703,16.488666534423828,16.968666076660156,16.968666076660156,73884000,4904.7900390625,4951.91015625,4903.60009765625,4947.419921875,4947.419921875,1936450000
2016-04-14,16.866666793823242,17.12266731262207,16.73666763305664,16.790666580200195,16.790666580200195,61983000,4947.6201171875,4961.2998046875,4931.81005859375,4945.89013671875,4945.89013671875,1645810000
2016-04-15,16.753999710083008,16.97333335876465,16.607999801635742,16.96733283996582,16.96733283996582,56286000,4938.830078125,4950.43017578125,4925.4599609375,4938.22021484375,4938.22021484375,1684790000
2016-04-18,16.815332412719727,17.220666885375977,16.777332305908203,16.92533302307129,16.92533302307129,64071000,4919.35986328125,4960.7900390625,4915.6298828125,4960.02001953125,4960.02001953125,1672260000
2016-04-19,16.874666213989258,16.95800018310547,16.083332061767578,16.4913330078125,16.4913330078125,95362500,4968.2998046875,4968.669921875,4915.52001953125,4940.330078125,4940.330078125,1824250000
2016-04-20,16.417333602905273,16.910667419433594,16.100000381469727,16.6646671295166,16.6646671295166,77911500,4941.990234375,4969.31982421875,4928.2900390625,4948.1298828125,4948.1298828125,1781340000
2016-04-21,16.599332809448242,16.726667404174805,16.46066665649414,16.55266761779785,16.55266761779785,41746500,4949.1201171875,4966.60986328125,4932.64013671875,4945.89013671875,4945.89013671875,1758190000
2016-04-22,16.592666625976562,16.933332443237305,16.380666732788086,16.916667938232422,16.916667938232422,56794500,4898.240234375,4921.66015625,4872.02001953125,4906.22998046875,4906.22998046875,2018930000
2016-04-25,16.867332458496094,17.158666610717773,16.71733283996582,16.788000106811523,16.788000106811523,55054500,4891.47998046875,4904.8701171875,4878.3701171875,4895.7900390625,4895.7900390625,1582270000
2016-04-26,16.803333282470703,17.048667907714844,16.625999450683594,16.916000366210938,16.916000366210938,48357000,4903.81005859375,4915.0,4875.419921875,4888.27978515625,4888.27978515625,1825020000
2016-04-27,16.850000381469727,17.0,16.626667022705078,16.764667510986328,16.764667510986328,48087000,4855.3798828125,4872.91015625,4826.3798828125,4863.14013671875,4863.14013671875,1938780000
2016-04-28,16.656667709350586,16.89533233642578,16.496000289916992,16.513999938964844,16.513999938964844,37785000,4857.60009765625,4889.16015625,4796.31982421875,4805.2900390625,4805.2900390625,2161400000
2016-04-29,16.542667388916016,16.562000274658203,15.854000091552734,16.05066680908203,16.05066680908203,81207000,4805.7900390625,4807.89013671875,4740.83984375,4775.35986328125,4775.35986328125,2376460000
2016-05-02,16.100000381469727,16.21266746520996,15.654666900634766,16.1200008392334,16.1200008392334,57658500,4786.5498046875,4821.56982421875,4768.27978515625,4817.58984375,4817.58984375,1880460000
2016-05-03,15.824000358581545,15.927332878112791,15.441332817077637,15.48799991607666,15.48799991607666,64533000,4780.8798828125,4791.43017578125,4749.7099609375,4763.22021484375,4763.22021484375,1984340000
2016-05-04,15.352666854858398,15.630666732788086,14.69333267211914,14.837332725524902,14.837332725524902,130507500,4735.27978515625,4751.64013671875,4713.91015625,4725.64013671875,4725.64013671875,1950800000
2016-05-05,15.230667114257812,15.242667198181152,13.986000061035156,14.10200023651123,14.10200023651123,168822000,4742.419921875,4744.5498046875,4709.75,4717.08984375,4717.08984375,1888350000
2016-05-06,14.05799961090088,14.424667358398438,13.87399959564209,14.32866668701172,14.32866668701172,85278000,4695.89990234375,4736.16015625,4684.27978515625,4736.16015625,4736.16015625,1860800000
2016-05-09,14.381333351135254,14.40999984741211,13.786666870117188,13.928000450134276,13.928000450134276,71646000,4736.35009765625,4771.93994140625,4735.06005859375,4750.2099609375,4750.2099609375,1625100000
2016-05-10,13.83666706085205,13.964667320251465,13.666666984558104,13.912667274475098,13.912667274475098,61059000,4768.91015625,4811.2998046875,4758.2001953125,4809.8798828125,4809.8798828125,1760120000
2016-05-11,13.839332580566406,14.36533260345459,13.736666679382324,13.93066692352295,13.93066692352295,77428500,4799.2998046875,4812.18994140625,4760.35986328125,4760.68994140625,4760.68994140625,1859110000
2016-05-12,14.095999717712402,14.111332893371582,13.577333450317385,13.8186674118042,13.8186674118042,54757500,4778.18994140625,4779.4599609375,4710.169921875,4737.330078125,4737.330078125,1930450000
2016-05-13,13.85200023651123,14.079999923706056,13.779999732971191,13.84066677093506,13.84066677093506,42342000,4731.06982421875,4759.2900390625,4708.259765625,4717.68017578125,4717.68017578125,1698030000
2016-05-16,13.876667022705078,14.210000038146973,13.861332893371582,13.88599967956543,13.88599967956543,44241000,4728.85986328125,4791.25,4724.72998046875,4775.4599609375,4775.4599609375,1741510000
2016-05-17,13.936667442321776,13.98799991607666,13.601332664489746,13.644000053405762,13.644000053405762,42654000,4768.85009765625,4776.14990234375,4703.39013671875,4715.72998046875,4715.72998046875,1925230000
2016-05-18,13.94333267211914,14.354000091552734,13.850000381469728,14.07800006866455,14.07800006866455,84262500,4705.77978515625,4762.27978515625,4704.490234375,4739.1201171875,4739.1201171875,1934100000
2016-05-19,14.2413330078125,14.452667236328123,13.81999969482422,14.347332954406738,14.347332954406738,102994500,4717.35986328125,4735.27001953125,4678.3798828125,4712.52978515625,4712.52978515625,1805890000
2016-05-20,14.465999603271484,14.703332901000977,14.423333168029783,14.685333251953123,14.685333251953123,135106500,4729.43994140625,4781.7001953125,4729.0,4769.56005859375,4769.56005859375,1970520000
2016-05-23,14.657999992370604,14.84000015258789,14.390666961669922,14.414667129516602,14.414667129516602,76537500,4771.56982421875,4792.64013671875,4763.91015625,4765.77978515625,4765.77978515625,1865110000
2016-05-24,14.4399995803833,14.582667350769045,14.345333099365234,14.52733325958252,14.52733325958252,45207000,4792.85009765625,4865.990234375,4792.6298828125,4861.06005859375,4861.06005859375,1942280000
2016-05-25,14.52733325958252,14.757332801818848,14.434000015258787,14.638667106628418,14.638667106628418,46902000,4877.18017578125,4905.4501953125,4872.419921875,4894.89013671875,4894.89013671875,1784420000
2016-05-26,14.699999809265137,15.017333030700684,14.603333473205566,15.008000373840332,15.008000373840332,61086000,4897.77978515625,4909.3798828125,4887.27001953125,4901.77001953125,4901.77001953125,1606250000
2016-05-27,14.999333381652832,15.062000274658203,14.716667175292969,14.869333267211914,14.869333267211914,54754500,4904.0498046875,4933.5,4902.5,4933.5,4933.5,1505020000
2016-05-31,14.869333267211914,14.983332633972168,14.766667366027832,14.881999969482422,14.881999969482422,41835000,4938.47998046875,4951.4501953125,4923.02978515625,4948.0498046875,4948.0498046875,2285350000
2016-06-01,14.76533317565918,14.826666831970217,14.459333419799805,14.637332916259766,14.637332916259766,44740500,4928.97021484375,4958.97998046875,4923.2001953125,4952.25,4952.25,1797090000
2016-06-02,14.63933277130127,14.660667419433594,14.473999977111816,14.597332954406738,14.597332954406738,30492000,4941.25,4971.35986328125,4924.22998046875,4971.35986328125,4971.35986328125,1729050000
2016-06-03,14.666666984558104,14.79599952697754,14.534000396728516,14.599332809448242,14.599332809448242,33435000,4958.10009765625,4958.64990234375,4909.2099609375,4942.52001953125,4942.52001953125,1697840000
2016-06-06,14.533332824707031,14.726667404174805,14.363332748413086,14.711999893188477,14.711999893188477,33742500,4950.4599609375,4980.14013671875,4944.8701171875,4968.7099609375,4968.7099609375,1663840000
2016-06-07,14.815999984741213,15.629332542419434,14.767999649047852,15.489333152770996,15.489333152770996,93204000,4972.1298828125,4979.3798828125,4960.27978515625,4961.75,4961.75,1747760000
2016-06-08,15.58666706085205,16.05666732788086,15.507332801818848,15.701333045959473,15.701333045959473,89580000,4970.009765625,4979.66015625,4956.7900390625,4974.64013671875,4974.64013671875,1692640000
2016-06-09,15.665332794189451,15.68866729736328,15.137332916259766,15.290666580200195,15.290666580200195,67381500,4954.14990234375,4965.490234375,4940.5498046875,4958.6201171875,4958.6201171875,1632340000
2016-06-10,15.15933322906494,15.197999954223633,14.56133270263672,14.586000442504885,14.586000442504885,90399000,4915.14990234375,4917.919921875,4880.60986328125,4894.5498046875,4894.5498046875,1822200000
2016-06-13,14.633333206176758,15.0513334274292,14.510666847229004,14.524666786193848,14.524666786193848,62895000,4868.509765625,4894.85009765625,4844.93994140625,4848.43994140625,4848.43994140625,1888300000
2016-06-14,14.592000007629396,14.813332557678224,14.16866683959961,14.330666542053224,14.330666542053224,53703000,4836.669921875,4863.009765625,4811.93017578125,4843.5498046875,4843.5498046875,1919710000
2016-06-15,14.463333129882812,14.793333053588867,14.342000007629396,14.513333320617676,14.513333320617676,43627500,4855.080078125,4868.16015625,4830.330078125,4834.93017578125,4834.93017578125,1802200000
2016-06-16,14.494667053222656,14.53600025177002,14.233332633972168,14.528667449951172,14.528667449951172,36604500,4809.68994140625,4847.85986328125,4778.77978515625,4844.919921875,4844.919921875,1851770000
2016-06-17,14.52066707611084,14.666000366210938,14.300000190734863,14.364666938781738,14.364666938781738,46689000,4835.02001953125,4835.02001953125,4792.33984375,4800.33984375,4800.33984375,2638220000
2016-06-20,14.633333206176758,14.916666984558104,14.548666954040527,14.646666526794434,14.646666526794434,53332500,4856.68994140625,4882.14990234375,4834.509765625,4837.2099609375,4837.2099609375,1779560000
2016-06-21,14.711999893188477,14.838000297546388,14.587332725524902,14.640666961669922,14.640666961669922,67935000,4845.080078125,4852.18994140625,4826.58984375,4843.759765625,4843.759765625,1698080000
2016-06-22,13.29800033569336,13.729999542236328,13.050000190734863,13.11066722869873,13.11066722869873,356136000,4846.68017578125,4875.93017578125,4830.0,4833.31982421875,4833.31982421875,1682220000
2016-06-23,13.04599952697754,13.170000076293944,12.808667182922363,13.09333324432373,13.09333324432373,151960500,4872.18994140625,4910.0400390625,4859.39990234375,4910.0400390625,4910.0400390625,1738570000
2016-06-24,12.670000076293944,13.008000373840332,12.648667335510254,12.876667022705078,12.876667022705078,105397500,4715.7900390625,4798.22021484375,4698.419921875,4707.97998046875,4707.97998046875,4411040000
2016-06-27,12.723999977111816,13.253999710083008,12.524666786193848,13.236666679382324,13.236666679382324,108081000,4664.43017578125,4665.0400390625,4574.25,4594.43994140625,4594.43994140625,2659650000
2016-06-28,13.459333419799805,13.603333473205566,13.293999671936035,13.452667236328123,13.452667236328123,93186000,4643.93017578125,4692.97998046875,4643.93017578125,4691.8701171875,4691.8701171875,2074090000
2016-06-29,13.675333023071287,14.118666648864746,13.533332824707031,14.012666702270508,14.012666702270508,89923500,4732.93017578125,4787.58984375,4732.33984375,4779.25,4779.25,2116550000
2016-06-30,14.197999954223633,14.233332633972168,13.934666633605955,14.152000427246094,14.152000427246094,72646500,4793.75,4843.10986328125,4774.52001953125,4842.669921875,4842.669921875,2171180000
2016-07-01,13.742667198181152,14.54933261871338,13.733332633972168,14.43333339691162,14.43333339691162,81000000,4837.18017578125,4880.169921875,4837.169921875,4862.56982421875,4862.56982421875,1745130000
2016-07-05,13.982000350952148,14.302666664123535,13.866666793823242,14.26533317565918,14.26533317565918,77629500,4837.06005859375,4839.1298828125,4797.2900390625,4822.89990234375,4822.89990234375,1690340000
2016-07-06,14.0,14.34866714477539,13.93333339691162,14.29599952697754,14.29599952697754,73798500,4799.31982421875,4861.0498046875,4786.009765625,4859.16015625,4859.16015625,1876090000
2016-07-07,14.206666946411133,14.541333198547363,14.20066738128662,14.395999908447266,14.395999908447266,54180000,4867.47021484375,4889.009765625,4853.68017578125,4876.81005859375,4876.81005859375,1672770000
2016-07-08,14.520000457763672,14.654000282287598,14.300000190734863,14.45199966430664,14.45199966430664,61122000,4906.66015625,4959.0,4901.27001953125,4956.759765625,4956.759765625,1947260000
2016-07-11,14.663999557495115,15.118666648864746,14.633999824523926,14.985333442687988,14.985333442687988,81447000,4976.5400390625,5002.5,4976.5400390625,4988.64013671875,4988.64013671875,1718450000
2016-07-12,14.9399995803833,15.166666984558104,14.881333351135254,14.976667404174805,14.976667404174805,68569500,5017.990234375,5032.10009765625,5009.68017578125,5022.81982421875,5022.81982421875,1866280000
2016-07-13,15.033332824707031,15.03933334350586,14.685999870300291,14.835332870483398,14.835332870483398,53506500,5036.31982421875,5036.3798828125,5002.81982421875,5005.72998046875,5005.72998046875,1650820000
2016-07-14,14.874667167663574,14.996000289916992,14.736666679382324,14.768667221069336,14.768667221069336,40137000,5041.9501953125,5045.18017578125,5025.14990234375,5034.06005859375,5034.06005859375,1641170000
2016-07-15,14.834667205810549,14.850000381469728,14.642666816711426,14.69333267211914,14.69333267211914,33513000,5041.18994140625,5044.81005859375,5018.52001953125,5029.58984375,5029.58984375,1610300000
2016-07-18,14.642666816711426,15.13933277130127,14.553333282470703,15.083333015441896,15.083333015441896,51181500,5034.990234375,5063.52978515625,5030.1298828125,5055.77978515625,5055.77978515625,1585570000
2016-07-19,15.0,15.273332595825195,14.983332633972168,15.017333030700684,15.017333030700684,46726500,5038.22021484375,5052.240234375,5028.240234375,5036.3701171875,5036.3701171875,1694740000
2016-07-20,15.097999572753906,15.31999969482422,15.0,15.223999977111816,15.223999977111816,38527500,5061.60009765625,5098.25,5053.919921875,5089.93017578125,5089.93017578125,1877330000
2016-07-21,15.06666660308838,15.1899995803833,14.606666564941406,14.699999809265137,14.699999809265137,66430500,5093.97021484375,5102.77978515625,5061.10986328125,5073.89990234375,5073.89990234375,1880310000
2016-07-22,14.79933261871338,14.966667175292969,14.592000007629396,14.817999839782717,14.817999839782717,38695500,5078.1201171875,5103.52001953125,5064.10986328125,5100.16015625,5100.16015625,1639000000
2016-07-25,14.817999839782717,15.425999641418455,14.758000373840332,15.333999633789062,15.333999633789062,67360500,5096.990234375,5100.72021484375,5082.66015625,5097.6298828125,5097.6298828125,1770620000
2016-07-26,15.179332733154297,15.333333015441896,15.020000457763672,15.300666809082031,15.300666809082031,51450000,5095.60986328125,5122.2998046875,5084.18017578125,5110.0498046875,5110.0498046875,2038060000
2016-07-27,15.28933334350586,15.557332992553713,15.128000259399414,15.232666969299316,15.232666969299316,43335000,5143.83984375,5151.06005859375,5120.66015625,5139.81005859375,5139.81005859375,2122250000
2016-07-28,15.196666717529297,15.383999824523926,15.106666564941406,15.37399959564209,15.37399959564209,36286500,5144.81982421875,5160.16015625,5130.75,5154.97998046875,5154.97998046875,1950910000
2016-07-29,15.380000114440918,15.685333251953123,15.349332809448242,15.652667045593262,15.652667045593262,46062000,5162.14990234375,5175.81005859375,5140.0498046875,5162.1298828125,5162.1298828125,2072640000
2016-08-01,15.699999809265137,15.775333404541016,15.291999816894531,15.333999633789062,15.333999633789062,60244500,5167.419921875,5199.1298828125,5158.93017578125,5184.2001953125,5184.2001953125,1866590000
2016-08-02,15.291333198547363,15.324666976928713,14.760000228881836,15.146666526794434,15.146666526794434,59016000,5177.52978515625,5181.02001953125,5109.7998046875,5137.72998046875,5137.72998046875,2142010000
2016-08-03,15.157999992370604,15.313332557678224,14.947333335876465,15.052666664123535,15.052666664123535,58317000,5133.240234375,5159.740234375,5128.43994140625,5159.740234375,5159.740234375,1909470000
2016-08-04,15.04599952697754,15.390666961669922,14.803333282470703,15.37399959564209,15.37399959564209,62205000,5158.02001953125,5174.0,5145.39013671875,5166.25,5166.25,1930000000
2016-08-05,15.333333015441896,15.466667175292969,15.15999984741211,15.335332870483398,15.335332870483398,48078000,5190.7099609375,5227.22998046875,5186.25,5221.1201171875,5221.1201171875,2017720000
2016-08-08,15.199999809265137,15.30666732788086,15.072667121887209,15.077333450317385,15.077333450317385,33954000,5223.5400390625,5228.39990234375,5202.18017578125,5213.14013671875,5213.14013671875,1624450000
2016-08-09,15.121333122253418,15.435999870300291,15.109999656677246,15.272000312805176,15.272000312805176,33117000,5216.2099609375,5238.5400390625,5214.9501953125,5225.47998046875,5225.47998046875,1664320000
2016-08-10,15.215999603271484,15.324666976928713,14.974666595458984,15.043333053588867,15.043333053588867,35074500,5227.9501953125,5227.9599609375,5193.7998046875,5204.580078125,5204.580078125,1651240000
2016-08-11,15.07800006866455,15.17133331298828,14.894000053405762,14.994000434875488,14.994000434875488,28213500,5222.14990234375,5235.2900390625,5211.25,5228.39990234375,5228.39990234375,1511670000
2016-08-12,15.02733325958252,15.109999656677246,14.935999870300291,15.040666580200195,15.040666580200195,27202500,5219.66015625,5233.33984375,5215.5498046875,5232.89013671875,5232.89013671875,1501620000
2016-08-15,15.067999839782717,15.300000190734863,14.995332717895508,15.03933334350586,15.03933334350586,30514500,5242.18017578125,5271.35986328125,5241.14013671875,5262.02001953125,5262.02001953125,1533170000
2016-08-16,15.03266716003418,15.145999908447266,14.894000053405762,14.907333374023438,14.907333374023438,34006500,5247.9599609375,5248.259765625,5226.77978515625,5227.10986328125,5227.10986328125,1698390000
2016-08-17,14.95533275604248,14.988666534423828,14.853333473205566,14.88266658782959,14.88266658782959,26806500,5228.43994140625,5230.08984375,5197.22998046875,5228.66015625,5228.66015625,1747890000
2016-08-18,14.92133331298828,15.043999671936035,14.81933307647705,14.900667190551758,14.900667190551758,25717500,5226.4501953125,5243.169921875,5221.83984375,5240.14990234375,5240.14990234375,1659080000
2016-08-19,14.902667045593262,15.011333465576172,14.835332870483398,15.0,15.0,24892500,5229.8701171875,5245.81005859375,5217.64990234375,5238.3798828125,5238.3798828125,1632740000
2016-08-22,14.944666862487791,15.007332801818848,14.845333099365234,14.862000465393066,14.862000465393066,30982500,5231.4599609375,5252.1298828125,5224.6298828125,5244.60009765625,5244.60009765625,1560210000
2016-08-23,14.954667091369627,15.232666969299316,14.853333473205566,14.989333152770996,14.989333152770996,71766000,5265.77978515625,5275.740234375,5257.89990234375,5260.080078125,5260.080078125,1547050000
2016-08-24,15.136667251586914,15.143333435058594,14.814666748046877,14.841333389282228,14.841333389282228,38560500,5254.419921875,5262.990234375,5205.64013671875,5217.68994140625,5217.68994140625,1714780000
2016-08-25,14.87399959564209,14.920000076293944,14.718000411987305,14.730667114257812,14.730667114257812,26437500,5207.60986328125,5230.58984375,5201.64013671875,5212.2001953125,5212.2001953125,1511890000
2016-08-26,14.809332847595217,14.857333183288574,14.588000297546388,14.666000366210938,14.666000366210938,33585000,5219.0498046875,5253.39013671875,5191.85986328125,5218.919921875,5218.919921875,1591060000
2016-08-29,14.67666721343994,14.69333267211914,14.333333015441896,14.346667289733888,14.346667289733888,48994500,5223.7998046875,5245.1201171875,5222.33984375,5232.330078125,5232.330078125,1416640000
2016-08-30,14.407333374023438,14.407333374023438,14.034667015075684,14.089332580566406,14.089332580566406,47533500,5229.8798828125,5241.6201171875,5205.60986328125,5222.990234375,5222.990234375,1561020000
2016-08-31,14.028667449951172,14.173333168029783,13.90999984741211,14.133999824523926,14.133999824523926,49147500,5216.419921875,5219.89013671875,5191.18017578125,5213.22021484375,5213.22021484375,1761770000
2016-09-01,13.934000015258787,14.07333278656006,13.366666793823242,13.38466739654541,13.38466739654541,119146500,5218.27978515625,5229.93994140625,5189.35986328125,5227.2099609375,5227.2099609375,1592520000
2016-09-02,13.488666534423828,13.546667098999023,13.079999923706056,13.185333251953123,13.185333251953123,89661000,5249.66015625,5263.39013671875,5231.02001953125,5249.89990234375,5249.89990234375,1474200000
2016-09-06,13.267999649047852,13.550000190734863,13.266667366027832,13.522000312805176,13.522000312805176,65859000,5260.0,5275.91015625,5244.0,5275.91015625,5275.91015625,1777940000
2016-09-07,13.699999809265137,13.766667366027832,13.380666732788086,13.447333335876465,13.447333335876465,54613500,5274.22998046875,5287.60986328125,5261.919921875,5283.93017578125,5283.93017578125,1878460000
2016-09-08,13.303333282470703,13.326000213623049,13.09066677093506,13.157333374023438,13.157333374023438,50668500,5269.9599609375,5271.009765625,5248.41015625,5259.47998046875,5259.47998046875,1839790000
2016-09-09,13.272666931152344,13.32800006866455,12.91333293914795,12.964667320251465,12.964667320251465,56355000,5217.9501953125,5225.93017578125,5125.91015625,5125.91015625,5125.91015625,2208690000
2016-09-12,13.0,13.424667358398438,12.9399995803833,13.220000267028809,13.220000267028809,55728000,5098.02978515625,5217.8798828125,5097.7998046875,5211.89013671875,5211.89013671875,2007610000
2016-09-13,13.137332916259766,13.232666969299316,12.896666526794434,13.06999969482422,13.06999969482422,53841000,5181.14013671875,5195.02978515625,5131.27001953125,5155.25,5155.25,2071460000
2016-09-14,13.050000190734863,13.194666862487791,12.990667343139648,13.093999862670898,13.093999862670898,33817500,5160.2099609375,5201.33984375,5159.5498046875,5173.77001953125,5173.77001953125,1902680000
2016-09-15,13.099332809448242,13.501333236694336,13.09333324432373,13.361332893371582,13.361332893371582,46158000,5178.10009765625,5254.77978515625,5176.25,5249.68994140625,5249.68994140625,1950940000
2016-09-16,13.361332893371582,13.713333129882812,13.266667366027832,13.69333267211914,13.69333267211914,46617000,5238.7099609375,5248.60009765625,5218.97021484375,5244.56982421875,5244.56982421875,3013860000
2016-09-19,13.800000190734863,13.961999893188477,13.666666984558104,13.755999565124512,13.755999565124512,34492500,5263.5498046875,5281.06982421875,5222.91015625,5235.02978515625,5235.02978515625,1792650000
2016-09-20,13.789999961853027,13.850000381469728,13.593999862670898,13.642666816711426,13.642666816711426,36157500,5256.18994140625,5265.18017578125,5235.419921875,5241.35009765625,5241.35009765625,1697530000
2016-09-21,13.758000373840332,13.800000190734863,13.437333106994627,13.6813325881958,13.6813325881958,39502500,5263.64990234375,5299.39990234375,5233.93994140625,5295.18017578125,5295.18017578125,2001890000
2016-09-22,13.760000228881836,13.8186674118042,13.533332824707031,13.76200008392334,13.76200008392334,35743500,5323.259765625,5342.8798828125,5320.93017578125,5339.52001953125,5339.52001953125,1914550000
2016-09-23,13.732666969299316,14.01200008392334,13.711333274841309,13.829999923706056,13.829999923706056,43578000,5327.43017578125,5329.7099609375,5301.6298828125,5305.75,5305.75,1762700000
2016-09-26,13.766667366027832,14.06666660308838,13.766667366027832,13.932666778564451,13.932666778564451,35916000,5275.72998046875,5282.27001953125,5254.9599609375,5257.490234375,5257.490234375,1672190000
2016-09-27,13.976667404174805,13.998666763305664,13.640666961669922,13.720666885375977,13.720666885375977,50598000,5254.18017578125,5306.81005859375,5251.31982421875,5305.7099609375,5305.7099609375,1754700000
2016-09-28,13.833999633789062,13.883333206176758,13.684000015258787,13.751333236694336,13.751333236694336,31326000,5312.72998046875,5320.6201171875,5284.83984375,5318.5498046875,5318.5498046875,1788240000
2016-09-29,13.706666946411133,13.821999549865724,13.371999740600586,13.380000114440918,13.380000114440918,40905000,5311.31005859375,5317.0,5254.52001953125,5269.14990234375,5269.14990234375,1946150000
2016-09-30,13.480667114257812,13.665332794189451,13.303333282470703,13.60200023651123,13.60200023651123,38794500,5288.8701171875,5325.8798828125,5277.8798828125,5312.0,5312.0,2063260000
2016-10-03,14.153332710266112,14.378000259399414,13.883333206176758,14.24666690826416,14.24666690826416,89998500,5300.2900390625,5308.60009765625,5281.9501953125,5300.8701171875,5300.8701171875,1606460000
2016-10-04,14.206666946411133,14.221332550048828,13.92133331298828,14.093999862670898,14.093999862670898,53122500,5313.490234375,5323.60009765625,5271.7001953125,5289.66015625,5289.66015625,1711810000
2016-10-05,14.149333000183104,14.210000038146973,13.874667167663574,13.897333145141602,13.897333145141602,28162500,5305.27978515625,5330.81005859375,5304.06005859375,5316.02001953125,5316.02001953125,1755640000
2016-10-06,13.497332572937012,13.61400032043457,13.347332954406738,13.399999618530272,13.399999618530272,70551000,5306.58984375,5315.72998046875,5281.47021484375,5306.85009765625,5306.85009765625,1655480000
2016-10-07,13.399999618530272,13.42133331298828,13.053333282470703,13.107333183288574,13.107333183288574,52395000,5314.919921875,5315.64990234375,5266.7998046875,5292.39990234375,5292.39990234375,1647330000
2016-10-10,13.423333168029783,13.609333038330078,13.310667037963867,13.396666526794434,13.396666526794434,49744500,5318.4599609375,5340.52001953125,5317.72998046875,5328.669921875,5328.669921875,1365600000
2016-10-11,13.456666946411133,13.479999542236328,13.220666885375977,13.34000015258789,13.34000015258789,34926000,5321.81982421875,5321.81982421875,5227.43017578125,5246.7900390625,5246.7900390625,1822980000
2016-10-12,13.396666526794434,13.592000007629396,13.361332893371582,13.434000015258787,13.434000015258787,29560500,5247.91015625,5257.18017578125,5228.77001953125,5239.02001953125,5239.02001953125,1567930000
2016-10-13,13.366666793823242,13.393333435058594,13.136667251586914,13.349332809448242,13.349332809448242,37419000,5200.2998046875,5228.259765625,5169.759765625,5213.330078125,5213.330078125,1737720000
2016-10-14,13.37733268737793,13.428667068481444,13.08666706085205,13.100666999816896,13.100666999816896,64048500,5241.259765625,5258.8798828125,5213.3701171875,5214.16015625,5214.16015625,1593610000
2016-10-17,13.136667251586914,13.22599983215332,12.800000190734863,12.93066692352295,12.93066692352295,68311500,5213.68994140625,5219.97998046875,5196.02978515625,5199.81982421875,5199.81982421875,1427060000
2016-10-18,13.065999984741213,13.29800033569336,12.883999824523926,13.273332595825195,13.273332595825195,85207500,5255.31982421875,5264.27001953125,5239.43994140625,5243.83984375,5243.83984375,1476970000
2016-10-19,13.315999984741213,13.77733325958252,13.20400047302246,13.570667266845703,13.570667266845703,104868000,5240.330078125,5253.830078125,5234.25,5246.41015625,5246.41015625,1548910000
2016-10-20,13.474666595458984,13.533332824707031,13.136667251586914,13.273332595825195,13.273332595825195,76093500,5238.2001953125,5252.10009765625,5216.0498046875,5241.830078125,5241.830078125,1745270000
2016-10-21,13.239999771118164,13.437999725341797,13.160667419433594,13.339332580566406,13.339332580566406,44151000,5238.64990234375,5259.1298828125,5225.759765625,5257.39990234375,5257.39990234375,1651490000
2016-10-24,13.399999618530272,13.596667289733888,13.350000381469728,13.517333030700684,13.517333030700684,41274000,5290.31005859375,5311.5,5289.22998046875,5309.830078125,5309.830078125,1533370000
2016-10-25,13.526666641235352,13.645999908447266,13.41333293914795,13.489333152770996,13.489333152770996,36675000,5306.47021484375,5310.27001953125,5278.56982421875,5283.39990234375,5283.39990234375,1580830000
2016-10-26,13.399999618530272,13.54599952697754,13.34000015258789,13.482666969299316,13.482666969299316,84492000,5256.39990234375,5280.85009765625,5237.0498046875,5250.27001953125,5250.27001953125,1732300000
2016-10-27,14.089332580566406,14.24666690826416,13.44333267211914,13.600666999816896,13.600666999816896,196405500,5272.18994140625,5274.1201171875,5211.75,5215.97021484375,5215.97021484375,1926820000
2016-10-28,13.600000381469728,13.687999725341797,13.321999549865724,13.33133316040039,13.33133316040039,64201500,5203.7001953125,5232.35009765625,5178.759765625,5190.10009765625,5190.10009765625,1911810000
2016-10-31,13.499333381652832,13.499333381652832,13.053999900817873,13.182000160217283,13.182000160217283,70384500,5205.08984375,5206.7099609375,5186.56005859375,5189.14013671875,5189.14013671875,1709060000
2016-11-01,13.202667236328123,13.233332633972168,12.540666580200195,12.719332695007324,12.719332695007324,105900000,5199.77001953125,5201.1298828125,5112.31982421875,5153.580078125,5153.580078125,1880920000
2016-11-02,12.670000076293944,12.846667289733888,12.500666618347168,12.534667015075684,12.534667015075684,63801000,5147.27978515625,5156.7001953125,5097.56005859375,5105.56982421875,5105.56982421875,2124990000
2016-11-03,12.600000381469728,12.764666557312012,12.469332695007324,12.494667053222656,12.494667053222656,39795000,5104.7001953125,5115.06005859375,5053.52001953125,5058.41015625,5058.41015625,2113730000
2016-11-04,12.600000381469728,12.897333145141602,12.397333145141602,12.70400047302246,12.70400047302246,77190000,5034.41015625,5087.509765625,5034.41015625,5046.3701171875,5046.3701171875,2020130000
2016-11-07,12.906000137329102,12.952667236328123,12.670000076293944,12.880666732788086,12.880666732788086,58051500,5128.990234375,5169.41015625,5122.77001953125,5166.169921875,5166.169921875,1916620000
2016-11-08,12.919333457946776,13.166000366210938,12.750666618347168,12.996000289916992,12.996000289916992,49014000,5154.990234375,5214.169921875,5145.2998046875,5193.490234375,5193.490234375,1739440000
2016-11-09,12.458666801452637,12.800000190734863,12.263333320617676,12.670666694641112,12.670666694641112,122596500,5143.85986328125,5258.990234375,5143.85986328125,5251.06982421875,5251.06982421875,2827570000
2016-11-10,12.736666679382324,12.77400016784668,12.027999877929688,12.356666564941406,12.356666564941406,101254500,5283.47998046875,5302.68017578125,5145.31982421875,5208.7998046875,5208.7998046875,2986760000
2016-11-11,12.28266716003418,12.592000007629396,12.199999809265137,12.570667266845703,12.570667266845703,59827500,5191.81982421875,5241.080078125,5179.64013671875,5237.10986328125,5237.10986328125,2290080000
2016-11-14,12.533332824707031,12.550000190734863,11.879332542419434,12.096667289733888,12.096667289733888,98283000,5246.330078125,5247.169921875,5192.0498046875,5218.39990234375,5218.39990234375,2371900000
2016-11-15,12.185333251953123,12.428667068481444,12.136667251586914,12.251333236694336,12.251333236694336,58530000,5241.35009765625,5287.06005859375,5236.25,5275.6201171875,5275.6201171875,2159180000
2016-11-16,12.17666721343994,12.315333366394045,12.080666542053224,12.26200008392334,12.26200008392334,51516000,5253.740234375,5299.6298828125,5251.8798828125,5294.580078125,5294.580078125,2066130000
2016-11-17,12.232666969299316,12.63266658782959,12.140666961669922,12.577333450317385,12.577333450317385,73306500,5295.06982421875,5334.0498046875,5288.16015625,5333.97021484375,5333.97021484375,2084710000
2016-11-18,12.710000038146973,12.866666793823242,12.333333015441896,12.334667205810549,12.334667205810549,78154500,5340.97021484375,5346.7998046875,5315.52978515625,5321.509765625,5321.509765625,1865770000
2016-11-21,12.336000442504885,12.592666625976562,12.293999671936035,12.3013334274292,12.3013334274292,65415000,5336.77978515625,5369.830078125,5334.16015625,5368.85986328125,5368.85986328125,1748170000
2016-11-22,12.38933277130127,12.764666557312012,12.247332572937012,12.744667053222656,12.744667053222656,84051000,5384.75,5392.259765625,5365.60009765625,5386.35009765625,5386.35009765625,1890410000
2016-11-23,12.707332611083984,13.042667388916016,12.600000381469728,12.87600040435791,12.87600040435791,73378500,5366.5498046875,5380.68017578125,5350.68017578125,5380.68017578125,5380.68017578125,1617700000
2016-11-25,12.90933322906494,13.149333000183104,12.90933322906494,13.109999656677246,13.109999656677246,35491500,5388.490234375,5398.919921875,5379.27978515625,5398.919921875,5398.919921875,768080000
2016-11-28,13.031999588012695,13.289999961853027,12.970000267028809,13.074666976928713,13.074666976928713,67938000,5387.919921875,5396.27001953125,5364.91015625,5368.81005859375,5368.81005859375,1630150000
2016-11-29,13.03733253479004,13.11533260345459,12.633333206176758,12.637999534606934,12.637999534606934,66589500,5370.97998046875,5403.85986328125,5360.56005859375,5379.919921875,5379.919921875,1791760000
2016-11-30,12.733332633972168,12.792667388916016,12.5,12.626667022705078,12.626667022705078,53206500,5391.35009765625,5393.14990234375,5323.68017578125,5323.68017578125,5323.68017578125,2056060000
2016-12-01,12.550000190734863,12.5686674118042,12.06666660308838,12.125332832336426,12.125332832336426,76896000,5323.8798828125,5326.33984375,5238.2099609375,5251.10986328125,5251.10986328125,2269790000
2016-12-02,12.19200038909912,12.325332641601562,12.0,12.097999572753906,12.097999572753906,60634500,5249.02001953125,5274.5400390625,5239.27001953125,5255.64990234375,5255.64990234375,1851030000
2016-12-05,12.167332649230955,12.592666625976562,12.167332649230955,12.453332901000977,12.453332901000977,61083000,5283.580078125,5321.08984375,5269.56982421875,5308.89013671875,5308.89013671875,1800570000
2016-12-06,12.368000030517578,12.43866729736328,12.178667068481444,12.390000343322754,12.390000343322754,50874000,5317.740234375,5333.990234375,5299.93994140625,5333.0,5333.0,1977480000
2016-12-07,12.40999984741211,12.893333435058594,12.333333015441896,12.876667022705078,12.876667022705078,81928500,5322.669921875,5397.93017578125,5307.31005859375,5393.759765625,5393.759765625,2125370000
2016-12-08,12.803333282470703,12.833333015441896,12.63599967956543,12.81933307647705,12.81933307647705,47911500,5394.14990234375,5425.52001953125,5389.10009765625,5417.35986328125,5417.35986328125,2236580000
2016-12-09,12.724666595458984,12.922666549682615,12.720666885375977,12.812000274658203,12.812000274658203,40837500,5436.10986328125,5450.16015625,5427.1201171875,5444.5,5444.5,2042340000
2016-12-12,12.853333473205566,12.961333274841309,12.745332717895508,12.82866668701172,12.82866668701172,36583500,5428.22021484375,5434.89990234375,5394.419921875,5412.5400390625,5412.5400390625,1931840000
2016-12-13,12.878666877746582,13.41866683959961,12.866666793823242,13.210000038146973,13.210000038146973,102358500,5433.56982421875,5486.75,5430.72021484375,5463.830078125,5463.830078125,2094860000
2016-12-14,13.249333381652832,13.533332824707031,13.11733341217041,13.246000289916992,13.246000289916992,62263500,5465.68994140625,5476.25,5425.72998046875,5436.669921875,5436.669921875,1976570000
2016-12-15,13.227333068847656,13.38266658782959,13.15933322906494,13.17199993133545,13.17199993133545,48294000,5443.509765625,5485.1201171875,5439.39013671875,5456.85009765625,5456.85009765625,2101320000
2016-12-16,13.20533275604248,13.505999565124512,13.173333168029783,13.499333381652832,13.499333381652832,56953500,5467.81982421875,5474.580078125,5426.009765625,5437.16015625,5437.16015625,3281480000
2016-12-19,13.499333381652832,13.630000114440918,13.322667121887209,13.51533317565918,13.51533317565918,52321500,5441.2001953125,5483.419921875,5436.5400390625,5457.43994140625,5457.43994140625,1688680000
2016-12-20,13.536666870117188,13.93333339691162,13.5,13.919333457946776,13.919333457946776,70336500,5473.52978515625,5489.47021484375,5471.7099609375,5483.93994140625,5483.93994140625,1679630000
2016-12-21,13.896666526794434,14.148667335510254,13.827333450317385,13.846667289733888,13.846667289733888,78114000,5482.6298828125,5486.259765625,5465.31005859375,5471.43017578125,5471.43017578125,1496850000
2016-12-22,13.881333351135254,13.999333381652832,13.766667366027832,13.896666526794434,13.896666526794434,46666500,5472.009765625,5472.009765625,5432.77001953125,5447.419921875,5447.419921875,1585470000
2016-12-23,13.866666793823242,14.229999542236328,13.847332954406738,14.22266674041748,14.22266674041748,70057500,5441.759765625,5462.68994140625,5441.759765625,5462.68994140625,5462.68994140625,1144900000
2016-12-27,14.325332641601562,14.81666660308838,14.29466724395752,14.635333061218262,14.635333061218262,88735500,5470.759765625,5512.3701171875,5469.60986328125,5487.43994140625,5487.43994140625,1219050000
2016-12-28,14.768667221069336,14.920000076293944,14.479999542236328,14.649333000183104,14.649333000183104,56737500,5497.43994140625,5498.91015625,5434.7001953125,5438.56005859375,5438.56005859375,1326660000
2016-12-29,14.570667266845703,14.613332748413086,14.274666786193848,14.312000274658203,14.312000274658203,60675000,5437.509765625,5450.6298828125,5415.18017578125,5432.08984375,5432.08984375,1266350000
2016-12-30,14.420000076293944,14.5,14.112000465393066,14.246000289916992,14.246000289916992,69639000,5440.169921875,5441.89990234375,5371.89013671875,5383.1201171875,5383.1201171875,1551690000
2017-01-03,14.324000358581545,14.68866729736328,14.064000129699709,14.465999603271484,14.465999603271484,88849500,5425.6201171875,5452.56982421875,5397.990234375,5429.080078125,5429.080078125,1887670000
2017-01-04,14.31666660308838,15.199999809265137,14.28733253479004,15.13266658782959,15.13266658782959,168202500,5440.91015625,5482.35009765625,5440.240234375,5477.0,5477.0,1885490000
2017-01-05,15.094667434692385,15.165332794189451,14.796667098999023,15.116666793823242,15.116666793823242,88675500,5474.39013671875,5495.85009765625,5464.35986328125,5487.93994140625,5487.93994140625,1799170000
2017-01-06,15.128666877746582,15.354000091552734,15.029999732971191,15.267333030700684,15.267333030700684,82918500,5499.080078125,5536.52001953125,5482.81005859375,5521.06005859375,5521.06005859375,1711870000
2017-01-09,15.264666557312012,15.461333274841309,15.199999809265137,15.41866683959961,15.41866683959961,59692500,5527.580078125,5541.080078125,5517.14013671875,5531.81982421875,5531.81982421875,1887740000
2017-01-10,15.466667175292969,15.466667175292969,15.12600040435791,15.324666976928713,15.324666976928713,54900000,5536.5400390625,5564.25,5528.10986328125,5551.81982421875,5551.81982421875,1798610000
2017-01-11,15.271332740783691,15.33199977874756,15.112000465393066,15.315333366394045,15.315333366394045,54762000,5550.72021484375,5564.080078125,5524.02978515625,5563.64990234375,5563.64990234375,1960830000
2017-01-12,15.27066707611084,15.380000114440918,15.038666725158691,15.305999755859377,15.305999755859377,56853000,5542.56005859375,5550.669921875,5496.81982421875,5547.490234375,5547.490234375,1805840000
2017-01-13,15.333333015441896,15.856666564941406,15.305999755859377,15.850000381469728,15.850000381469728,91395000,5557.56982421875,5584.259765625,5557.2001953125,5574.1201171875,5574.1201171875,1611260000
2017-01-17,15.779999732971191,15.997332572937012,15.624667167663574,15.70533275604248,15.70533275604248,69262500,5555.16015625,5557.0498046875,5527.22021484375,5538.72998046875,5538.72998046875,1759440000
2017-01-18,15.776666641235352,15.980667114257812,15.70533275604248,15.890666961669922,15.890666961669922,56535000,5546.93994140625,5555.97998046875,5534.77001953125,5555.64990234375,5555.64990234375,1686260000
2017-01-19,16.483333587646484,16.57866668701172,16.049999237060547,16.250667572021484,16.250667572021484,115984500,5560.60986328125,5571.52978515625,5528.3701171875,5540.080078125,5540.080078125,1809900000
2017-01-20,16.36400032043457,16.399999618530273,16.200666427612305,16.315332412719727,16.315332412719727,63064500,5556.8701171875,5574.35009765625,5542.22998046875,5555.330078125,5555.330078125,1750340000
2017-01-23,16.389999389648438,16.72599983215332,16.366666793823242,16.594667434692383,16.594667434692383,93943500,5546.64013671875,5564.14013671875,5522.68994140625,5552.93994140625,5552.93994140625,1652370000
2017-01-24,16.666667938232422,16.98666763305664,16.643333435058594,16.974000930786133,16.974000930786133,74482500,5568.27001953125,5606.52978515625,5558.490234375,5600.9599609375,5600.9599609375,1808560000
2017-01-25,17.15399932861328,17.230667114257812,16.786666870117188,16.96466636657715,16.96466636657715,77139000,5635.85986328125,5658.58984375,5634.330078125,5656.33984375,5656.33984375,1964040000
2017-01-26,16.952667236328125,17.049333572387695,16.71666717529297,16.833999633789062,16.833999633789062,47281500,5666.27978515625,5669.60986328125,5647.64990234375,5655.18017578125,5655.18017578125,1837020000
2017-01-27,16.7586669921875,16.866666793823242,16.56800079345703,16.863332748413086,16.863332748413086,47494500,5664.8798828125,5667.4501953125,5643.89990234375,5660.77978515625,5660.77978515625,1669190000
2017-01-30,16.8353328704834,17.019332885742188,16.47333335876465,16.708667755126953,16.708667755126953,57016500,5635.85986328125,5636.08984375,5578.759765625,5613.7099609375,5613.7099609375,1782380000
2017-01-31,16.615999221801758,17.05933380126953,16.51333236694336,16.795333862304688,16.795333862304688,61741500,5592.8701171875,5615.14990234375,5576.08984375,5614.7900390625,5614.7900390625,2047460000
2017-02-01,16.8700008392334,16.8799991607666,16.60333251953125,16.615999221801758,16.615999221801758,59382000,5654.509765625,5662.10986328125,5621.02978515625,5642.64990234375,5642.64990234375,2239570000
2017-02-02,16.555999755859375,16.827999114990234,16.513999938964844,16.770000457763672,16.770000457763672,37497000,5627.14990234375,5656.009765625,5616.39990234375,5636.2001953125,5636.2001953125,2077010000
2017-02-03,16.79400062561035,16.812000274658203,16.64533233642578,16.755332946777344,16.755332946777344,32800500,5650.72998046875,5666.83984375,5647.580078125,5666.77001953125,5666.77001953125,1792330000
2017-02-06,16.733333587646484,17.187999725341797,16.708667755126953,17.184667587280273,17.184667587280273,53437500,5656.9501953125,5668.2001953125,5650.259765625,5663.5498046875,5663.5498046875,1736140000
2017-02-07,17.21266746520996,17.333332061767578,17.094667434692383,17.165332794189453,17.165332794189453,63672000,5674.85986328125,5689.60009765625,5664.81982421875,5674.22021484375,5674.22021484375,1922030000
2017-02-08,17.156667709350586,17.55733299255371,17.079999923706055,17.472000122070312,17.472000122070312,58995000,5662.9501953125,5686.9599609375,5649.39013671875,5682.4501953125,5682.4501953125,1947100000
2017-02-09,17.75,18.07866668701172,17.74333381652832,17.946666717529297,17.946666717529297,117303000,5688.02001953125,5722.7099609375,5685.14990234375,5715.18017578125,5715.18017578125,1948120000
2017-02-10,17.986000061035156,18.06333351135254,17.74066734313965,17.948667526245117,17.948667526245117,54295500,5726.169921875,5743.43017578125,5717.419921875,5734.1298828125,5734.1298828125,1867270000
2017-02-13,18.049333572387695,18.71933364868164,18.034000396728516,18.706666946411133,18.706666946411133,105444000,5753.18994140625,5770.990234375,5751.919921875,5763.9599609375,5763.9599609375,1843480000
2017-02-14,18.60199928283691,19.159332275390625,18.573999404907227,18.73200035095215,18.73200035095215,110178000,5756.509765625,5783.08984375,5748.740234375,5782.56982421875,5782.56982421875,1952370000
2017-02-15,18.666667938232425,18.81599998474121,18.429332733154297,18.65066719055176,18.65066719055176,74218500,5777.89990234375,5821.9501953125,5776.7001953125,5819.43994140625,5819.43994140625,2094140000
2017-02-16,18.50666618347168,18.666667938232425,17.899999618530273,17.93000030517578,17.93000030517578,106159500,5823.009765625,5835.14990234375,5796.7099609375,5814.89990234375,5814.89990234375,1945600000
2017-02-17,17.719999313354492,18.19266700744629,17.610000610351562,18.148666381835938,18.148666381835938,93856500,5807.31005859375,5838.580078125,5800.7998046875,5838.580078125,5838.580078125,1879030000
2017-02-21,18.36333274841309,18.760000228881836,18.267332077026367,18.492666244506836,18.492666244506836,85150500,5850.2001953125,5867.89013671875,5847.5,5865.9501953125,5865.9501953125,1940110000
2017-02-22,18.687332153320312,18.89666748046875,18.17333221435547,18.233999252319336,18.233999252319336,131325000,5857.56005859375,5864.419921875,5848.27978515625,5860.6298828125,5860.6298828125,1874710000
2017-02-23,17.600000381469727,17.643999099731445,17.03733253479004,17.06599998474121,17.06599998474121,223728000,5866.81982421875,5866.9599609375,5809.5498046875,5835.509765625,5835.509765625,1881490000
2017-02-24,16.8439998626709,17.21666717529297,16.68000030517578,17.133333206176758,17.133333206176758,122574000,5802.330078125,5845.31005859375,5800.5498046875,5845.31005859375,5845.31005859375,1684650000
2017-02-27,16.544666290283203,16.55733299255371,16.134000778198242,16.415332794189453,16.415332794189453,171912000,5835.0400390625,5861.89990234375,5827.0,5861.89990234375,5861.89990234375,1882610000
2017-02-28,16.279333114624023,16.733333587646484,16.260000228881836,16.666000366210938,16.666000366210938,91171500,5852.7900390625,5855.06982421875,5817.22021484375,5825.43994140625,5825.43994140625,2303390000
2017-03-01,16.94533348083496,16.989999771118164,16.607332229614258,16.667999267578125,16.667999267578125,72142500,5874.85986328125,5911.7900390625,5865.7900390625,5904.02978515625,5904.02978515625,2220350000
2017-03-02,16.6473331451416,16.885332107543945,16.551332473754883,16.698667526245117,16.698667526245117,50277000,5897.009765625,5897.009765625,5856.2998046875,5861.22021484375,5861.22021484375,2043610000
2017-03-03,16.715999603271484,16.793333053588867,16.600000381469727,16.771333694458008,16.771333694458008,43791000,5854.27001953125,5870.75,5841.47021484375,5870.75,5870.75,1853600000
2017-03-06,16.527332305908203,16.780000686645508,16.500667572021484,16.747333526611328,16.747333526611328,50332500,5846.419921875,5857.740234375,5827.4599609375,5849.18017578125,5849.18017578125,1774040000
2017-03-07,16.794666290283203,16.926000595092773,16.55466651916504,16.57266616821289,16.57266616821289,51892500,5836.1201171875,5859.77001953125,5826.31982421875,5833.93017578125,5833.93017578125,1825510000
2017-03-08,16.46666717529297,16.67133331298828,16.35466766357422,16.45800018310547,16.45800018310547,55878000,5838.43994140625,5860.6298828125,5832.6298828125,5837.5498046875,5837.5498046875,1813080000
2017-03-09,16.5086669921875,16.577333450317383,16.200000762939453,16.32666778564453,16.32666778564453,58189500,5834.669921875,5852.5400390625,5812.080078125,5838.81005859375,5838.81005859375,1886780000
2017-03-10,16.413999557495117,16.433332443237305,16.200000762939453,16.246000289916992,16.246000289916992,45994500,5867.16015625,5872.60009765625,5835.43994140625,5861.72998046875,5861.72998046875,1999440000
2017-03-13,16.321332931518555,16.456666946411133,16.185333251953125,16.411333084106445,16.411333084106445,45339000,5863.47998046875,5877.43017578125,5860.830078125,5875.77978515625,5875.77978515625,1812460000
2017-03-14,16.407333374023438,17.20800018310547,16.40133285522461,17.200000762939453,17.200000762939453,113976000,5860.06982421875,5860.5,5831.8798828125,5856.81982421875,5856.81982421875,1664870000
2017-03-15,17.133333206176758,17.399999618530273,16.951332092285156,17.048667907714844,17.048667907714844,79962000,5869.97998046875,5911.2001953125,5858.16015625,5900.0498046875,5900.0498046875,1955400000
2017-03-16,17.49333381652832,17.71666717529297,17.270666122436523,17.469999313354492,17.469999313354492,106983000,5907.85986328125,5911.47998046875,5887.240234375,5900.759765625,5900.759765625,1770640000
2017-03-17,17.600000381469727,17.68866729736328,17.413333892822266,17.433332443237305,17.433332443237305,97462500,5898.580078125,5912.60986328125,5890.419921875,5901.0,5901.0,3189970000
2017-03-20,17.373332977294922,17.636667251586914,17.254667282104492,17.461332321166992,17.461332321166992,54214500,5898.81005859375,5915.1201171875,5888.1201171875,5901.52978515625,5901.52978515625,1736790000
2017-03-21,17.52199935913086,17.65333366394043,16.682666778564453,16.711999893188477,16.711999893188477,103629000,5923.419921875,5928.06005859375,5790.72998046875,5793.830078125,5793.830078125,2199920000
2017-03-22,16.770666122436523,17.004667282104492,16.700666427612305,17.000667572021484,17.000667572021484,60889500,5790.58984375,5825.669921875,5781.7998046875,5821.64013671875,5821.64013671875,1860290000
2017-03-23,17.025999069213867,17.17799949645996,16.886667251586914,16.985332489013672,16.985332489013672,49803000,5812.31005859375,5842.81982421875,5806.97998046875,5817.68994140625,5817.68994140625,1746990000
2017-03-24,17.046667098999023,17.592666625976562,17.000667572021484,17.54400062561035,17.54400062561035,84709500,5839.330078125,5858.9501953125,5807.830078125,5828.740234375,5828.740234375,1855040000
2017-03-27,17.373332977294922,18.038000106811523,17.316667556762695,18.014667510986328,18.014667510986328,93462000,5776.330078125,5849.2001953125,5769.39013671875,5840.3701171875,5840.3701171875,1673060000
2017-03-28,18.468000411987305,18.711999893188477,18.333332061767575,18.496667861938477,18.496667861938477,119814000,5836.5,5888.7001953125,5828.85986328125,5875.14013671875,5875.14013671875,1823600000
2017-03-29,18.555999755859375,18.63999938964844,18.36933326721191,18.492000579833984,18.492000579833984,55143000,5875.35009765625,5900.8701171875,5870.93017578125,5897.5498046875,5897.5498046875,1722190000
2017-03-30,18.535999298095703,18.799999237060547,18.480667114257812,18.527999877929688,18.527999877929688,62226000,5896.14990234375,5916.77001953125,5894.0,5914.33984375,5914.33984375,1732100000
2017-03-31,18.582000732421875,18.64533233642578,18.42133331298828,18.553333282470703,18.553333282470703,49419000,5905.6298828125,5927.81005859375,5901.77001953125,5911.740234375,5911.740234375,1905150000
2017-04-03,19.12666702270508,19.933332443237305,18.972000122070312,19.90133285522461,19.90133285522461,208329000,5917.31982421875,5928.93017578125,5867.72998046875,5894.68017578125,5894.68017578125,1852990000
2017-04-04,19.792667388916016,20.320667266845703,19.635332107543945,20.246667861938477,20.246667861938477,152019000,5878.759765625,5901.39013671875,5878.759765625,5898.60986328125,5898.60986328125,1795260000
2017-04-05,20.13599967956543,20.32533264160156,19.61333274841309,19.666667938232425,19.666667938232425,118213500,5911.919921875,5936.39013671875,5856.259765625,5864.47998046875,5864.47998046875,2208600000
2017-04-06,19.79199981689453,20.12933349609375,19.606666564941406,19.913333892822266,19.913333892822266,82809000,5870.52001953125,5889.580078125,5856.22021484375,5878.9501953125,5878.9501953125,1849790000
2017-04-07,19.833332061767575,20.179332733154297,19.809999465942383,20.16933250427246,20.16933250427246,68694000,5873.93994140625,5892.06982421875,5855.509765625,5877.81005859375,5877.81005859375,1703730000
2017-04-10,20.61000061035156,20.915332794189453,20.58066749572754,20.826000213623047,20.826000213623047,114967500,5883.43017578125,5907.85009765625,5865.56005859375,5880.93017578125,5880.93017578125,1633190000
2017-04-11,20.892000198364254,20.89800071716309,20.36666679382324,20.58066749572754,20.58066749572754,85869000,5871.16015625,5878.93994140625,5819.2900390625,5866.77001953125,5866.77001953125,1830760000
2017-04-12,20.422666549682617,20.56333351135254,19.754667282104492,19.78933334350586,19.78933334350586,90760500,5863.58984375,5868.08984375,5830.43994140625,5836.16015625,5836.16015625,1666570000
2017-04-13,19.780000686645508,20.492666244506836,19.68666648864746,20.266666412353516,20.266666412353516,139269000,5828.3701171875,5856.5400390625,5805.14990234375,5805.14990234375,5805.14990234375,1587150000
2017-04-17,20.18000030517578,20.266666412353516,19.91200065612793,20.09600067138672,20.09600067138672,62080500,5821.5498046875,5856.7900390625,5818.2001953125,5856.7900390625,5856.7900390625,1383550000
2017-04-18,19.979999542236328,20.055999755859375,19.86000061035156,20.016666412353516,20.016666412353516,45535500,5838.58984375,5860.0400390625,5828.56982421875,5849.47021484375,5849.47021484375,1610230000
2017-04-19,20.163999557495117,20.441333770751953,20.14066696166992,20.368000030517575,20.368000030517575,58470000,5874.43017578125,5894.68017578125,5856.33984375,5863.02978515625,5863.02978515625,1754240000
2017-04-20,20.43400001525879,20.61000061035156,20.01533317565918,20.167333602905273,20.167333602905273,92241000,5887.8701171875,5926.22998046875,5880.2001953125,5916.77978515625,5916.77978515625,1751490000
2017-04-21,20.13333320617676,20.426666259765625,20.027999877929688,20.37333297729492,20.37333297729492,67647000,5919.02001953125,5919.22998046875,5899.43017578125,5910.52001953125,5910.52001953125,1736420000
2017-04-24,20.614667892456055,20.703332901000977,20.40133285522461,20.53533363342285,20.53533363342285,76252500,5979.9599609375,5989.919921875,5970.25,5983.81982421875,5983.81982421875,1842880000
2017-04-25,20.53333282470703,20.93199920654297,20.39066696166992,20.91933250427246,20.91933250427246,101065500,6004.16015625,6036.02001953125,6002.64990234375,6025.490234375,6025.490234375,1898120000
2017-04-26,20.82466697692871,20.96666717529297,20.600000381469727,20.67799949645996,20.67799949645996,70425000,6028.1201171875,6040.89013671875,6021.72021484375,6025.22998046875,6025.22998046875,1899570000
2017-04-27,20.779333114624023,20.87266731262207,20.5,20.57533264160156,20.57533264160156,52029000,6038.47021484375,6050.7001953125,6031.58984375,6048.93994140625,6048.93994140625,1883610000
2017-04-28,20.655332565307617,20.98666763305664,20.53333282470703,20.937999725341797,20.937999725341797,67582500,6072.8701171875,6074.0400390625,6040.7099609375,6047.60986328125,6047.60986328125,2005870000
2017-05-01,20.992000579833984,21.816667556762695,20.987333297729492,21.52199935913086,21.52199935913086,132444000,6067.56005859375,6100.72998046875,6061.35009765625,6091.60009765625,6091.60009765625,1763100000
2017-05-02,21.600000381469727,21.8439998626709,21.104000091552734,21.25933265686035,21.25933265686035,80742000,6102.509765625,6102.72021484375,6081.56005859375,6095.3701171875,6095.3701171875,2162610000
2017-05-03,21.17799949645996,21.435333251953125,20.696666717529297,20.73466682434082,20.73466682434082,107001000,6075.0400390625,6076.9599609375,6053.27978515625,6072.5498046875,6072.5498046875,2152850000
2017-05-04,20.496000289916992,20.51799964904785,19.38400077819824,19.69733238220215,19.69733238220215,212280000,6075.06005859375,6080.81982421875,6054.330078125,6075.33984375,6075.33984375,2059820000
2017-05-05,19.86666679382324,20.56999969482422,19.786666870117188,20.55666732788086,20.55666732788086,122659500,6091.68994140625,6100.759765625,6067.16015625,6100.759765625,6100.759765625,1903040000
2017-05-08,20.726667404174805,20.91933250427246,20.38800048828125,20.479333877563477,20.479333877563477,105097500,6100.66015625,6106.1201171875,6083.06005859375,6102.66015625,6102.66015625,1912030000
2017-05-09,20.625333786010746,21.465999603271484,20.606666564941406,21.417333602905273,21.417333602905273,145147500,6111.81982421875,6133.0,6107.58984375,6120.58984375,6120.58984375,2005820000
2017-05-10,21.437332153320312,21.700000762939453,21.20800018310547,21.681333541870117,21.681333541870117,86124000,6121.64013671875,6131.64013671875,6103.8701171875,6129.14013671875,6129.14013671875,2111850000
2017-05-11,21.559999465942383,21.733333587646484,21.30666732788086,21.540000915527344,21.540000915527344,71307000,6110.0498046875,6120.2001953125,6075.68017578125,6115.9599609375,6115.9599609375,1952650000
2017-05-12,21.698667526245117,21.799999237060547,21.435333251953125,21.65399932861328,21.65399932861328,61824000,6119.27001953125,6122.83984375,6105.419921875,6121.22998046875,6121.22998046875,1749010000
2017-05-15,21.225332260131836,21.34666633605957,20.8353328704834,21.058666229248047,21.058666229248047,114330000,6128.10986328125,6153.0400390625,6124.7900390625,6149.669921875,6149.669921875,1865450000
2017-05-16,21.172666549682617,21.33733367919922,21.00933265686035,21.13400077819824,21.13400077819824,62287500,6160.52001953125,6170.16015625,6139.10009765625,6169.8701171875,6169.8701171875,2006980000
2017-05-17,20.959333419799805,20.975332260131836,20.36666679382324,20.40733337402344,20.40733337402344,100678500,6108.6201171875,6122.8701171875,6009.47998046875,6011.240234375,6011.240234375,2355460000
2017-05-18,20.46666717529297,20.929332733154297,20.354000091552734,20.87066650390625,20.87066650390625,84807000,5998.4599609375,6073.4501953125,5996.81005859375,6055.1298828125,6055.1298828125,2134610000
2017-05-19,21.03333282470703,21.100000381469727,20.68000030517578,20.722000122070312,20.722000122070312,70314000,6070.22998046875,6106.5498046875,6070.22998046875,6083.7001953125,6083.7001953125,1908030000
2017-05-22,20.85333251953125,20.95800018310547,20.453332901000977,20.690000534057617,20.690000534057617,64938000,6098.25,6135.919921875,6097.240234375,6133.6201171875,6133.6201171875,1728190000
2017-05-23,20.69733238220215,20.715333938598633,20.23200035095215,20.257333755493164,20.257333755493164,64776000,6149.5498046875,6150.91015625,6121.7900390625,6138.7099609375,6138.7099609375,1709140000
2017-05-24,20.43400001525879,20.733333587646484,20.36000061035156,20.681333541870117,20.681333541870117,75499500,6154.18017578125,6166.08984375,6139.330078125,6163.02001953125,6163.02001953125,1672380000
2017-05-25,20.73466682434082,21.131332397460938,20.520666122436523,21.121999740600582,21.121999740600582,75210000,6183.02001953125,6217.33984375,6174.52001953125,6205.259765625,6205.259765625,1775750000
2017-05-26,21.152000427246097,21.69933319091797,21.08733367919922,21.676000595092773,21.676000595092773,117033000,6207.0400390625,6211.52001953125,6196.66015625,6210.18994140625,6210.18994140625,1573200000
2017-05-30,21.733333587646484,22.41866683959961,21.71733283996582,22.34000015258789,22.34000015258789,116743500,6204.18017578125,6217.1298828125,6200.41015625,6203.18994140625,6203.18994140625,1690930000
2017-05-31,22.512666702270508,22.85933303833008,22.3439998626709,22.733999252319336,22.733999252319336,149451000,6221.6298828125,6221.990234375,6164.06982421875,6198.52001953125,6198.52001953125,2212130000
2017-06-01,22.933332443237305,22.992000579833984,22.486000061035156,22.691333770751953,22.691333770751953,114120000,6215.91015625,6247.06982421875,6200.4501953125,6246.830078125,6246.830078125,1946000000
2017-06-02,22.65133285522461,22.858667373657227,22.39533233642578,22.656667709350582,22.656667709350582,83853000,6261.58984375,6308.759765625,6253.77001953125,6305.7998046875,6305.7998046875,1825450000
2017-06-05,22.566667556762695,23.229333877563477,22.28066635131836,23.15466690063477,23.15466690063477,101766000,6305.47021484375,6310.6201171875,6292.14990234375,6295.68017578125,6295.68017578125,1742160000
2017-06-06,22.979999542236328,23.965999603271484,22.6646671295166,23.523332595825195,23.523332595825195,166302000,6281.8798828125,6304.2099609375,6269.8701171875,6275.06005859375,6275.06005859375,1893110000
2017-06-07,23.756000518798828,24.03333282470703,23.676000595092773,23.976667404174805,23.976667404174805,140970000,6290.43994140625,6302.77978515625,6267.18017578125,6297.3798828125,6297.3798828125,1827220000
2017-06-08,24.25,24.793333053588867,24.014667510986328,24.666667938232425,24.666667938232425,135922500,6311.72998046875,6324.06005859375,6282.93017578125,6321.759765625,6321.759765625,2134350000
2017-06-09,24.961332321166992,25.124666213989254,23.65333366394043,23.821332931518555,23.821332931518555,258921000,6330.25,6341.7001953125,6137.68017578125,6207.919921875,6207.919921875,3154590000
2017-06-12,23.86599922180176,24.299999237060547,23.374666213989254,23.93400001525879,23.93400001525879,157765500,6153.56005859375,6183.81005859375,6110.669921875,6175.4599609375,6175.4599609375,2588860000
2017-06-13,24.507999420166016,25.066667556762695,24.44066619873047,25.06333351135254,25.06333351135254,177118500,6206.1201171875,6226.41015625,6180.0400390625,6220.3701171875,6220.3701171875,2063930000
2017-06-14,25.4060001373291,25.61666679382324,25.08733367919922,25.37733268737793,25.37733268737793,192276000,6237.4599609375,6237.52978515625,6153.5498046875,6194.89013671875,6194.89013671875,1949040000
2017-06-15,24.833332061767575,25.03066635131836,24.432666778564453,25.022666931152344,25.022666931152344,156397500,6127.0498046875,6170.14990234375,6107.85009765625,6165.5,6165.5,1870010000
2017-06-16,25.198667526245117,25.200666427612305,24.67333221435547,24.760000228881836,24.760000228881836,100965000,6154.27978515625,6161.56005859375,6125.5,6151.759765625,6151.759765625,3133000000
2017-06-19,25.0,25.11333274841309,24.520000457763672,24.65333366394043,24.65333366394043,98239500,6196.85009765625,6243.31005859375,6194.0,6239.009765625,6239.009765625,1989290000
2017-06-20,25.1113338470459,25.2586669921875,24.648666381835938,24.81599998474121,24.81599998474121,111580500,6229.6201171875,6234.009765625,6186.93994140625,6188.02978515625,6188.02978515625,2580440000
2017-06-21,24.956666946411133,25.132667541503903,24.534666061401367,25.093332290649418,25.093332290649418,73848000,6202.75,6236.66015625,6200.85986328125,6233.9501953125,6233.9501953125,2408800000
2017-06-22,25.19933319091797,25.666667938232425,24.90466690063477,25.507333755493164,25.507333755493164,112947000,6239.14990234375,6257.68017578125,6221.9599609375,6236.68994140625,6236.68994140625,2177430000
2017-06-23,25.496667861938477,25.799333572387695,25.290000915527344,25.56333351135254,25.56333351135254,96687000,6234.35009765625,6269.3701171875,6218.77978515625,6265.25,6265.25,4164310000
2017-06-26,25.779333114624023,25.796667098999023,24.87333297729492,25.166000366210938,25.166000366210938,99061500,6292.72998046875,6303.4501953125,6233.43017578125,6247.14990234375,6247.14990234375,2155460000
2017-06-27,25.093332290649418,25.093332290649418,24.134666442871097,24.15800094604492,24.15800094604492,104946000,6227.89990234375,6234.31982421875,6146.6201171875,6146.6201171875,6146.6201171875,2189250000
2017-06-28,24.44533348083496,24.78266716003418,24.167999267578125,24.749332427978516,24.749332427978516,94537500,6173.10009765625,6238.2900390625,6144.7998046875,6234.41015625,6234.41015625,2077390000
2017-06-29,24.707332611083984,24.733333587646484,23.606666564941406,24.049999237060547,24.049999237060547,123315000,6215.490234375,6216.60009765625,6087.81005859375,6144.35009765625,6144.35009765625,2410510000
2017-06-30,24.247333526611328,24.451332092285156,23.974666595458984,24.107332229614254,24.107332229614254,87727500,6166.83984375,6170.6298828125,6129.0400390625,6140.419921875,6140.419921875,2011720000
2017-07-03,24.682666778564453,24.75666618347168,23.433332443237305,23.507999420166016,23.507999420166016,94581000,6173.2900390625,6177.35986328125,6106.1201171875,6110.06005859375,6110.06005859375,1091030000
2017-07-05,23.14666748046875,23.14933204650879,21.755332946777344,21.805999755859375,21.805999755859375,255700500,6122.06005859375,6163.6201171875,6100.419921875,6150.85986328125,6150.85986328125,1874040000
2017-07-06,21.15066719055176,21.38599967956543,20.420000076293945,20.588666915893555,20.588666915893555,289867500,6109.60009765625,6127.97998046875,6081.9599609375,6089.4599609375,6089.4599609375,1993290000
2017-07-07,20.899999618530273,21.13333320617676,20.492000579833984,20.881332397460938,20.881332397460938,212653500,6111.2099609375,6164.93994140625,6111.2099609375,6153.080078125,6153.080078125,1712490000
2017-07-10,20.86000061035156,21.195999145507812,20.208667755126953,21.06999969482422,21.06999969482422,207313500,6156.02978515625,6191.27001953125,6141.830078125,6176.39013671875,6176.39013671875,1681270000
2017-07-11,21.066667556762695,21.818666458129883,20.953332901000977,21.814666748046875,21.814666748046875,173391000,6171.25,6200.580078125,6149.8701171875,6193.2998046875,6193.2998046875,1812560000
2017-07-12,22.02666664123535,22.206666946411133,21.63333320617676,21.968000411987305,21.968000411987305,155191500,6238.89990234375,6265.64013671875,6236.81982421875,6261.169921875,6261.169921875,1827740000
2017-07-13,22.007333755493164,22.106666564941406,21.33133316040039,21.560667037963867,21.560667037963867,128917500,6269.10009765625,6281.4501953125,6251.259765625,6274.43994140625,6274.43994140625,1806160000
2017-07-14,21.54599952697754,21.89466667175293,21.4146671295166,21.85199928283691,21.85199928283691,84378000,6289.080078125,6321.759765625,6278.7001953125,6312.47021484375,6312.47021484375,1615440000
2017-07-17,21.702667236328125,21.80666732788086,20.89666748046875,21.30466651916504,21.30466651916504,148153500,6320.35009765625,6330.97021484375,6307.33984375,6314.43017578125,6314.43017578125,1563390000
2017-07-18,21.166667938232425,21.941999435424805,21.04400062561035,21.882667541503903,21.882667541503903,95605500,6304.81982421875,6344.5498046875,6291.06982421875,6344.31005859375,6344.31005859375,1773220000
2017-07-19,21.881999969482425,22.11000061035156,21.54800033569336,21.68400001525879,21.68400001525879,95355000,6363.240234375,6387.72998046875,6362.18994140625,6385.0400390625,6385.0400390625,1867470000
2017-07-20,21.793333053588867,22.014667510986328,21.61333274841309,21.994667053222656,21.994667053222656,77493000,6396.4599609375,6398.259765625,6365.68017578125,6390.0,6390.0,1850000000
2017-07-21,21.964000701904297,22.083999633789062,21.719999313354492,21.893333435058594,21.893333435058594,73524000,6383.0498046875,6388.77978515625,6365.1201171875,6387.75,6387.75,1807110000
2017-07-24,22.016000747680664,22.893333435058594,22.000667572021484,22.834667205810547,22.834667205810547,129556500,6387.81982421875,6417.7001953125,6380.60986328125,6410.81005859375,6410.81005859375,1748140000
2017-07-25,23.0,23.040000915527344,22.27666664123535,22.63999938964844,22.63999938964844,104838000,6407.58984375,6425.4501953125,6396.8701171875,6412.169921875,6412.169921875,1930840000
2017-07-26,22.69066619873047,23.03333282470703,22.541332244873047,22.92333221435547,22.92333221435547,72312000,6425.93017578125,6432.3798828125,6416.2998046875,6422.75,6422.75,1996680000
2017-07-27,23.066667556762695,23.166667938232425,21.752666473388672,22.297332763671875,22.297332763671875,124536000,6459.759765625,6460.83984375,6318.6201171875,6382.18994140625,6382.18994140625,2501400000
2017-07-28,22.459333419799805,22.63999938964844,22.167333602905273,22.33799934387207,22.33799934387207,73206000,6350.27001953125,6379.7001953125,6337.22021484375,6374.68017578125,6374.68017578125,1877100000
2017-07-31,22.36666679382324,22.766000747680664,21.402666091918945,21.564666748046875,21.564666748046875,128026500,6394.68994140625,6396.58984375,6338.7900390625,6348.1201171875,6348.1201171875,1898830000
2017-08-01,21.53333282470703,21.6299991607666,21.07533264160156,21.30466651916504,21.30466651916504,124546500,6372.16015625,6375.75,6345.75,6362.93994140625,6362.93994140625,1821780000
2017-08-02,21.262666702270508,21.808000564575195,20.74799919128418,21.72599983215332,21.72599983215332,196372500,6393.10009765625,6394.2099609375,6313.43017578125,6362.64990234375,6362.64990234375,2115870000
2017-08-03,23.02199935913086,23.333332061767575,22.87666702270508,23.139333724975582,23.139333724975582,203025000,6366.240234375,6368.52978515625,6331.14013671875,6340.33984375,6340.33984375,2124100000
2017-08-04,23.13333320617676,23.81800079345703,22.88666725158691,23.79400062561035,23.79400062561035,139033500,6350.7900390625,6361.490234375,6329.72998046875,6351.56005859375,6351.56005859375,1908930000
2017-08-07,23.823333740234375,23.965333938598633,23.516666412353516,23.67799949645996,23.67799949645996,94867500,6361.06005859375,6386.02978515625,6356.22998046875,6383.77001953125,6383.77001953125,1704010000
2017-08-08,23.8353328704834,24.57200050354004,23.82666778564453,24.347999572753903,24.347999572753903,111747000,6373.330078125,6423.35009765625,6355.8798828125,6370.4599609375,6370.4599609375,1931490000
2017-08-09,24.066667556762695,24.666667938232425,23.93000030517578,24.235332489013672,24.235332489013672,103381500,6322.919921875,6355.0400390625,6309.43994140625,6352.330078125,6352.330078125,2037810000
2017-08-10,24.106666564941406,24.44333267211914,23.643999099731445,23.69333267211914,23.69333267211914,106393500,6312.64990234375,6318.27978515625,6214.41015625,6216.8701171875,6216.8701171875,2214990000
2017-08-11,23.79800033569336,24.083999633789062,23.57466697692871,23.857999801635746,23.857999801635746,65487000,6222.18017578125,6266.89013671875,6216.18994140625,6256.56005859375,6256.56005859375,1799780000
2017-08-14,24.308666229248047,24.51066780090332,24.17333221435547,24.253332138061523,24.253332138061523,67788000,6306.10986328125,6346.830078125,6305.5498046875,6340.22998046875,6340.22998046875,1702570000
2017-08-15,24.34666633605957,24.36599922180176,23.95800018310547,24.155332565307617,24.155332565307617,46276500,6350.509765625,6350.740234375,6324.75,6333.009765625,6333.009765625,1582560000
2017-08-16,24.200000762939453,24.433332443237305,24.167999267578125,24.194000244140625,24.194000244140625,51207000,6348.10986328125,6374.56005859375,6330.27001953125,6345.10986328125,6345.10986328125,1809070000
2017-08-17,24.08066749572754,24.219999313354492,23.439332962036133,23.461332321166992,23.461332321166992,75415500,6322.72021484375,6334.22998046875,6221.91015625,6221.91015625,6221.91015625,2052940000
2017-08-18,23.527332305908203,23.600000381469727,23.053333282470703,23.163999557495117,23.163999557495117,81123000,6222.4599609375,6254.22021484375,6193.3798828125,6216.52978515625,6216.52978515625,1968470000
2017-08-21,23.05466651916504,23.05466651916504,22.12333297729492,22.52400016784668,22.52400016784668,97431000,6216.31982421875,6226.93017578125,6177.18994140625,6213.1298828125,6213.1298828125,1582990000
2017-08-22,22.742000579833984,22.81599998474121,22.4913330078125,22.75666618347168,22.75666618347168,64830000,6241.2099609375,6302.83984375,6241.2099609375,6297.47998046875,6297.47998046875,1599760000
2017-08-23,22.59933280944824,23.56599998474121,22.553333282470703,23.51799964904785,23.51799964904785,74317500,6263.47021484375,6291.2998046875,6263.2900390625,6278.41015625,6278.41015625,1535320000
2017-08-24,23.501333236694336,23.777332305908203,23.31599998474121,23.528667449951172,23.528667449951172,68770500,6294.81982421875,6302.85009765625,6244.56982421875,6271.330078125,6271.330078125,1618660000
2017-08-25,23.61599922180176,23.71266746520996,23.15333366394043,23.203332901000977,23.203332901000977,52260000,6293.81005859375,6308.72021484375,6257.10009765625,6265.64013671875,6265.64013671875,1445590000
2017-08-28,23.152000427246097,23.156667709350582,22.64800071716309,23.04400062561035,23.04400062561035,56460000,6286.009765625,6292.259765625,6267.85009765625,6283.02001953125,6283.02001953125,1565110000
2017-08-29,22.631999969482425,23.270000457763672,22.583332061767575,23.15733337402344,23.15733337402344,61105500,6228.89990234375,6311.259765625,6228.72998046875,6301.89013671875,6301.89013671875,1639810000
2017-08-30,23.31133270263672,23.564666748046875,23.13333320617676,23.545333862304688,23.545333862304688,51193500,6308.68017578125,6374.47021484375,6303.56982421875,6368.31005859375,6368.31005859375,1717060000
2017-08-31,23.56999969482422,23.895999908447266,23.521333694458008,23.726667404174805,23.726667404174805,61092000,6385.7998046875,6435.27001953125,6383.580078125,6428.66015625,6428.66015625,1889500000
2017-09-01,23.7413330078125,23.839332580566406,23.57933235168457,23.69333267211914,23.69333267211914,45742500,6442.169921875,6449.64990234375,6417.8701171875,6435.330078125,6435.330078125,1489120000
2017-09-05,23.586666107177734,23.69933319091797,23.05933380126953,23.305999755859375,23.305999755859375,57526500,6414.81982421875,6426.509765625,6334.58984375,6375.56982421875,6375.56982421875,1889620000
2017-09-06,23.299999237060547,23.398666381835938,22.770666122436523,22.968666076660156,22.968666076660156,61371000,6394.35009765625,6407.39990234375,6356.2001953125,6393.31005859375,6393.31005859375,1902720000
2017-09-07,23.065332412719727,23.498666763305664,22.89666748046875,23.374000549316406,23.374000549316406,63588000,6402.93994140625,6413.06982421875,6379.81005859375,6397.8701171875,6397.8701171875,2000910000
2017-09-08,23.266000747680664,23.318666458129883,22.81999969482422,22.893333435058594,22.893333435058594,48952500,6389.64990234375,6391.41015625,6354.9599609375,6360.18994140625,6360.18994140625,1786070000
2017-09-11,23.42333221435547,24.247333526611328,23.333332061767575,24.246000289916992,24.246000289916992,115006500,6411.18017578125,6439.10986328125,6410.7099609375,6432.259765625,6432.259765625,1819310000
2017-09-12,24.299333572387695,24.583999633789062,24.02666664123535,24.183332443237305,24.183332443237305,89593500,6448.81005859375,6455.02978515625,6429.5400390625,6454.27978515625,6454.27978515625,1747620000
2017-09-13,24.254667282104492,24.538000106811523,23.972667694091797,24.415332794189453,24.415332794189453,62778000,6440.72021484375,6460.419921875,6433.2001953125,6460.18994140625,6460.18994140625,1944630000
2017-09-14,24.288667678833008,25.19733238220215,24.17533302307129,25.176000595092773,25.176000595092773,108037500,6439.4599609375,6455.31982421875,6424.0400390625,6429.080078125,6429.080078125,1817840000
2017-09-15,24.96733283996582,25.333332061767575,24.84666633605957,25.320667266845703,25.320667266845703,81307500,6426.16015625,6464.27001953125,6419.64990234375,6448.47021484375,6448.47021484375,2827910000
2017-09-18,25.350000381469727,25.974000930786133,25.178667068481445,25.666667938232425,25.666667938232425,107820000,6460.10009765625,6477.77001953125,6438.41015625,6454.64013671875,6454.64013671875,1881900000
2017-09-19,25.333332061767575,25.492666244506836,24.90466690063477,25.00666618347168,25.00666618347168,96778500,6465.56982421875,6467.7900390625,6446.75,6461.31982421875,6461.31982421875,1816080000
2017-09-20,24.86666679382324,25.21666717529297,24.738000869750977,24.92733383178711,24.92733383178711,73786500,6459.740234375,6466.0498046875,6414.22998046875,6456.0400390625,6456.0400390625,2083580000
2017-09-21,24.99333381652832,25.121999740600582,24.30066680908203,24.43199920654297,24.43199920654297,69273000,6448.56982421875,6448.56982421875,6405.2998046875,6422.68994140625,6422.68994140625,1779600000
2017-09-22,24.432666778564453,24.65999984741211,23.392000198364254,23.4060001373291,23.4060001373291,122391000,6401.43994140625,6429.5400390625,6400.81005859375,6426.919921875,6426.919921875,1648690000
2017-09-25,23.543333053588867,23.83133316040039,22.858667373657227,22.999332427978516,22.999332427978516,114088500,6403.10986328125,6408.0498046875,6343.9599609375,6370.58984375,6370.58984375,2061150000
2017-09-26,23.39533233642578,23.416000366210938,22.726667404174805,23.016666412353516,23.016666412353516,107344500,6391.85009765625,6405.0,6364.56982421875,6380.16015625,6380.16015625,1935990000
2017-09-27,23.32666778564453,23.432666778564453,22.700000762939453,22.731332778930664,22.731332778930664,90904500,6414.3701171875,6472.64990234375,6405.35986328125,6453.259765625,6453.259765625,2068400000
2017-09-28,22.658666610717773,22.850000381469727,22.36000061035156,22.63999938964844,22.63999938964844,79794000,6437.9599609375,6456.22998046875,6427.66015625,6453.4501953125,6453.4501953125,1882790000
2017-09-29,22.790666580200195,22.978666305541992,22.573333740234375,22.739999771118164,22.739999771118164,76606500,6461.27978515625,6497.97998046875,6454.85986328125,6495.9599609375,6495.9599609375,1970720000
2017-10-02,22.834667205810547,22.913333892822266,22.367332458496097,22.768667221069336,22.768667221069336,79302000,6506.080078125,6527.22021484375,6484.14013671875,6516.72021484375,6516.72021484375,1984400000
2017-10-03,22.393333435058594,23.23666763305664,22.0853328704834,23.209333419799805,23.209333419799805,152304000,6523.740234375,6532.18017578125,6509.7099609375,6531.7099609375,6531.7099609375,1972760000
2017-10-04,23.416667938232425,23.90800094604492,23.30666732788086,23.667333602905273,23.667333602905273,122452500,6521.9599609375,6546.4599609375,6513.1201171875,6534.6298828125,6534.6298828125,1941470000
2017-10-05,23.733333587646484,23.82933235168457,23.42333221435547,23.68866729736328,23.68866729736328,62575500,6552.8701171875,6587.2099609375,6547.64990234375,6585.35986328125,6585.35986328125,1888970000
2017-10-06,23.540000915527344,24.00666618347168,23.483333587646484,23.79199981689453,23.79199981689453,64462500,6566.9501953125,6590.18017578125,6566.83984375,6590.18017578125,6590.18017578125,1752170000
2017-10-09,23.309999465942383,23.450000762939453,22.844667434692383,22.86266708374023,22.86266708374023,112405500,6597.3701171875,6599.33984375,6572.43994140625,6579.72998046875,6579.72998046875,1494160000
2017-10-10,23.1200008392334,23.708667755126953,23.03533363342285,23.70599937438965,23.70599937438965,104677500,6602.490234375,6608.2998046875,6561.77978515625,6587.25,6587.25,1802480000
2017-10-11,23.59266662597656,23.84000015258789,23.40999984741211,23.63999938964844,23.63999938964844,67512000,6586.72998046875,6604.2099609375,6577.990234375,6603.5498046875,6603.5498046875,1837860000
2017-10-12,23.530000686645508,23.985332489013672,23.50933265686035,23.711999893188477,23.711999893188477,61305000,6594.759765625,6613.5,6586.31982421875,6591.509765625,6591.509765625,2020330000
2017-10-13,23.798667907714844,23.89933204650879,23.57866668701172,23.704666137695312,23.704666137695312,53107500,6613.2099609375,6616.580078125,6602.2001953125,6605.7998046875,6605.7998046875,1761700000
2017-10-16,23.583999633789062,23.631999969482425,23.143999099731445,23.37333297729492,23.37333297729492,80632500,6622.5498046875,6632.5,6607.02978515625,6624.0,6624.0,1632240000
2017-10-17,23.393999099731445,23.74799919128418,23.33799934387207,23.71666717529297,23.71666717529297,49399500,6621.419921875,6628.60009765625,6613.2099609375,6623.66015625,6623.66015625,1653160000
2017-10-18,23.731332778930664,24.200000762939453,23.608667373657227,23.976667404174805,23.976667404174805,74086500,6634.259765625,6635.52001953125,6613.5498046875,6624.22021484375,6624.22021484375,1738060000
2017-10-19,23.70400047302246,23.809999465942383,23.213333129882812,23.45400047302246,23.45400047302246,75927000,6583.7001953125,6605.2900390625,6558.52978515625,6605.06982421875,6605.06982421875,1847020000
2017-10-20,23.512666702270508,23.63666725158691,22.95599937438965,23.00666618347168,23.00666618347168,73956000,6633.3701171875,6640.02978515625,6622.919921875,6629.0498046875,6629.0498046875,1812220000
2017-10-23,23.32533264160156,23.329999923706055,22.416667938232425,22.468000411987305,22.468000411987305,86209500,6641.56982421875,6641.56982421875,6581.14990234375,6586.830078125,6586.830078125,1813080000
2017-10-24,22.586666107177734,22.85333251953125,22.410667419433594,22.48933219909668,22.48933219909668,67375500,6598.60986328125,6611.89990234375,6582.06005859375,6598.43017578125,6598.43017578125,1852610000
2017-10-25,22.446666717529297,22.5,21.570667266845703,21.722667694091797,21.722667694091797,128911500,6587.22021484375,6600.64013671875,6517.93017578125,6563.89013671875,6563.89013671875,2205790000
2017-10-26,21.85199928283691,22.01533317565918,21.546667098999023,21.744667053222656,21.744667053222656,75352500,6567.58984375,6582.759765625,6550.02978515625,6556.77001953125,6556.77001953125,2125640000
2017-10-27,21.316667556762695,21.639333724975582,21.110666275024418,21.391332626342773,21.391332626342773,104695500,6635.02978515625,6708.1298828125,6625.77978515625,6701.259765625,6701.259765625,2414520000
2017-10-30,21.278667449951172,21.5853328704834,21.149999618530273,21.338666915893555,21.338666915893555,63816000,6693.77001953125,6727.39013671875,6677.14990234375,6698.9599609375,6698.9599609375,2015920000
2017-10-31,21.34866714477539,22.1299991607666,21.34533309936523,22.10199928283691,22.10199928283691,85084500,6713.7099609375,6737.75,6705.7900390625,6727.669921875,6727.669921875,2054220000
2017-11-01,22.149999618530273,22.173999786376953,21.35066795349121,21.405332565307617,21.405332565307617,126859500,6758.64013671875,6759.66015625,6691.47998046875,6716.52978515625,6716.52978515625,2074230000
2017-11-02,20.0086669921875,20.57933235168457,19.5086669921875,19.950666427612305,19.950666427612305,296871000,6709.39013671875,6719.97021484375,6677.5498046875,6714.93994140625,6714.93994140625,2282300000
2017-11-03,19.96666717529297,20.416667938232425,19.67533302307129,20.4060001373291,20.4060001373291,133410000,6737.08984375,6765.14013671875,6712.93017578125,6764.43994140625,6764.43994140625,2203880000
2017-11-06,20.46666717529297,20.5,19.93400001525879,20.185333251953125,20.185333251953125,97290000,6763.2998046875,6790.669921875,6763.169921875,6786.43994140625,6786.43994140625,2173120000
2017-11-07,20.06800079345703,20.433332443237305,20.00200080871582,20.40333366394043,20.40333366394043,79414500,6785.43994140625,6795.52001953125,6750.35009765625,6767.77978515625,6767.77978515625,2209280000
2017-11-08,20.36666679382324,20.459333419799805,20.086666107177734,20.292667388916016,20.292667388916016,70879500,6764.85009765625,6791.64990234375,6753.33984375,6789.1201171875,6789.1201171875,2121340000
2017-11-09,20.166667938232425,20.297332763671875,19.753332138061523,20.19933319091797,20.19933319091797,81706500,6737.4501953125,6758.93017578125,6687.27978515625,6750.0498046875,6750.0498046875,2243500000
2017-11-10,20.166667938232425,20.55733299255371,20.12333297729492,20.19933319091797,20.19933319091797,69381000,6736.39013671875,6757.33984375,6727.35009765625,6750.93994140625,6750.93994140625,1979120000
2017-11-13,20.0086669921875,21.1200008392334,19.94066619873047,21.02666664123535,21.02666664123535,113773500,6727.39013671875,6766.2998046875,6723.43017578125,6757.60009765625,6757.60009765625,1976460000
2017-11-14,21.0,21.09000015258789,20.459999084472656,20.579999923706055,20.579999923706055,85141500,6733.8701171875,6743.6298828125,6709.27001953125,6737.8701171875,6737.8701171875,1988230000
2017-11-15,20.40066719055176,20.832666397094727,20.100000381469727,20.753332138061523,20.753332138061523,89680500,6700.68017578125,6725.31982421875,6667.31005859375,6706.2099609375,6706.2099609375,1923730000
2017-11-16,20.932666778564453,21.209333419799805,20.753332138061523,20.833332061767575,20.833332061767575,87331500,6742.33984375,6806.669921875,6742.33984375,6793.2900390625,6793.2900390625,2020380000
2017-11-17,21.711332321166992,21.777999877929688,20.87666702270508,21.003332138061523,21.003332138061523,206026500,6794.4501953125,6797.75,6777.43017578125,6782.7900390625,6782.7900390625,2009220000
2017-11-20,20.91933250427246,21.03333282470703,20.316667556762695,20.582666397094727,20.582666397094727,123715500,6789.27978515625,6795.830078125,6779.490234375,6790.7099609375,6790.7099609375,1811750000
2017-11-21,20.724000930786133,21.215333938598633,20.58066749572754,21.187332153320312,21.187332153320312,108919500,6820.5498046875,6862.66015625,6820.02001953125,6862.47998046875,6862.47998046875,1891960000
2017-11-22,21.118000030517575,21.161333084106445,20.78933334350586,20.84000015258789,20.84000015258789,73764000,6869.52978515625,6874.52001953125,6859.27978515625,6867.35986328125,6867.35986328125,1589150000
2017-11-24,20.91933250427246,21.0939998626709,20.733333587646484,21.036666870117188,21.036666870117188,48661500,6878.10986328125,6890.02001953125,6873.740234375,6889.16015625,6889.16015625,872110000
2017-11-27,20.88333320617676,21.1560001373291,20.63400077819824,21.12066650390625,21.12066650390625,68338500,6889.91015625,6897.43017578125,6867.89013671875,6878.52001953125,6878.52001953125,1781550000
2017-11-28,21.090667724609375,21.333332061767575,20.92799949645996,21.170000076293945,21.170000076293945,74242500,6893.72021484375,6914.18994140625,6866.2099609375,6912.35986328125,6912.35986328125,2003840000
2017-11-29,21.15333366394043,21.200000762939453,20.082000732421875,20.502666473388672,20.502666473388672,131511000,6907.27978515625,6908.330078125,6793.9501953125,6824.39013671875,6824.39013671875,2456990000
2017-11-30,20.570667266845703,20.713333129882812,20.30266761779785,20.59000015258789,20.59000015258789,65274000,6852.7998046875,6888.64990234375,6838.47998046875,6873.97021484375,6873.97021484375,2468530000
2017-12-01,20.36266708374023,20.687999725341797,20.336666107177734,20.435333251953125,20.435333251953125,64393500,6844.0400390625,6872.169921875,6737.16015625,6847.58984375,6847.58984375,2302140000
2017-12-04,20.433332443237305,20.551332473754883,20.040666580200195,20.34666633605957,20.34666633605957,87526500,6897.1298828125,6899.22998046875,6770.68994140625,6775.3701171875,6775.3701171875,2427170000
2017-12-05,20.13333320617676,20.53333282470703,20.066667556762695,20.246667861938477,20.246667861938477,69697500,6759.14013671875,6836.4501953125,6752.31982421875,6762.2099609375,6762.2099609375,2085760000
2017-12-06,20.00666618347168,20.892667770385746,20.0,20.88400077819824,20.88400077819824,107929500,6742.06982421875,6787.419921875,6734.1298828125,6776.3798828125,6776.3798828125,1901770000
2017-12-07,20.799999237060547,21.242000579833984,20.73666763305664,20.749332427978516,20.749332427978516,71709000,6785.740234375,6829.2900390625,6778.2001953125,6812.83984375,6812.83984375,1953740000
2017-12-08,20.97333335876465,21.131999969482425,20.750667572021484,21.0086669921875,21.0086669921875,52027500,6859.9501953125,6870.47998046875,6831.60986328125,6840.080078125,6840.080078125,1825640000
2017-12-11,20.975332260131836,21.93400001525879,20.916667938232425,21.92733383178711,21.92733383178711,119070000,6847.64013671875,6879.7998046875,6844.8798828125,6875.080078125,6875.080078125,1836780000
2017-12-12,22.030000686645508,22.762666702270508,22.00200080871582,22.735332489013672,22.735332489013672,130998000,6872.7099609375,6884.7998046875,6856.2998046875,6862.31982421875,6862.31982421875,1872810000
2017-12-13,22.728666305541992,22.947999954223633,22.433332443237305,22.60199928283691,22.60199928283691,93322500,6880.41015625,6897.6201171875,6871.8701171875,6875.7998046875,6875.7998046875,1931090000
2017-12-14,22.733999252319336,23.16266632080078,22.459999084472656,22.525999069213867,22.525999069213867,86998500,6887.3798828125,6901.1298828125,6851.6298828125,6856.52978515625,6856.52978515625,1990090000
2017-12-15,22.80266761779785,22.926666259765625,22.38400077819824,22.89666748046875,22.89666748046875,103998000,6871.5498046875,6945.81982421875,6871.4501953125,6936.580078125,6936.580078125,3529590000
2017-12-18,22.99333381652832,23.115333557128903,22.505332946777344,22.591333389282227,22.591333389282227,82143000,6980.39990234375,7003.89013671875,6975.5400390625,6994.759765625,6994.759765625,2150580000
2017-12-19,22.68400001525879,22.766000747680664,22.020000457763672,22.073333740234375,22.073333740234375,102375000,6991.25,6995.8798828125,6951.490234375,6963.85009765625,6963.85009765625,2084190000
2017-12-20,22.179332733154297,22.206666946411133,21.66933250427246,21.93199920654297,21.93199920654297,89307000,6991.25,6991.25,6935.419921875,6960.9599609375,6960.9599609375,1888140000
2017-12-21,21.972667694091797,22.249332427978516,21.81399917602539,22.110666275024418,22.110666275024418,65778000,6972.8798828125,6992.6298828125,6961.2099609375,6965.35986328125,6965.35986328125,1827410000
2017-12-22,21.96733283996582,22.06133270263672,21.65466690063477,21.68000030517578,21.68000030517578,63237000,6958.02001953125,6962.259765625,6944.4501953125,6959.9599609375,6959.9599609375,1541880000
2017-12-26,21.588666915893555,21.59600067138672,21.10533332824707,21.152666091918945,21.152666091918945,65676000,6928.919921875,6942.14013671875,6915.56005859375,6936.25,6936.25,1301000000
2017-12-27,21.066667556762695,21.178667068481445,20.71666717529297,20.775999069213867,20.775999069213867,70681500,6941.4501953125,6955.3798828125,6931.33984375,6939.33984375,6939.33984375,1411010000
2017-12-28,20.78333282470703,21.05466651916504,20.63599967956543,21.02400016784668,21.02400016784668,64744500,6953.3798828125,6954.7998046875,6936.75,6950.16015625,6950.16015625,1319870000
2017-12-29,21.07866668701172,21.0939998626709,20.666667938232425,20.75666618347168,20.75666618347168,56658000,6952.60986328125,6954.97998046875,6903.39013671875,6903.39013671875,6903.39013671875,1575290000
2018-01-02,20.799999237060547,21.474000930786133,20.733333587646484,21.368667602539062,21.368667602539062,65283000,6937.64990234375,7006.91015625,6924.080078125,7006.89990234375,7006.89990234375,1929700000
2018-01-03,21.399999618530273,21.683332443237305,21.036666870117188,21.149999618530273,21.149999618530273,67822500,7017.06982421875,7069.14990234375,7016.7001953125,7065.52978515625,7065.52978515625,2173130000
2018-01-04,20.857999801635746,21.23666763305664,20.3786678314209,20.974666595458984,20.974666595458984,149194500,7089.5,7098.0498046875,7072.3798828125,7077.91015625,7077.91015625,2103220000
2018-01-05,21.107999801635746,21.14933204650879,20.799999237060547,21.10533332824707,21.10533332824707,68868000,7105.740234375,7137.0400390625,7097.080078125,7136.56005859375,7136.56005859375,2024000000
2018-01-08,21.066667556762695,22.468000411987305,21.03333282470703,22.42733383178711,22.42733383178711,147891000,7135.3798828125,7161.35009765625,7124.08984375,7157.39013671875,7157.39013671875,2055010000
2018-01-09,22.3439998626709,22.586666107177734,21.82666778564453,22.246000289916992,22.246000289916992,107199000,7174.18994140625,7181.14013671875,7148.2998046875,7163.580078125,7163.580078125,2155810000
2018-01-10,22.14666748046875,22.46666717529297,22.0,22.31999969482422,22.31999969482422,64648500,7129.830078125,7154.240234375,7111.52001953125,7153.56982421875,7153.56982421875,2132430000
2018-01-11,22.34933280944824,22.987333297729492,22.21733283996582,22.530000686645508,22.530000686645508,99682500,7168.72998046875,7211.77978515625,7163.22998046875,7211.77978515625,7211.77978515625,2015170000
2018-01-12,22.57533264160156,22.694000244140625,22.244667053222656,22.4146671295166,22.4146671295166,72376500,7208.169921875,7265.259765625,7205.18017578125,7261.06005859375,7261.06005859375,1986600000
2018-01-16,22.502666473388672,23.0,22.31999969482422,22.67066764831543,22.67066764831543,97114500,7307.18994140625,7330.330078125,7205.93017578125,7223.68994140625,7223.68994140625,2399790000
2018-01-17,22.697999954223633,23.266666412353516,22.649999618530273,23.143999099731445,23.143999099731445,106552500,7257.77001953125,7309.35986328125,7229.31982421875,7298.27978515625,7298.27978515625,2245910000
2018-01-18,23.044666290283203,23.48666763305664,22.916000366210938,22.971332550048828,22.971332550048828,85287000,7293.64990234375,7313.89013671875,7276.10986328125,7296.0498046875,7296.0498046875,2037410000
2018-01-19,23.0,23.37266731262207,22.84000015258789,23.334667205810547,23.334667205810547,73324500,7312.0,7336.3798828125,7297.27978515625,7336.3798828125,7336.3798828125,2005470000
2018-01-22,23.293333053588867,23.85533332824707,23.280000686645508,23.437332153320312,23.437332153320312,93156000,7338.0400390625,7408.02978515625,7332.81005859375,7408.02978515625,7408.02978515625,2118310000
2018-01-23,24.0,24.03333282470703,23.399999618530273,23.519332885742188,23.519332885742188,81981000,7424.9501953125,7465.39013671875,7423.18017578125,7460.2900390625,7460.2900390625,2135840000
2018-01-24,23.6386661529541,23.649999618530273,22.90133285522461,23.05933380126953,23.05933380126953,79312500,7474.16015625,7486.31982421875,7376.75,7415.06005859375,7415.06005859375,2287320000
2018-01-25,23.218000411987305,23.280000686645508,22.426666259765625,22.50933265686035,22.50933265686035,101104500,7457.9501953125,7458.52978515625,7388.580078125,7411.16015625,7411.16015625,2081380000
2018-01-26,22.766666412353516,22.933332443237305,22.38066673278809,22.856666564941406,22.856666564941406,68091000,7448.330078125,7505.77001953125,7431.22021484375,7505.77001953125,7505.77001953125,2080700000
2018-01-29,22.656667709350582,23.38999938964844,22.552000045776367,23.302000045776367,23.302000045776367,71206500,7484.47021484375,7500.60986328125,7455.5498046875,7466.509765625,7466.509765625,2114420000
2018-01-30,23.00933265686035,23.218000411987305,22.81133270263672,23.05466651916504,23.05466651916504,70765500,7388.89013671875,7433.64990234375,7373.990234375,7402.47998046875,7402.47998046875,2183420000
2018-01-31,23.167333602905273,23.746000289916992,23.012666702270508,23.62066650390625,23.62066650390625,93211500,7443.25,7453.990234375,7381.1201171875,7411.47998046875,7411.47998046875,2428990000
2018-02-01,23.399999618530273,23.977333068847656,23.242000579833984,23.28333282470703,23.28333282470703,62965500,7377.169921875,7441.08984375,7362.27978515625,7385.85986328125,7385.85986328125,2311180000
2018-02-02,23.229333877563477,23.463333129882812,22.700666427612305,22.916667938232425,22.916667938232425,55572000,7347.58984375,7364.43017578125,7238.18017578125,7240.9501953125,7240.9501953125,2607160000
2018-02-05,22.531333923339844,22.96466636657715,22.200000762939453,22.208667755126953,22.208667755126953,66961500,7165.9599609375,7277.35986328125,6967.52978515625,6967.52978515625,6967.52978515625,3143210000
2018-02-06,21.680667877197266,22.4146671295166,21.566667556762695,22.264667510986328,22.264667510986328,76326000,6837.56005859375,7126.5498046875,6824.81982421875,7115.8798828125,7115.8798828125,3148270000
2018-02-07,22.59933280944824,23.066667556762695,22.37733268737793,23.0,23.0,104538000,7086.2001953125,7170.33984375,7051.52978515625,7051.97998046875,7051.97998046875,2380020000
2018-02-08,22.88733291625977,23.2413330078125,20.97333335876465,21.01533317565918,21.01533317565918,154719000,7067.2998046875,7073.990234375,6776.77001953125,6777.16015625,6777.16015625,2730740000
2018-02-09,21.32866668701172,21.398666381835938,19.65066719055176,20.69466781616211,20.69466781616211,194005500,6863.33984375,6917.009765625,6630.669921875,6874.490234375,6874.490234375,3165330000
2018-02-12,21.07533264160156,21.205333709716797,20.416667938232425,21.048667907714844,21.048667907714844,93417000,6936.68017578125,7023.6201171875,6879.68994140625,6981.9599609375,6981.9599609375,2250650000
2018-02-13,21.001333236694336,21.61266708374023,20.833999633789062,21.577333450317383,21.577333450317383,68403000,6942.16015625,7025.68017578125,6938.16015625,7013.509765625,7013.509765625,1830320000
2018-02-14,21.389333724975582,21.744667053222656,21.23466682434082,21.487333297729492,21.487333297729492,59260500,6979.240234375,7152.0498046875,6977.06982421875,7143.6201171875,7143.6201171875,2217630000
2018-02-15,21.63333320617676,22.274667739868164,21.49333381652832,22.271333694458008,22.271333694458008,88693500,7200.75,7256.93017578125,7130.39013671875,7256.43017578125,7256.43017578125,2124060000
2018-02-16,22.166667938232425,22.874666213989254,22.10933303833008,22.36599922180176,22.36599922180176,84639000,7236.509765625,7303.259765625,7226.3798828125,7239.47021484375,7239.47021484375,2037710000
2018-02-20,22.29800033569336,22.722667694091797,22.100000381469727,22.31800079345703,22.31800079345703,60141000,7209.02978515625,7295.9501953125,7206.0,7234.31005859375,7234.31005859375,1921870000
2018-02-21,22.402000427246097,22.645999908447266,22.211332321166992,22.219999313354492,22.219999313354492,48294000,7258.47998046875,7338.64013671875,7218.10986328125,7218.22998046875,7218.22998046875,1956120000
2018-02-22,22.368667602539062,23.16266632080078,22.316667556762695,23.07799911499023,23.07799911499023,104547000,7252.4599609375,7280.93017578125,7194.83984375,7210.08984375,7210.08984375,1927580000
2018-02-23,23.18866729736328,23.666000366210938,23.13999938964844,23.469999313354492,23.469999313354492,87261000,7261.35009765625,7337.830078125,7232.5,7337.39013671875,7337.39013671875,1887540000
2018-02-26,23.566667556762695,23.933332443237305,23.49066734313965,23.82799911499023,23.82799911499023,65100000,7373.2998046875,7421.85009765625,7360.25,7421.4599609375,7421.4599609375,1876560000
2018-02-27,23.75,23.999332427978516,23.333999633789062,23.39933204650879,23.39933204650879,71961000,7416.169921875,7438.08984375,7330.35009765625,7330.35009765625,7330.35009765625,2162250000
2018-02-28,23.504667282104492,23.682666778564453,22.814666748046875,22.87066650390625,22.87066650390625,91045500,7371.41015625,7386.7998046875,7273.009765625,7273.009765625,7273.009765625,2384940000
2018-03-01,23.000667572021484,23.244667053222656,22.004667282104492,22.062000274658203,22.062000274658203,103284000,7274.75,7307.85009765625,7117.66015625,7180.56005859375,7180.56005859375,2499010000
2018-03-02,21.798667907714844,22.347999572753903,21.531333923339844,22.341333389282227,22.341333389282227,76392000,7099.5400390625,7267.18994140625,7084.830078125,7257.8701171875,7257.8701171875,2291480000
2018-03-05,22.159332275390625,22.516666412353516,21.952667236328125,22.22333335876465,22.22333335876465,57357000,7222.89013671875,7350.06982421875,7205.31005859375,7330.7099609375,7330.7099609375,2076870000
2018-03-06,22.25,22.42466735839844,21.802000045776367,21.8799991607666,21.8799991607666,64285500,7366.60986328125,7378.02978515625,7319.68017578125,7372.009765625,7372.009765625,2132920000
2018-03-07,21.695999145507812,22.166667938232425,21.44933319091797,22.15333366394043,22.15333366394043,75109500,7311.740234375,7403.7900390625,7311.740234375,7396.64990234375,7396.64990234375,2198610000
2018-03-08,22.19066619873047,22.219999313354492,21.751333236694336,21.940000534057617,21.940000534057617,53493000,7422.77001953125,7435.009765625,7391.5,7427.9501953125,7427.9501953125,2277740000
2018-03-09,21.606666564941406,21.89933204650879,21.4913330078125,21.81133270263672,21.81133270263672,82602000,7475.97998046875,7560.81005859375,7469.02978515625,7560.81005859375,7560.81005859375,2310050000
2018-03-12,21.90733337402344,23.1473331451416,21.766666412353516,23.034000396728516,23.034000396728516,123960000,7581.0400390625,7609.10009765625,7563.43994140625,7588.31982421875,7588.31982421875,2314480000
2018-03-13,21.90733337402344,23.1473331451416,21.766666412353516,22.78933334350586,22.78933334350586,89487000,7627.52001953125,7637.27001953125,7492.97998046875,7511.009765625,7511.009765625,2459220000
2018-03-14,22.450666427612305,22.65399932861328,21.59533309936523,21.775333404541016,21.775333404541016,119511000,7539.77978515625,7544.89013671875,7473.89990234375,7496.81005859375,7496.81005859375,2112950000
2018-03-15,21.958667755126953,22.190000534057617,21.406667709350582,21.706666946411133,21.706666946411133,98472000,7509.240234375,7525.43994140625,7463.18994140625,7481.740234375,7481.740234375,2008290000
2018-03-16,21.528667449951172,21.82666778564453,21.271333694458008,21.42333221435547,21.42333221435547,91759500,7504.3701171875,7514.2099609375,7473.68017578125,7481.990234375,7481.990234375,3089970000
2018-03-19,21.100000381469727,21.38333320617676,20.64466667175293,20.90399932861328,20.90399932861328,112264500,7419.2001953125,7421.22998046875,7285.27001953125,7344.240234375,7344.240234375,2352810000
2018-03-20,20.9913330078125,21.083332061767575,20.583999633789062,20.703332901000977,20.703332901000977,71464500,7353.25,7380.740234375,7331.240234375,7364.2998046875,7364.2998046875,1976000000
2018-03-21,20.683332443237305,21.496000289916992,20.679332733154297,21.10199928283691,21.10199928283691,89376000,7347.5,7415.66015625,7325.35009765625,7345.2900390625,7345.2900390625,1999230000
2018-03-22,20.926000595092773,21.254667282104492,20.545333862304688,20.606666564941406,20.606666564941406,74097000,7257.5498046875,7303.18994140625,7164.3798828125,7166.68017578125,7166.68017578125,2370970000
2018-03-23,20.75,20.75,20.030000686645508,20.1026668548584,20.1026668548584,99823500,7170.68017578125,7194.31005859375,6992.669921875,6992.669921875,6992.669921875,2455760000
2018-03-26,20.48933219909668,20.506000518798828,19.423999786376953,20.278667449951172,20.278667449951172,125628000,7125.2001953125,7225.830078125,7022.33984375,7220.5400390625,7220.5400390625,2341370000
2018-03-27,20.266666412353516,20.284666061401367,18.478666305541992,18.61199951171875,18.61199951171875,208080000,7255.47021484375,7255.5400390625,6963.68017578125,7008.81005859375,7008.81005859375,2347480000
2018-03-28,17.6386661529541,17.91200065612793,16.80666732788086,17.185333251953125,17.185333251953125,315021000,6978.2998046875,7036.08984375,6901.06982421875,6949.22998046875,6949.22998046875,2551950000
2018-03-29,17.099332809448242,18.06399917602539,16.547332763671875,17.742000579833984,17.742000579833984,227560500,6984.66015625,7120.4599609375,6935.77978515625,7063.4501953125,7063.4501953125,2593390000
2018-04-02,17.083999633789062,17.35533332824707,16.305999755859375,16.832000732421875,16.832000732421875,241710000,7016.169921875,7044.7099609375,6805.9599609375,6870.1201171875,6870.1201171875,2402670000
2018-04-03,17.988000869750977,18.22333335876465,16.965999603271484,17.8353328704834,17.8353328704834,282666000,6924.35009765625,6963.7099609375,6835.22998046875,6941.27978515625,6941.27978515625,2330900000
2018-04-04,16.851999282836914,19.224666595458984,16.799999237060547,19.12933349609375,19.12933349609375,298450500,6811.77001953125,7059.2900390625,6811.77001953125,7042.10986328125,7042.10986328125,2261580000
2018-04-05,19.28933334350586,20.417333602905273,19.213333129882812,20.381332397460938,20.381332397460938,286816500,7099.25,7112.3798828125,7036.6201171875,7076.5498046875,7076.5498046875,2153030000
2018-04-06,20.066667556762695,20.618667602539062,19.700000762939453,19.953332901000977,19.953332901000977,202804500,6999.56982421875,7066.64013671875,6877.759765625,6915.10986328125,6915.10986328125,2359780000
2018-04-09,20.024667739868164,20.63333320617676,19.28066635131836,19.310667037963867,19.310667037963867,153747000,6971.4501953125,7074.9501953125,6944.9599609375,6950.33984375,6950.33984375,2089220000
2018-04-10,19.931333541870117,20.47333335876465,19.57866668701172,20.31333351135254,20.31333351135254,164847000,7060.990234375,7117.97998046875,7014.8798828125,7094.2998046875,7094.2998046875,2252020000
2018-04-11,20.049333572387695,20.59866714477539,19.977333068847656,20.062000274658203,20.062000274658203,112243500,7055.0,7128.5400390625,7055.0,7069.02978515625,7069.02978515625,1882090000
2018-04-12,20.15466690063477,20.26333236694336,19.57866668701172,19.60533332824707,19.60533332824707,114132000,7112.02001953125,7166.0,7105.08984375,7140.25,7140.25,2027080000
2018-04-13,20.239999771118164,20.26333236694336,19.73200035095215,20.022666931152344,20.022666931152344,109908000,7179.6201171875,7183.6201171875,7078.14013671875,7106.64990234375,7106.64990234375,1768160000
2018-04-16,19.933332443237305,19.977333068847656,19.267332077026367,19.413999557495117,19.413999557495117,95077500,7153.8701171875,7178.509765625,7115.85009765625,7156.27978515625,7156.27978515625,1800450000
2018-04-17,19.257999420166016,19.47800064086914,18.833999633789062,19.179332733154297,19.179332733154297,105000000,7215.1201171875,7298.58984375,7206.5498046875,7281.10009765625,7281.10009765625,1935380000
2018-04-18,19.405332565307617,20.016000747680664,19.21066665649414,19.55666732788086,19.55666732788086,98365500,7292.3798828125,7319.580078125,7259.89990234375,7295.240234375,7295.240234375,1908700000
2018-04-19,19.405332565307617,20.067333221435547,19.23666763305664,20.005332946777344,20.005332946777344,91359000,7258.60986328125,7277.4501953125,7215.169921875,7238.06005859375,7238.06005859375,1982090000
2018-04-20,19.67799949645996,19.998666763305664,19.316667556762695,19.34933280944824,19.34933280944824,84418500,7220.64013671875,7222.990234375,7123.490234375,7146.1298828125,7146.1298828125,1935160000
2018-04-23,19.41933250427246,19.441333770751953,18.82200050354004,18.891332626342773,18.891332626342773,73401000,7173.990234375,7195.72021484375,7094.43017578125,7128.60009765625,7128.60009765625,1744480000
2018-04-24,19.0,19.139333724975582,18.56399917602539,18.8973331451416,18.8973331451416,85279500,7160.77001953125,7171.669921875,6961.52001953125,7007.35009765625,7007.35009765625,2154270000
2018-04-25,18.899999618530273,19.01066780090332,18.483333587646484,18.71266746520996,18.71266746520996,60204000,7009.990234375,7030.740234375,6926.97021484375,7003.740234375,7003.740234375,2055840000
2018-04-26,18.583332061767575,19.05266761779785,18.433332443237305,19.031999588012695,19.031999588012695,65340000,7080.490234375,7143.93994140625,7055.66015625,7118.68017578125,7118.68017578125,2141220000
2018-04-27,19.024667739868164,19.631332397460938,18.92200088500977,19.60533332824707,19.60533332824707,65469000,7195.52001953125,7197.14990234375,7083.9501953125,7119.7998046875,7119.7998046875,2050350000
2018-04-30,19.573999404907227,19.915332794189453,19.5,19.593332290649418,19.593332290649418,63423000,7133.9501953125,7169.7998046875,7065.41015625,7066.27001953125,7066.27001953125,1998570000
2018-05-01,19.567333221435547,20.05466651916504,19.54800033569336,19.994667053222656,19.994667053222656,69384000,7053.64990234375,7133.27001953125,7036.18017578125,7130.7001953125,7130.7001953125,1932660000
2018-05-02,19.90466690063477,20.456666946411133,19.85199928283691,20.07666778564453,20.07666778564453,134556000,7138.4501953125,7169.4599609375,7094.72021484375,7100.89990234375,7100.89990234375,2157860000
2018-05-03,18.586000442504883,19.202667236328125,18.34866714477539,18.963333129882812,18.963333129882812,260281500,7065.02978515625,7112.58984375,6991.14013671875,7088.14990234375,7088.14990234375,2355780000
2018-05-04,18.86666679382324,19.790666580200195,18.634666442871097,19.606000900268555,19.606000900268555,128541000,7065.669921875,7228.259765625,7057.89013671875,7209.6201171875,7209.6201171875,2040520000
2018-05-07,19.833332061767575,20.3973331451416,19.67799949645996,20.184667587280273,20.184667587280273,130173000,7241.81982421875,7291.740234375,7235.759765625,7265.2099609375,7265.2099609375,1950650000
2018-05-08,20.053333282470703,20.516666412353516,19.933332443237305,20.131332397460938,20.131332397460938,88950000,7255.33984375,7278.81005859375,7224.7001953125,7266.89990234375,7266.89990234375,2070970000
2018-05-09,20.027332305908203,20.46733283996582,20.003332138061523,20.456666946411133,20.456666946411133,85911000,7281.52978515625,7344.7998046875,7259.0498046875,7339.91015625,7339.91015625,2250260000
2018-05-10,20.5,20.86599922180176,20.27400016784668,20.334667205810547,20.334667205810547,84774000,7355.89990234375,7414.14990234375,7353.6298828125,7404.97021484375,7404.97021484375,2250450000
2018-05-11,20.51333236694336,20.59199905395508,19.93866729736328,20.070667266845703,20.070667266845703,70194000,7393.97021484375,7417.669921875,7372.259765625,7402.8798828125,7402.8798828125,2085350000
2018-05-14,20.221332550048828,20.32933235168457,19.441333770751953,19.46466636657715,19.46466636657715,109302000,7429.4501953125,7458.419921875,7401.89013671875,7411.31982421875,7411.31982421875,2085850000
2018-05-15,19.000667572021484,19.13066673278809,18.700000762939453,18.94533348083496,18.94533348083496,142788000,7361.2998046875,7363.52001953125,7320.97021484375,7351.6298828125,7351.6298828125,2120380000
2018-05-16,18.92200088500977,19.253999710083008,18.770666122436523,19.09866714477539,19.09866714477539,85110000,7356.22021484375,7413.31982421875,7356.16015625,7398.2998046875,7398.2998046875,2103060000
2018-05-17,19.059999465942383,19.279333114624023,18.931333541870117,18.96933364868164,18.96933364868164,66309000,7379.580078125,7425.39013671875,7350.4599609375,7382.47021484375,7382.47021484375,1958970000
2018-05-18,18.976667404174805,18.976667404174805,18.266666412353516,18.454666137695312,18.454666137695312,108778500,7364.33984375,7381.16015625,7343.97021484375,7354.33984375,7354.33984375,1982190000
2018-05-21,18.755332946777344,19.432666778564453,18.753332138061523,18.965999603271484,18.965999603271484,137739000,7406.33984375,7431.830078125,7368.2099609375,7394.0400390625,7394.0400390625,1997220000
2018-05-22,19.18400001525879,19.200000762939453,18.22800064086914,18.333999633789062,18.333999633789062,134187000,7420.85009765625,7432.52978515625,7370.330078125,7378.4599609375,7378.4599609375,1927420000
2018-05-23,18.517332077026367,18.660667419433594,18.266666412353516,18.60466766357422,18.60466766357422,89776500,7335.02978515625,7426.77978515625,7334.6201171875,7425.9599609375,7425.9599609375,1997090000
2018-05-24,18.559999465942383,18.74066734313965,18.326000213623047,18.523332595825195,18.523332595825195,62650500,7421.990234375,7435.3798828125,7357.5,7424.43017578125,7424.43017578125,2035460000
2018-05-25,18.5086669921875,18.642667770385746,18.374000549316406,18.59000015258789,18.59000015258789,58126500,7422.2001953125,7452.85009765625,7415.580078125,7433.85009765625,7433.85009765625,1771950000
2018-05-29,18.567333221435547,19.100000381469727,18.40999984741211,18.917333602905273,18.917333602905273,84999000,7398.509765625,7435.1298828125,7354.2900390625,7396.58984375,7396.58984375,2095380000
2018-05-30,18.88599967956543,19.667333602905273,18.773332595825195,19.447999954223633,19.447999954223633,112345500,7428.41015625,7473.81005859375,7423.669921875,7462.4501953125,7462.4501953125,2058300000
2018-05-31,19.1473331451416,19.357999801635746,18.86199951171875,18.98200035095215,18.98200035095215,88795500,7455.580078125,7492.419921875,7431.41015625,7442.1201171875,7442.1201171875,2533360000
2018-06-01,19.05733299255371,19.463333129882812,18.922666549682617,19.454666137695312,19.454666137695312,81366000,7487.66015625,7557.3798828125,7487.22998046875,7554.330078125,7554.330078125,2212330000
2018-06-04,19.62266731262207,19.933332443237305,19.56999969482422,19.78266716003418,19.78266716003418,71967000,7570.080078125,7607.169921875,7561.2001953125,7606.4599609375,7606.4599609375,2152170000
2018-06-05,19.84666633605957,19.85333251953125,19.11599922180176,19.408666610717773,19.408666610717773,89928000,7621.35986328125,7644.47998046875,7602.3798828125,7637.85986328125,7637.85986328125,2063270000
2018-06-06,20.03333282470703,21.47800064086914,19.832000732421875,21.299999237060547,21.299999237060547,281509500,7652.7998046875,7691.64990234375,7622.31005859375,7689.240234375,7689.240234375,2198100000
2018-06-07,21.07666778564453,22.0,20.905332565307617,21.07266616821289,21.07266616821289,215179500,7697.41015625,7697.41015625,7597.66015625,7635.06982421875,7635.06982421875,2339720000
2018-06-08,21.266666412353516,21.631999969482425,21.143333435058594,21.17733383178711,21.17733383178711,123078000,7607.740234375,7653.580078125,7595.14013671875,7645.509765625,7645.509765625,1949810000
2018-06-11,21.500667572021484,22.310667037963867,21.5,22.13999938964844,22.13999938964844,197752500,7647.240234375,7677.2900390625,7642.8701171875,7659.93017578125,7659.93017578125,1959360000
2018-06-12,22.979999542236328,23.6646671295166,22.53333282470703,22.851333618164062,22.851333618164062,335211000,7673.8701171875,7708.25,7669.52978515625,7703.7900390625,7703.7900390625,2019890000
2018-06-13,23.11400032043457,23.14666748046875,22.65333366394043,22.985332489013672,22.985332489013672,142047000,7713.89990234375,7748.9599609375,7686.64990234375,7695.7001953125,7695.7001953125,2197830000
2018-06-14,23.17533302307129,23.916667938232425,23.106666564941406,23.847999572753903,23.847999572753903,164715000,7723.52978515625,7768.60009765625,7723.52978515625,7761.0400390625,7761.0400390625,2193630000
2018-06-15,23.589332580566406,24.31133270263672,23.416667938232425,23.878000259399418,23.878000259399418,162724500,7725.02978515625,7755.72021484375,7704.33984375,7746.3798828125,7746.3798828125,3049870000
2018-06-18,23.69333267211914,24.915332794189453,23.63333320617676,24.722000122070312,24.722000122070312,181098000,7692.9599609375,7749.35986328125,7676.830078125,7747.02978515625,7747.02978515625,2102660000
2018-06-19,24.3439998626709,24.666667938232425,23.083332061767575,23.503332138061523,23.503332138061523,191428500,7658.47021484375,7727.41015625,7635.72998046875,7725.58984375,7725.58984375,2283340000
2018-06-20,23.86933326721191,24.29199981689453,23.46666717529297,24.14800071716309,24.14800071716309,125755500,7764.14990234375,7806.60009765625,7755.47998046875,7781.509765625,7781.509765625,2316420000
2018-06-21,24.13333320617676,24.413999557495117,23.084667205810547,23.167333602905273,23.167333602905273,119506500,7800.2998046875,7803.4501953125,7699.2001953125,7712.9501953125,7712.9501953125,2349640000
2018-06-22,23.43600082397461,23.483333587646484,22.13333320617676,22.242000579833984,22.242000579833984,153991500,7739.68994140625,7739.7099609375,7679.1201171875,7692.81982421875,7692.81982421875,3956300000
2018-06-25,22.007999420166016,22.564666748046875,21.833332061767575,22.200666427612305,22.200666427612305,103969500,7631.1201171875,7639.72998046875,7477.72998046875,7532.009765625,7532.009765625,2423190000
2018-06-26,22.40333366394043,22.90333366394043,21.719999313354492,22.799999237060547,22.799999237060547,111787500,7553.740234375,7597.490234375,7527.0,7561.6298828125,7561.6298828125,2068870000
2018-06-27,23.0,23.38599967956543,22.63333320617676,22.96666717529297,22.96666717529297,125005500,7586.330078125,7610.669921875,7444.169921875,7445.080078125,7445.080078125,2319650000
2018-06-28,23.243999481201172,23.801332473754883,23.073999404907227,23.32866668701172,23.32866668701172,125970000,7438.10986328125,7526.06982421875,7419.56005859375,7503.68017578125,7503.68017578125,2208870000
2018-06-29,23.55533218383789,23.590667724609375,22.827333450317383,22.86333274841309,22.86333274841309,97386000,7544.1298828125,7573.58984375,7502.9501953125,7510.2998046875,7510.2998046875,2208820000
2018-07-02,24.004667282104492,24.318666458129883,21.989999771118164,22.33799934387207,22.33799934387207,281397000,7451.89990234375,7568.10009765625,7443.10009765625,7567.68994140625,7567.68994140625,1777880000
2018-07-03,22.11666679382324,22.166000366210938,20.645999908447266,20.724000930786133,20.724000930786133,184239000,7593.6298828125,7594.330078125,7498.5,7502.669921875,7502.669921875,1171420000
2018-07-05,20.917333602905273,20.959333419799805,19.74799919128418,20.610666275024418,20.610666275024418,262146000,7550.66015625,7589.18994140625,7511.43017578125,7586.43017578125,7586.43017578125,1754690000
2018-07-06,20.329999923706055,20.80466651916504,20.13333320617676,20.593332290649418,20.593332290649418,132982500,7595.93017578125,7695.81005859375,7588.64990234375,7688.39013671875,7688.39013671875,1718600000
2018-07-09,20.799333572387695,21.23466682434082,20.53333282470703,21.233999252319336,21.233999252319336,113952000,7731.740234375,7757.27978515625,7702.06005859375,7756.2001953125,7756.2001953125,1844440000
2018-07-10,21.63733291625977,21.84533309936523,21.280000686645508,21.49799919128418,21.49799919128418,142072500,7770.6298828125,7777.47998046875,7731.97998046875,7759.2001953125,7759.2001953125,1735230000
2018-07-11,21.053333282470703,21.46266746520996,21.004667282104492,21.263999938964844,21.263999938964844,73261500,7698.509765625,7748.16015625,7696.580078125,7716.60986328125,7716.60986328125,1768480000
2018-07-12,21.428667068481445,21.548667907714844,20.851333618164062,21.11400032043457,21.11400032043457,85818000,7752.7099609375,7825.669921875,7746.759765625,7823.919921875,7823.919921875,1930830000
2018-07-13,21.038667678833008,21.30533218383789,20.61666679382324,21.257999420166016,21.257999420166016,88047000,7827.6201171875,7843.52001953125,7803.33984375,7825.97998046875,7825.97998046875,1727500000
2018-07-16,20.78066635131836,21.01066780090332,20.416667938232425,20.67333221435547,20.67333221435547,117280500,7831.740234375,7838.81982421875,7791.97998046875,7805.72021484375,7805.72021484375,1739360000
2018-07-17,20.58733367919922,21.64933204650879,20.566667556762695,21.512666702270508,21.512666702270508,104943000,7751.97021484375,7867.14990234375,7749.60986328125,7855.1201171875,7855.1201171875,1752210000
2018-07-18,21.666667938232425,21.700000762939453,21.083332061767575,21.59000015258789,21.59000015258789,84363000,7859.43017578125,7863.77001953125,7822.830078125,7854.43994140625,7854.43994140625,1881110000
2018-07-19,21.088666915893555,21.569332122802734,20.93400001525879,21.34866714477539,21.34866714477539,88729500,7829.7998046875,7849.85009765625,7811.14990234375,7825.2998046875,7825.2998046875,1886300000
2018-07-20,21.415332794189453,21.549333572387695,20.78066635131836,20.905332565307617,20.905332565307617,77433000,7843.080078125,7860.25,7815.85986328125,7820.2001953125,7820.2001953125,1796530000
2018-07-23,20.12266731262207,20.36666679382324,19.52400016784668,20.213333129882812,20.213333129882812,164893500,7806.93017578125,7846.759765625,7776.5498046875,7841.8701171875,7841.8701171875,1668270000
2018-07-24,20.294666290283203,20.514667510986328,19.503332138061523,19.82866668701172,19.82866668701172,143862000,7914.35009765625,7928.7900390625,7814.330078125,7840.77001953125,7840.77001953125,2021890000
2018-07-25,19.78266716003418,20.641332626342773,19.63333320617676,20.582666397094727,20.582666397094727,106131000,7839.08984375,7933.31005859375,7838.759765625,7932.240234375,7932.240234375,1943820000
2018-07-26,20.323333740234375,20.713333129882812,20.242666244506836,20.44333267211914,20.44333267211914,69457500,7848.0400390625,7881.2998046875,7834.080078125,7852.18017578125,7852.18017578125,2289370000
2018-07-27,20.483333587646484,20.512666702270508,19.689332962036133,19.812000274658203,19.812000274658203,85549500,7889.75,7889.75,7698.9599609375,7737.419921875,7737.419921875,2193410000
2018-07-30,19.726667404174805,19.739999771118164,19.07533264160156,19.344667434692383,19.344667434692383,102211500,7735.27001953125,7740.259765625,7604.240234375,7630.0,7630.0,2154140000
2018-07-31,19.483333587646484,19.88800048828125,19.271333694458008,19.875999450683594,19.875999450683594,76153500,7654.58984375,7709.490234375,7614.83984375,7671.7900390625,7671.7900390625,2208610000
2018-08-01,19.86599922180176,20.200000762939453,19.53333282470703,20.055999755859375,20.055999755859375,151941000,7701.81982421875,7732.68017578125,7670.7099609375,7707.2900390625,7707.2900390625,2228950000
2018-08-02,21.895999908447266,23.332666397094727,21.54400062561035,23.30266761779785,23.30266761779785,348225000,7659.52001953125,7808.85009765625,7659.52001953125,7802.68994140625,7802.68994140625,2115490000
2018-08-03,23.187332153320312,23.666667938232425,22.8353328704834,23.211332321166992,23.211332321166992,204847500,7819.22998046875,7824.06005859375,7783.2998046875,7812.009765625,7812.009765625,2035870000
2018-08-06,23.03066635131836,23.665332794189453,22.788000106811523,22.799333572387695,22.799333572387695,128464500,7809.5400390625,7859.68017578125,7801.8798828125,7859.68017578125,7859.68017578125,2245300000
2018-08-07,22.922666549682617,25.83066749572754,22.61000061035156,25.30466651916504,25.30466651916504,463137000,7878.6201171875,7898.2001953125,7868.64990234375,7883.66015625,7883.66015625,2206400000
2018-08-08,24.606000900268555,25.50933265686035,24.474666595458984,24.689332962036133,24.689332962036133,368568000,7880.0,7901.68994140625,7864.4599609375,7888.330078125,7888.330078125,2098100000
2018-08-09,24.3700008392334,24.46733283996582,23.048667907714844,23.496667861938477,23.496667861938477,257757000,7886.52001953125,7923.35009765625,7881.06005859375,7891.77978515625,7891.77978515625,2048170000
2018-08-10,23.600000381469727,24.0,23.066667556762695,23.69933319091797,23.69933319091797,173280000,7834.7099609375,7866.18994140625,7818.3701171875,7839.10986328125,7839.10986328125,2107530000
2018-08-13,24.07533264160156,24.21266746520996,23.26799964904785,23.76066780090332,23.76066780090332,156958500,7848.0,7888.66015625,7814.27001953125,7819.7099609375,7819.7099609375,1934100000
2018-08-14,23.89666748046875,23.946666717529297,23.13999938964844,23.176000595092773,23.176000595092773,104796000,7847.8798828125,7878.22998046875,7815.5,7870.89013671875,7870.89013671875,1938840000
2018-08-15,22.79400062561035,22.965999603271484,22.142667770385746,22.57933235168457,22.57933235168457,136519500,7810.02001953125,7832.66015625,7732.68994140625,7774.1201171875,7774.1201171875,2294100000
2018-08-16,22.660667419433594,22.818666458129883,22.254667282104492,22.36333274841309,22.36333274841309,90960000,7826.9501953125,7849.669921875,7795.740234375,7806.52001953125,7806.52001953125,1991410000
2018-08-17,21.566667556762695,21.784666061401367,20.235332489013672,20.36666679382324,20.36666679382324,284379000,7786.64013671875,7830.77978515625,7752.68017578125,7816.330078125,7816.330078125,1850770000
2018-08-20,19.446666717529297,20.566667556762695,19.213333129882812,20.562667846679688,20.562667846679688,261034500,7834.3701171875,7837.14013671875,7787.89990234375,7821.009765625,7821.009765625,1709500000
2018-08-21,20.707332611083984,21.652666091918945,20.600000381469727,21.459999084472656,21.459999084472656,197583000,7840.08984375,7897.68017578125,7836.7900390625,7859.169921875,7859.169921875,1788860000
2018-08-22,21.391332626342773,21.59199905395508,20.97800064086914,21.44266700744629,21.44266700744629,89190000,7844.0400390625,7897.6298828125,7840.83984375,7889.10009765625,7889.10009765625,1669240000
2018-08-23,21.275999069213867,21.821332931518555,21.206666946411133,21.34000015258789,21.34000015258789,77209500,7886.47021484375,7926.31982421875,7866.52978515625,7878.4599609375,7878.4599609375,1888600000
2018-08-24,21.3799991607666,21.59000015258789,21.293333053588867,21.521333694458008,21.521333694458008,54039000,7907.81005859375,7949.7099609375,7907.10009765625,7945.97998046875,7945.97998046875,1892990000
2018-08-27,21.200000762939453,21.496000289916992,20.58733367919922,21.284666061401367,21.284666061401367,196189500,7989.64013671875,8024.93994140625,7976.60009765625,8017.89990234375,8017.89990234375,2333790000
2018-08-28,21.227333068847656,21.2586669921875,20.746000289916992,20.790666580200195,20.790666580200195,114736500,8039.009765625,8046.31005859375,8009.58984375,8030.0400390625,8030.0400390625,1980270000
2018-08-29,20.684667587280273,20.790000915527344,20.246000289916992,20.333999633789062,20.333999633789062,111711000,8044.33984375,8113.56005859375,8042.10009765625,8109.68994140625,8109.68994140625,1909880000
2018-08-30,20.15066719055176,20.30666732788086,19.847999572753903,20.209999084472656,20.209999084472656,108250500,8094.2001953125,8133.2998046875,8069.56982421875,8088.35986328125,8088.35986328125,2022720000
2018-08-31,20.13333320617676,20.354000091552734,19.906667709350582,20.110666275024418,20.110666275024418,80626500,8079.31005859375,8119.81982421875,8079.31005859375,8109.5400390625,8109.5400390625,1906900000
2018-09-04,19.79599952697754,19.87933349609375,19.200000762939453,19.26333236694336,19.26333236694336,125257500,8087.9501953125,8104.06982421875,8042.14013671875,8091.25,8091.25,2238710000
2018-09-05,19.003332138061523,19.118667602539062,18.478666305541992,18.715999603271484,18.715999603271484,115812000,8073.52978515625,8077.83984375,7962.35009765625,7995.169921875,7995.169921875,2602810000
2018-09-06,18.98666763305664,19.411333084106445,18.59199905395508,18.729999542236328,18.729999542236328,112212000,7998.27001953125,8001.97021484375,7885.490234375,7922.72998046875,7922.72998046875,2375380000
2018-09-07,17.34000015258789,17.889999389648438,16.816667556762695,17.549333572387695,17.549333572387695,337378500,7878.7900390625,7962.52978515625,7873.93017578125,7902.5400390625,7902.5400390625,2158930000
2018-09-10,18.21733283996582,19.068666458129883,18.066667556762695,19.03333282470703,19.03333282470703,214252500,7939.56982421875,7945.02978515625,7890.39013671875,7924.16015625,7924.16015625,2055430000
2018-09-11,18.631332397460938,18.799999237060547,18.23666763305664,18.62933349609375,18.62933349609375,137550000,7894.8701171875,7986.31982421875,7880.919921875,7972.47021484375,7972.47021484375,2345080000
2018-09-12,18.762666702270508,19.5,18.57666778564453,19.36933326721191,19.36933326721191,150231000,7958.8701171875,7965.39013671875,7884.0498046875,7954.22998046875,7954.22998046875,2372320000
2018-09-13,19.201332092285156,19.666667938232425,19.011999130249023,19.297332763671875,19.297332763671875,95104500,7999.93017578125,8037.509765625,7989.85009765625,8013.7099609375,8013.7099609375,2332930000
2018-09-14,19.250667572021484,19.82200050354004,19.101333618164062,19.68000030517578,19.68000030517578,101484000,8026.16015625,8040.830078125,7979.77978515625,8010.0400390625,8010.0400390625,2069380000
2018-09-17,19.336000442504883,20.058000564575195,19.208667755126953,19.6560001373291,19.6560001373291,103314000,7992.2099609375,8002.77978515625,7890.06982421875,7895.7900390625,7895.7900390625,2303600000
2018-09-18,19.779333114624023,20.176000595092773,18.36666679382324,18.997333526611328,18.997333526611328,248212500,7903.56982421875,7986.10009765625,7901.009765625,7956.10986328125,7956.10986328125,2328260000
2018-09-19,18.700666427612305,20.0,18.700000762939453,19.934667587280273,19.934667587280273,124423500,7962.5498046875,7976.1201171875,7917.72998046875,7950.0400390625,7950.0400390625,2167720000
2018-09-20,20.237333297729492,20.398666381835938,19.55533218383789,19.8886661529541,19.8886661529541,110241000,7993.52978515625,8039.06005859375,7986.41015625,8028.22998046875,8028.22998046875,2306580000
2018-09-21,19.84666633605957,20.038667678833008,19.691333770751953,19.940000534057617,19.940000534057617,75757500,8041.68994140625,8057.259765625,7979.669921875,7986.9599609375,7986.9599609375,3729890000
2018-09-24,19.898666381835938,20.200000762939453,19.57200050354004,19.978666305541992,19.978666305541992,72645000,7939.3798828125,7997.89990234375,7912.47021484375,7993.25,7993.25,2433260000
2018-09-25,20.0,20.30666732788086,19.766666412353516,20.06599998474121,20.06599998474121,67225500,8001.58984375,8014.1201171875,7979.2900390625,8007.47021484375,8007.47021484375,2328660000
2018-09-26,20.12733268737793,20.926000595092773,20.073999404907227,20.6386661529541,20.6386661529541,117648000,8011.68017578125,8067.02978515625,7982.759765625,7990.3701171875,7990.3701171875,2342370000
2018-09-27,20.86000061035156,20.997333526611328,20.46066665649414,20.501333236694336,20.501333236694336,127636500,8021.22021484375,8071.56005859375,8017.91015625,8041.97021484375,8041.97021484375,2073930000
2018-09-28,18.017332077026367,18.53333282470703,17.37066650390625,17.65133285522461,17.65133285522461,504745500,8024.5,8065.06005859375,8015.8701171875,8046.35009765625,8046.35009765625,2342120000
2018-10-01,20.384666442871097,20.762666702270508,20.06999969482422,20.713333129882812,20.713333129882812,326664000,8091.5,8107.3798828125,8019.77001953125,8037.2998046875,8037.2998046875,2299520000
2018-10-02,20.93000030517578,21.12266731262207,19.94333267211914,20.06800079345703,20.06800079345703,176152500,8024.47021484375,8054.14990234375,7983.990234375,7999.5498046875,7999.5498046875,2416800000
2018-10-03,20.222000122070312,20.30666732788086,19.437999725341797,19.65333366394043,19.65333366394043,119925000,8034.64990234375,8053.93017578125,8012.02978515625,8025.08984375,8025.08984375,3095630000
2018-10-04,19.59666633605957,19.600000381469727,18.511333465576172,18.788667678833008,18.788667678833008,147213000,7993.330078125,7997.169921875,7833.16015625,7879.509765625,7879.509765625,3302690000
2018-10-05,18.309999465942383,18.32533264160156,17.333332061767578,17.463333129882812,17.463333129882812,269167500,7874.759765625,7902.669921875,7715.97021484375,7788.4501953125,7788.4501953125,2699370000
2018-10-08,17.634666442871094,17.85066795349121,16.600000381469727,16.70400047302246,16.70400047302246,202090500,7747.10009765625,7797.31982421875,7654.83984375,7735.9501953125,7735.9501953125,2259300000
2018-10-09,17.016666412353516,17.784666061401367,16.886667251586914,17.520000457763672,17.520000457763672,180909000,7728.509765625,7799.75,7718.9501953125,7738.02001953125,7738.02001953125,2466440000
2018-10-10,17.640666961669922,17.700666427612305,16.51799964904785,17.125333786010742,17.125333786010742,192229500,7694.080078125,7701.2001953125,7420.56005859375,7422.0498046875,7422.0498046875,3111680000
2018-10-11,17.16866683959961,17.483333587646484,16.601999282836914,16.815332412719727,16.815332412719727,122515500,7388.06982421875,7493.2099609375,7274.0400390625,7329.06005859375,7329.06005859375,3154520000
2018-10-12,17.399999618530273,17.465999603271484,16.80066680908203,17.25200080871582,17.25200080871582,108021000,7507.83984375,7516.68994140625,7368.330078125,7496.89013671875,7496.89013671875,2674210000
2018-10-15,17.270666122436523,17.552000045776367,16.96933364868164,17.305999755859375,17.305999755859375,93000000,7473.330078125,7500.93017578125,7400.06982421875,7430.740234375,7430.740234375,2167000000
2018-10-16,17.713333129882812,18.492000579833984,17.482667922973633,18.439332962036133,18.439332962036133,142896000,7501.77978515625,7658.14013671875,7493.43994140625,7645.490234375,7645.490234375,2639760000
2018-10-17,18.82666778564453,18.84666633605957,17.719999313354492,18.118667602539062,18.118667602539062,129832500,7669.259765625,7670.490234375,7563.08984375,7642.7001953125,7642.7001953125,2385070000
2018-10-18,17.952667236328125,18.066667556762695,17.53333282470703,17.5939998626709,17.5939998626709,81318000,7616.47021484375,7616.85986328125,7452.4599609375,7485.14013671875,7485.14013671875,2567980000
2018-10-19,17.826000213623047,17.977333068847656,16.899999618530273,17.333332061767578,17.333332061767578,140632500,7530.16015625,7582.89013671875,7428.2998046875,7449.02978515625,7449.02978515625,2547790000
2018-10-22,17.3786678314209,17.457332611083984,16.839332580566406,17.39666748046875,17.39666748046875,84004500,7486.740234375,7520.5400390625,7424.740234375,7468.6298828125,7468.6298828125,2301010000
2018-10-23,17.591333389282227,19.86199951171875,17.47333335876465,19.60933303833008,19.60933303833008,285417000,7328.5498046875,7472.580078125,7260.1298828125,7437.5400390625,7437.5400390625,2752010000
2018-10-24,20.06999969482422,20.29599952697754,19.048667907714844,19.233333587646484,19.233333587646484,300874500,7423.2099609375,7435.68994140625,7099.0,7108.39990234375,7108.39990234375,2959560000
2018-10-25,21.14800071716309,21.399999618530273,20.067333221435547,20.99066734313965,20.99066734313965,312610500,7197.490234375,7364.81982421875,7178.5400390625,7318.33984375,7318.33984375,2788090000
2018-10-26,20.549999237060547,22.65999984741211,20.44333267211914,22.059999465942383,22.059999465942383,411382500,7125.18017578125,7283.31982421875,7057.0,7167.2099609375,7167.2099609375,2971530000
2018-10-29,22.49799919128418,23.143999099731445,21.766666412353516,22.323333740234375,22.323333740234375,217290000,7272.419921875,7295.60986328125,6922.830078125,7050.2900390625,7050.2900390625,2711900000
2018-10-30,21.892667770385746,22.52666664123535,21.483999252319336,21.99333381652832,21.99333381652832,136900500,7017.8701171875,7166.83984375,7001.47998046875,7161.64990234375,7161.64990234375,2699220000
2018-10-31,22.16933250427246,22.799999237060547,21.940000534057617,22.488000869750977,22.488000869750977,114364500,7276.6201171875,7368.490234375,7270.6298828125,7305.89990234375,7305.89990234375,2918880000
2018-11-01,22.55066680908203,23.189332962036133,22.315332412719727,22.95199966430664,22.95199966430664,120001500,7327.81982421875,7435.8798828125,7286.5,7434.06005859375,7434.06005859375,2728760000
2018-11-02,22.916000366210938,23.280000686645508,22.727333068847656,23.0939998626709,23.0939998626709,117120000,7424.02001953125,7466.52978515625,7298.68017578125,7356.990234375,7356.990234375,2899670000
2018-11-05,22.700000762939453,22.930667877197266,22.00933265686035,22.760000228881836,22.760000228881836,117465000,7344.080078125,7349.22998046875,7255.8798828125,7328.85009765625,7328.85009765625,2186310000
2018-11-06,22.60466766357422,23.253332138061523,22.4060001373291,22.737333297729492,22.737333297729492,101443500,7326.06982421875,7400.64013671875,7320.89013671875,7375.9599609375,7375.9599609375,2300920000
2018-11-07,22.889333724975582,23.41200065612793,22.719999313354492,23.21066665649414,23.21066665649414,110617500,7446.08984375,7572.93017578125,7435.8701171875,7570.75,7570.75,2687410000
2018-11-08,23.233333587646484,23.838666915893555,23.229333877563477,23.426666259765625,23.426666259765625,106360500,7544.169921875,7566.93017578125,7499.7099609375,7530.8798828125,7530.8798828125,2475160000
2018-11-09,23.266666412353516,23.600000381469727,23.01533317565918,23.367332458496097,23.367332458496097,76482000,7468.509765625,7474.33984375,7349.47998046875,7406.89990234375,7406.89990234375,2426750000
2018-11-12,23.224666595458984,23.318666458129883,22.022666931152344,22.0853328704834,22.0853328704834,104122500,7364.0498046875,7371.08984375,7193.77001953125,7200.8701171875,7200.8701171875,2305340000
2018-11-13,22.21066665649414,22.979999542236328,22.14666748046875,22.582000732421875,22.582000732421875,81729000,7230.68994140625,7319.1201171875,7182.85986328125,7200.8701171875,7200.8701171875,2361240000
2018-11-14,22.84666633605957,23.14066696166992,22.476667404174805,22.933332443237305,22.933332443237305,75604500,7265.39013671875,7285.56982421875,7101.169921875,7136.39013671875,7136.39013671875,2566210000
2018-11-15,22.82200050354004,23.238666534423828,22.6026668548584,23.229333877563477,23.229333877563477,69385500,7112.830078125,7274.259765625,7072.35986328125,7259.02978515625,7259.02978515625,2523500000
2018-11-16,23.012666702270508,23.713333129882812,23.007999420166016,23.62066650390625,23.62066650390625,108093000,7193.60009765625,7274.85986328125,7171.7001953125,7247.8701171875,7247.8701171875,2466980000
2018-11-19,23.756000518798828,24.450000762939453,23.525333404541016,23.564666748046875,23.564666748046875,145633500,7217.240234375,7224.1201171875,7011.39990234375,7028.47998046875,7028.47998046875,2381430000
2018-11-20,22.78333282470703,23.31999969482422,22.23666763305664,23.166000366210938,23.166000366210938,120070500,6867.43017578125,6994.75,6830.759765625,6908.81982421875,6908.81982421875,2672250000
2018-11-21,23.46666717529297,23.540000915527344,22.49333381652832,22.54599952697754,22.54599952697754,70302000,6985.509765625,7029.93017578125,6951.6201171875,6972.25,6972.25,1867840000
2018-11-23,22.290000915527344,22.5,21.703332901000977,21.722000122070312,21.722000122070312,63039000,6919.52001953125,6987.89013671875,6919.16015625,6938.97998046875,6938.97998046875,958950000
2018-11-26,21.666667938232425,23.08133316040039,21.666667938232425,23.066667556762695,23.066667556762695,119881500,7026.5,7083.93017578125,7003.1201171875,7081.85009765625,7081.85009765625,2036910000
2018-11-27,22.670000076293945,23.13066673278809,22.36666679382324,22.92799949645996,22.92799949645996,95374500,7041.22998046875,7105.14013671875,7014.35986328125,7082.7001953125,7082.7001953125,2076790000
2018-11-28,23.06599998474121,23.218666076660156,22.81399917602539,23.191333770751953,23.191333770751953,61914000,7135.080078125,7292.7099609375,7090.97998046875,7291.58984375,7291.58984375,2413120000
2018-11-29,23.13333320617676,23.166667938232425,22.63666725158691,22.744667053222656,22.744667053222656,46210500,7267.3701171875,7319.9599609375,7217.68994140625,7273.080078125,7273.080078125,2018190000
2018-11-30,22.788667678833008,23.440000534057617,22.55066680908203,23.365333557128903,23.365333557128903,84436500,7279.2998046875,7332.7900390625,7255.68017578125,7330.5400390625,7330.5400390625,2547970000
2018-12-03,24.0,24.399999618530273,23.46666717529297,23.89933204650879,23.89933204650879,124597500,7486.1298828125,7486.509765625,7392.22021484375,7441.509765625,7441.509765625,2643150000
2018-12-04,23.73666763305664,24.57866668701172,23.46666717529297,23.979999542236328,23.979999542236328,126928500,7407.9501953125,7421.10986328125,7150.10986328125,7158.43017578125,7158.43017578125,2655720000
2018-12-06,23.733999252319336,24.492000579833984,23.38400077819824,24.20400047302246,24.20400047302246,117637500,7017.0498046875,7189.52001953125,6984.33984375,7188.259765625,7188.259765625,2857650000
2018-12-07,24.600000381469727,25.299333572387695,23.843332290649418,23.864667892456055,23.864667892456055,172668000,7163.490234375,7205.3701171875,6945.27001953125,6969.25,6969.25,2504680000
2018-12-10,24.0,24.398666381835938,23.541332244873047,24.343332290649418,24.343332290649418,99202500,6959.6298828125,7047.6201171875,6878.990234375,7020.52001953125,7020.52001953125,2380270000
2018-12-11,24.660667419433594,24.81133270263672,24.01533317565918,24.450666427612305,24.450666427612305,94632000,7121.66015625,7129.830078125,6983.009765625,7031.830078125,7031.830078125,2286810000
2018-12-12,24.628000259399418,24.79400062561035,24.3439998626709,24.440000534057617,24.440000534057617,75405000,7127.0,7197.2900390625,7096.56005859375,7098.31005859375,7098.31005859375,2427080000
2018-12-13,24.676666259765625,25.16266632080078,24.450000762939453,25.11933326721191,25.11933326721191,110488500,7135.27978515625,7154.64013671875,7034.81982421875,7070.330078125,7070.330078125,2162210000
2018-12-14,25.0,25.191333770751953,24.288667678833008,24.38066673278809,24.38066673278809,95064000,6986.3701171875,7027.169921875,6898.990234375,6910.66015625,6910.66015625,2218330000
2018-12-17,24.13333320617676,24.3799991607666,22.92533302307129,23.22800064086914,23.22800064086914,115110000,6886.4599609375,6931.81005859375,6710.009765625,6753.72998046875,6753.72998046875,2697400000
2018-12-18,23.36933326721191,23.43666648864746,22.246000289916992,22.468666076660156,22.468666076660156,106500000,6809.81982421875,6847.27001953125,6733.7099609375,6783.91015625,6783.91015625,2623270000
2018-12-19,22.50666618347168,23.13400077819824,21.982667922973633,22.197999954223633,22.197999954223633,124113000,6777.58984375,6868.85986328125,6586.5,6636.830078125,6636.830078125,2919140000
2018-12-20,21.803333282470703,22.019332885742188,20.791332244873047,21.025333404541016,21.025333404541016,136078500,6607.759765625,6666.2001953125,6447.91015625,6528.41015625,6528.41015625,3282440000
2018-12-21,21.15999984741211,21.564666748046875,20.82933235168457,21.31800079345703,21.31800079345703,120252000,6573.490234375,6586.68017578125,6304.6298828125,6332.990234375,6332.990234375,4571670000
2018-12-24,20.899999618530273,20.96666717529297,19.68000030517578,19.69266700744629,19.69266700744629,83398500,6278.490234375,6355.18017578125,6190.169921875,6192.919921875,6192.919921875,1647440000
2018-12-26,20.0,21.79800033569336,19.606000900268555,21.73933219909668,21.73933219909668,122446500,6257.85986328125,6555.52978515625,6214.33984375,6554.35986328125,6554.35986328125,2572890000
2018-12-27,21.32266616821289,21.47800064086914,20.100000381469727,21.07533264160156,21.07533264160156,128626500,6457.18994140625,6583.009765625,6336.97021484375,6579.490234375,6579.490234375,2449110000
2018-12-28,21.540000915527344,22.416000366210938,21.227333068847656,22.257999420166016,22.257999420166016,149085000,6616.7900390625,6684.18017578125,6529.22021484375,6584.52001953125,6584.52001953125,2216250000
2018-12-31,22.519332885742188,22.61400032043457,21.68400001525879,22.18666648864746,22.18666648864746,94534500,6649.52001953125,6659.9599609375,6570.06005859375,6635.27978515625,6635.27978515625,2109320000
2019-01-02,20.406667709350582,21.0086669921875,19.920000076293945,20.67466735839844,20.67466735839844,174879000,6506.91015625,6693.7099609375,6506.8798828125,6665.93994140625,6665.93994140625,2261800000
2019-01-03,20.46666717529297,20.62666702270508,19.82533264160156,20.02400016784668,20.02400016784668,104478000,6584.77001953125,6600.2099609375,6457.1298828125,6463.5,6463.5,2631550000
2019-01-04,20.399999618530273,21.200000762939453,20.18199920654297,21.179332733154297,21.179332733154297,110911500,6567.14013671875,6760.68994140625,6554.240234375,6738.85986328125,6738.85986328125,2596150000
2019-01-07,21.447999954223633,22.44933319091797,21.183332443237305,22.33066749572754,22.33066749572754,113268000,6757.52978515625,6855.60009765625,6741.39990234375,6823.47021484375,6823.47021484375,2523450000
2019-01-08,22.797332763671875,22.93400001525879,21.801332473754883,22.356666564941406,22.356666564941406,105127500,6893.43994140625,6909.580078125,6795.85986328125,6897.0,6897.0,2407340000
2019-01-09,22.36666679382324,22.899999618530273,22.097999572753903,22.568666458129883,22.568666458129883,81493500,6923.06005859375,6985.22021484375,6899.56005859375,6957.080078125,6957.080078125,2434500000
2019-01-10,22.293333053588867,23.025999069213867,22.11933326721191,22.99799919128418,22.99799919128418,90846000,6908.64990234375,6991.3701171875,6877.080078125,6986.06982421875,6986.06982421875,2190110000
2019-01-11,22.805999755859375,23.227333068847656,22.584667205810547,23.15066719055176,23.15066719055176,75586500,6947.4599609375,6975.64990234375,6933.60009765625,6971.47998046875,6971.47998046875,2074310000
2019-01-14,22.82533264160156,22.833332061767575,22.266666412353516,22.293333053588867,22.293333053588867,78709500,6908.02978515625,6936.22021484375,6887.47998046875,6905.919921875,6905.919921875,1960780000
2019-01-15,22.333332061767575,23.253332138061523,22.299999237060547,22.961999893188477,22.961999893188477,90849000,6931.39013671875,7025.85009765625,6928.1201171875,7023.830078125,7023.830078125,2066090000
2019-01-16,22.985332489013672,23.46666717529297,22.899999618530273,23.06999969482422,23.06999969482422,70375500,7033.75,7079.6298828125,7028.1201171875,7034.68994140625,7034.68994140625,2163730000
2019-01-17,23.08066749572754,23.433332443237305,22.94333267211914,23.15399932861328,23.15399932861328,55150500,7010.1298828125,7113.9501953125,7003.6201171875,7084.4599609375,7084.4599609375,2149280000
2019-01-18,21.53333282470703,21.808666229248047,19.98200035095215,20.15066719055176,20.15066719055176,362262000,7134.10009765625,7185.3798828125,7096.6201171875,7157.22998046875,7157.22998046875,2459920000
2019-01-22,20.321332931518555,20.53333282470703,19.700000762939453,19.92799949645996,19.92799949645996,181000500,7109.56982421875,7110.16015625,6979.81005859375,7020.35986328125,7020.35986328125,2397660000
2019-01-23,19.5,19.63333320617676,18.779333114624023,19.172666549682617,19.172666549682617,187950000,7061.64990234375,7084.85009765625,6953.22998046875,7025.77001953125,7025.77001953125,2288090000
2019-01-24,18.868667602539062,19.57866668701172,18.618667602539062,19.43400001525879,19.43400001525879,120183000,7042.25,7078.9599609375,7029.9501953125,7073.4599609375,7073.4599609375,2419110000
2019-01-25,19.625999450683594,19.90133285522461,19.303333282470703,19.80266761779785,19.80266761779785,108744000,7128.18017578125,7174.56005859375,7111.08984375,7164.85986328125,7164.85986328125,2446550000
2019-01-28,19.527332305908203,19.83066749572754,19.183332443237305,19.7586669921875,19.7586669921875,96349500,7075.009765625,7086.2998046875,7034.25,7085.68017578125,7085.68017578125,2448790000
2019-01-29,19.684667587280273,19.90399932861328,19.453332901000977,19.83066749572754,19.83066749572754,69325500,7087.490234375,7092.2900390625,7011.47021484375,7028.2900390625,7028.2900390625,2106370000
2019-01-30,20.030000686645508,20.600000381469727,19.89933204650879,20.584667205810547,20.584667205810547,168754500,7094.7900390625,7201.31005859375,7065.56982421875,7183.080078125,7183.080078125,2569410000
2019-01-31,20.066667556762695,20.770666122436523,19.600000381469727,20.468000411987305,20.468000411987305,188538000,7208.169921875,7303.1201171875,7205.9501953125,7281.740234375,7281.740234375,2947490000
2019-02-01,20.3613338470459,21.073333740234375,20.233333587646484,20.81399917602539,20.81399917602539,109251000,7256.3701171875,7299.93994140625,7243.41015625,7263.8701171875,7263.8701171875,2398800000
2019-02-04,20.865333557128903,21.020000457763672,20.125333786010746,20.85933303833008,20.85933303833008,110281500,7266.27978515625,7348.22998046875,7261.06982421875,7347.5400390625,7347.5400390625,2106030000
2019-02-05,20.832666397094727,21.496000289916992,20.816667556762695,21.42333221435547,21.42333221435547,101142000,7356.33984375,7408.68017578125,7355.35986328125,7402.080078125,7402.080078125,2284960000
2019-02-06,21.305999755859375,21.61599922180176,21.041332244873047,21.14800071716309,21.14800071716309,75577500,7400.43994140625,7410.77001953125,7346.72021484375,7375.27978515625,7375.27978515625,2179400000
2019-02-07,20.88666725158691,20.979999542236328,20.200000762939453,20.500667572021484,20.500667572021484,97809000,7316.5,7336.740234375,7235.0498046875,7288.35009765625,7288.35009765625,2310700000
2019-02-08,20.455333709716797,20.496667861938477,19.899999618530273,20.38666725158691,20.38666725158691,87663000,7232.2998046875,7299.43994140625,7225.14013671875,7298.2001953125,7298.2001953125,2102520000
2019-02-11,20.773332595825195,21.239999771118164,20.700000762939453,20.856000900268555,20.856000900268555,106945500,7327.3701171875,7343.56005859375,7290.02978515625,7307.89990234375,7307.89990234375,1908490000
2019-02-12,21.079999923706055,21.21266746520996,20.641332626342773,20.78733253479004,20.78733253479004,82764000,7358.85009765625,7419.43017578125,7349.7998046875,7414.6201171875,7414.6201171875,2140130000
2019-02-13,20.823333740234375,20.850000381469727,20.3713321685791,20.544666290283203,20.544666290283203,77124000,7437.4599609375,7461.66015625,7413.83984375,7420.3798828125,7420.3798828125,2103840000
2019-02-14,20.225332260131836,20.451332092285156,20.066667556762695,20.251333236694336,20.251333236694336,78012000,7390.25,7454.419921875,7375.7099609375,7426.9501953125,7426.9501953125,2117500000
2019-02-15,20.299999237060547,20.53333282470703,20.260000228881836,20.525333404541016,20.525333404541016,58573500,7468.56982421875,7477.27978515625,7440.259765625,7472.41015625,7472.41015625,2263640000
2019-02-19,20.437332153320312,20.769332885742188,20.364667892456055,20.375999450683594,20.375999450683594,62526000,7450.75,7507.7900390625,7450.27001953125,7486.77001953125,7486.77001953125,2124140000
2019-02-20,20.29400062561035,20.420000076293945,19.933332443237305,20.17066764831543,20.17066764831543,107131500,7490.31005859375,7513.7001953125,7455.25,7489.06982421875,7489.06982421875,2202670000
2019-02-21,20.12066650390625,20.215999603271484,19.36666679382324,19.415332794189453,19.415332794189453,133638000,7475.41015625,7485.75,7430.89013671875,7459.7099609375,7459.7099609375,2144680000
2019-02-22,19.632667541503903,19.766666412353516,19.47333335876465,19.6473331451416,19.6473331451416,86109000,7481.6298828125,7527.5400390625,7479.009765625,7527.5400390625,7527.5400390625,2428560000
2019-02-25,19.860666275024418,20.19333267211914,19.799999237060547,19.917999267578125,19.917999267578125,99397500,7585.2998046875,7602.68994140625,7551.60986328125,7554.4599609375,7554.4599609375,2399410000
2019-02-26,19.481332778930664,20.13400077819824,19.251333236694336,19.857332229614254,19.857332229614254,128737500,7535.2900390625,7573.22021484375,7524.31005859375,7549.2998046875,7549.2998046875,2305760000
2019-02-27,20.118667602539062,21.086666107177734,20.036666870117188,20.982667922973633,20.982667922973633,167758500,7526.419921875,7562.2900390625,7485.39013671875,7554.509765625,7554.509765625,2430790000
2019-02-28,21.261333465576172,21.333332061767575,20.720666885375977,21.32533264160156,21.32533264160156,157810500,7533.31005859375,7561.89990234375,7516.47998046875,7532.52978515625,7532.52978515625,2676790000
2019-03-01,20.46266746520996,20.475332260131836,19.459999084472656,19.652666091918945,19.652666091918945,343671000,7587.4501953125,7603.0400390625,7540.75,7595.35009765625,7595.35009765625,2490920000
2019-03-04,19.874666213989254,19.933332443237305,18.85199928283691,19.02400016784668,19.02400016784668,256452000,7636.6201171875,7643.66015625,7501.56005859375,7577.56982421875,7577.56982421875,2582090000
2019-03-05,18.799999237060547,18.933332443237305,18.00666618347168,18.43600082397461,18.43600082397461,281470500,7582.2900390625,7598.66015625,7543.5400390625,7576.35986328125,7576.35986328125,2166670000
2019-03-06,18.43199920654297,18.767332077026367,18.292667388916016,18.416000366210938,18.416000366210938,155032500,7575.3798828125,7579.02001953125,7499.8701171875,7505.919921875,7505.919921875,2256550000
2019-03-07,18.589332580566406,18.979999542236328,18.28333282470703,18.439332962036133,18.439332962036133,141637500,7483.7900390625,7489.080078125,7397.18994140625,7421.4599609375,7421.4599609375,2462690000
2019-03-08,18.46066665649414,19.03933334350586,18.392667770385746,18.94266700744629,18.94266700744629,132294000,7334.35009765625,7411.52001953125,7332.919921875,7408.14013671875,7408.14013671875,2260950000
2019-03-11,18.90133285522461,19.41866683959961,18.700000762939453,19.39466667175293,19.39466667175293,110884500,7442.56005859375,7558.22998046875,7442.39990234375,7558.06005859375,7558.06005859375,2248460000
2019-03-12,19.09933280944824,19.204666137695312,18.737333297729492,18.89066696166992,18.89066696166992,112561500,7571.85009765625,7611.1298828125,7560.4599609375,7591.02978515625,7591.02978515625,2171620000
2019-03-13,18.926666259765625,19.465999603271484,18.84666633605957,19.263999938964844,19.263999938964844,102670500,7621.3798828125,7677.06982421875,7619.4599609375,7643.41015625,7643.41015625,2379260000
2019-03-14,19.496667861938477,19.69266700744629,19.21933364868164,19.33066749572754,19.33066749572754,106551000,7644.7900390625,7653.10009765625,7627.02001953125,7630.91015625,7630.91015625,2198900000
2019-03-15,18.90066719055176,18.9146671295166,18.293333053588867,18.36199951171875,18.36199951171875,221782500,7658.41015625,7714.9599609375,7652.0400390625,7688.52978515625,7688.52978515625,3451860000
2019-03-18,18.399999618530273,18.536666870117188,17.81999969482422,17.965999603271484,17.965999603271484,154215000,7696.3798828125,7737.669921875,7677.740234375,7714.47998046875,7714.47998046875,2302140000
2019-03-19,17.833332061767578,18.219999313354492,17.56399917602539,17.83133316040039,17.83133316040039,177009000,7747.39990234375,7767.89013671875,7699.14990234375,7723.9501953125,7723.9501953125,2457920000
2019-03-20,17.979333877563477,18.33133316040039,17.753332138061523,18.239999771118164,18.239999771118164,103623000,7721.9501953125,7779.240234375,7674.0400390625,7728.97021484375,7728.97021484375,2464230000
2019-03-21,18.17333221435547,18.43000030517578,17.89666748046875,18.26799964904785,18.26799964904785,89206500,7705.43017578125,7850.10986328125,7705.43017578125,7838.9599609375,7838.9599609375,2502810000
2019-03-22,18.17200088500977,18.18666648864746,17.600000381469727,17.635332107543945,17.635332107543945,131184000,7800.25,7817.830078125,7642.56982421875,7642.669921875,7642.669921875,2504740000
2019-03-25,17.31399917602539,17.545333862304688,16.964000701904297,17.3613338470459,17.3613338470459,153225000,7618.97998046875,7662.3798828125,7579.2900390625,7637.5400390625,7637.5400390625,2162490000
2019-03-26,17.62933349609375,18.017332077026367,17.6286678314209,17.851333618164062,17.851333618164062,110263500,7700.0,7738.169921875,7649.2099609375,7691.52001953125,7691.52001953125,2080350000
2019-03-27,17.916667938232422,18.357999801635746,17.8786678314209,18.32200050354004,18.32200050354004,131688000,7702.0498046875,7712.83984375,7582.08984375,7643.3798828125,7643.3798828125,2244070000
2019-03-28,18.477333068847656,18.68866729736328,18.34000015258789,18.57466697692871,18.57466697692871,101611500,7660.06982421875,7689.16015625,7619.81982421875,7669.169921875,7669.169921875,1922150000
2019-03-29,18.579999923706055,18.67733383178711,18.299999237060547,18.65733337402344,18.65733337402344,89869500,7726.7099609375,7733.6201171875,7688.509765625,7729.31982421875,7729.31982421875,2311790000
2019-04-01,18.841333389282227,19.280000686645508,18.75200080871582,19.278667449951172,19.278667449951172,121656000,7800.240234375,7831.4501953125,7777.08984375,7828.91015625,7828.91015625,2230050000
2019-04-02,19.219999313354492,19.29599952697754,18.92533302307129,19.058666229248047,19.058666229248047,82183500,7824.60986328125,7854.919921875,7811.27978515625,7848.68994140625,7848.68994140625,2123250000
2019-04-03,19.15466690063477,19.744667053222656,19.14466667175293,19.45400047302246,19.45400047302246,118791000,7891.18017578125,7938.259765625,7870.89990234375,7895.5498046875,7895.5498046875,2509630000
2019-04-04,17.459333419799805,18.079999923706055,17.37266731262207,17.851999282836914,17.851999282836914,355810500,7894.259765625,7917.64990234375,7844.9599609375,7891.77978515625,7891.77978515625,2152640000
2019-04-05,17.99066734313965,18.406667709350582,17.74066734313965,18.33066749572754,18.33066749572754,195574500,7914.509765625,7940.4501953125,7909.14013671875,7938.68994140625,7938.68994140625,2157050000
2019-04-08,18.512666702270508,18.743999481201172,18.029333114624023,18.213333129882812,18.213333129882812,156156000,7924.89013671875,7955.89990234375,7891.85009765625,7953.8798828125,7953.8798828125,2075550000
2019-04-09,18.11000061035156,18.333332061767575,17.974000930786133,18.15399932861328,18.15399932861328,88560000,7924.77001953125,7945.5498046875,7897.60986328125,7909.27978515625,7909.27978515625,2078800000
2019-04-10,18.44933319091797,18.558666229248047,18.19266700744629,18.40399932861328,18.40399932861328,105919500,7922.72998046875,7965.330078125,7916.89990234375,7964.240234375,7964.240234375,2012290000
2019-04-11,17.886667251586914,18.03333282470703,17.706666946411133,17.89466667175293,17.89466667175293,147538500,7975.2001953125,7975.2001953125,7933.41015625,7947.35986328125,7947.35986328125,1969480000
2019-04-12,18.014667510986328,18.1299991607666,17.788667678833008,17.84666633605957,17.84666633605957,101190000,7984.14990234375,7992.08984375,7952.60986328125,7984.16015625,7984.16015625,1968900000
2019-04-15,17.908666610717773,17.92533302307129,17.242000579833984,17.7586669921875,17.7586669921875,150579000,7987.16015625,7993.330078125,7933.56982421875,7976.009765625,7976.009765625,1827710000
2019-04-16,17.71666717529297,18.333332061767575,17.648000717163086,18.224000930786133,18.224000930786133,109093500,8000.56982421875,8017.56005859375,7978.81005859375,8000.22998046875,8000.22998046875,2102740000
2019-04-17,18.316667556762695,18.319332122802734,17.902666091918945,18.082000732421875,18.082000732421875,76897500,8044.97021484375,8052.39990234375,7973.3798828125,7996.080078125,7996.080078125,2317330000
2019-04-18,18.082000732421875,18.32266616821289,17.983333587646484,18.21733283996582,18.21733283996582,88144500,7998.4501953125,8002.31005859375,7950.97021484375,7998.06005859375,7998.06005859375,2124630000
2019-04-22,17.933332443237305,17.978666305541992,17.498666763305664,17.516666412353516,17.516666412353516,182206500,7969.3701171875,8017.14990234375,7965.89990234375,8015.27001953125,8015.27001953125,1790990000
2019-04-23,17.343332290649414,17.706666946411133,17.049999237060547,17.593332290649414,17.593332290649414,164158500,8026.75,8128.8701171875,8023.81005859375,8120.81982421875,8120.81982421875,2099410000
2019-04-24,17.59000015258789,17.687999725341797,17.200000762939453,17.243999481201172,17.243999481201172,160912500,8122.8798828125,8139.5498046875,8101.7001953125,8102.009765625,8102.009765625,2043310000
2019-04-25,17.0,17.266666412353516,16.404666900634766,16.5086669921875,16.5086669921875,327741000,8150.85009765625,8151.83984375,8075.41015625,8118.68017578125,8118.68017578125,2073370000
2019-04-26,16.433332443237305,16.44533348083496,15.408666610717772,15.675999641418455,15.675999641418455,335410500,8100.27978515625,8146.419921875,8060.89013671875,8146.39990234375,8146.39990234375,1982560000
2019-04-29,15.723999977111816,16.26533317565918,15.477999687194824,16.097999572753906,16.097999572753906,250717500,8147.64990234375,8176.080078125,8136.41015625,8161.85009765625,8161.85009765625,1781860000
2019-04-30,16.137332916259766,16.28066635131836,15.800000190734863,15.912667274475098,15.912667274475098,141969000,8104.91015625,8124.60986328125,8050.5498046875,8095.39013671875,8095.39013671875,2131850000
2019-05-01,15.923333168029783,16.0,15.43333339691162,15.600666999816896,15.600666999816896,160566000,8132.93017578125,8146.0,8048.22998046875,8049.64013671875,8049.64013671875,2273540000
2019-05-02,16.368000030517578,16.475332260131836,15.847999572753906,16.273332595825195,16.273332595825195,272389500,8046.47998046875,8094.06005859375,7976.77001953125,8036.77001953125,8036.77001953125,2211530000
2019-05-03,16.257333755493164,17.107332229614258,16.232667922973633,17.00200080871582,17.00200080871582,355602000,8092.8798828125,8164.7099609375,8084.7998046875,8164.0,8164.0,2081080000
2019-05-06,16.667999267578125,17.22333335876465,16.566667556762695,17.022666931152344,17.022666931152344,162508500,7981.85009765625,8135.5400390625,7981.85009765625,8123.2900390625,8123.2900390625,1979650000
2019-05-07,17.1200008392334,17.1473331451416,16.34000015258789,16.470666885375977,16.470666885375977,151971000,8043.52001953125,8070.97021484375,7899.02001953125,7963.759765625,7963.759765625,2397600000
2019-05-08,16.46266746520996,16.706666946411133,16.280000686645508,16.32266616821289,16.32266616821289,92646000,7946.240234375,8004.490234375,7923.35009765625,7943.31982421875,7943.31982421875,2214680000
2019-05-09,16.133333206176758,16.245332717895508,15.79599952697754,16.131999969482422,16.131999969482422,100671000,7853.2099609375,7929.77978515625,7796.16015625,7910.58984375,7910.58984375,2549500000
2019-05-10,15.983332633972168,16.132667541503906,15.73466682434082,15.968000411987305,15.968000411987305,105124500,7881.31005859375,7949.33984375,7759.33984375,7916.93994140625,7916.93994140625,2421470000
2019-05-13,15.46733283996582,15.498000144958496,14.966667175292969,15.133999824523926,15.133999824523926,162522000,7720.06982421875,7760.830078125,7627.22021484375,7647.02001953125,7647.02001953125,2484820000
2019-05-14,15.286666870117188,15.633333206176758,15.199999809265137,15.487333297729492,15.487333297729492,108786000,7689.66015625,7776.2001953125,7665.2998046875,7734.490234375,7734.490234375,2103140000
2019-05-15,15.288000106811523,15.496000289916992,15.016667366027832,15.463333129882812,15.463333129882812,109440000,7682.7998046875,7838.72021484375,7682.240234375,7822.14990234375,7822.14990234375,2014080000
2019-05-16,15.29933261871338,15.399999618530272,15.100000381469728,15.222000122070312,15.222000122070312,112249500,7832.580078125,7946.22998046875,7826.669921875,7898.0498046875,7898.0498046875,2168720000
2019-05-17,14.797332763671877,14.815999984741213,13.928000450134276,14.0686674118042,14.0686674118042,266800500,7829.02978515625,7918.7099609375,7810.35009765625,7816.27978515625,7816.27978515625,2176380000
2019-05-20,13.520000457763672,13.733332633972168,13.016667366027832,13.690667152404783,13.690667152404783,307893000,7714.06005859375,7747.27001953125,7678.35009765625,7702.3798828125,7702.3798828125,2130700000
2019-05-21,13.184000015258787,13.826666831970217,13.06933307647705,13.67199993133545,13.67199993133545,270058500,7765.56982421875,7804.43994140625,7752.919921875,7785.72021484375,7785.72021484375,2000130000
2019-05-22,13.273332595825195,13.595999717712402,12.785332679748535,12.84866714477539,12.84866714477539,280278000,7749.7998046875,7786.330078125,7738.35009765625,7750.83984375,7750.83984375,1884660000
2019-05-23,12.956000328063965,13.29800033569336,12.414667129516602,13.03266716003418,13.03266716003418,398206500,7660.72021484375,7665.14990234375,7585.31982421875,7628.27978515625,7628.27978515625,2270530000
2019-05-24,13.321999549865724,13.33199977874756,12.583333015441896,12.708666801452637,12.708666801452637,212049000,7675.56982421875,7694.14990234375,7631.25,7637.009765625,7637.009765625,1685230000
2019-05-28,12.74666690826416,13.0,12.523332595825195,12.579999923706056,12.579999923706056,154693500,7655.66015625,7693.740234375,7603.759765625,7607.35009765625,7607.35009765625,2378470000
2019-05-29,12.473333358764648,12.826000213623049,12.336000442504885,12.657333374023438,12.657333374023438,179529000,7553.02001953125,7581.10986328125,7503.93994140625,7547.31005859375,7547.31005859375,2282120000
2019-05-30,12.583333015441896,12.817333221435549,12.468000411987305,12.54800033569336,12.54800033569336,118897500,7565.4599609375,7595.89990234375,7527.66015625,7567.72021484375,7567.72021484375,1875180000
2019-05-31,12.34000015258789,12.661333084106444,12.273332595825195,12.343999862670898,12.343999862670898,156100500,7470.9501953125,7506.85986328125,7448.22998046875,7453.14990234375,7453.14990234375,2239420000
2019-06-03,12.36733341217041,12.445332527160645,11.79933261871338,11.9313325881958,11.9313325881958,195966000,7441.2099609375,7457.66015625,7292.22021484375,7333.02001953125,7333.02001953125,2580670000
2019-06-04,12.07333278656006,12.932000160217283,11.973999977111816,12.90666675567627,12.90666675567627,207112500,7413.93994140625,7529.5,7385.02001953125,7527.1201171875,7527.1201171875,2374130000
2019-06-05,13.245332717895508,13.41866683959961,12.789999961853027,13.105999946594238,13.105999946594238,202662000,7585.68017578125,7589.47021484375,7498.169921875,7575.47998046875,7575.47998046875,2139290000
2019-06-06,13.629332542419434,14.06666660308838,13.453332901000977,13.729999542236328,13.729999542236328,303633000,7582.240234375,7634.1201171875,7546.22021484375,7615.5498046875,7615.5498046875,2093470000
2019-06-07,13.666666984558104,14.055999755859377,13.56666660308838,13.633333206176758,13.633333206176758,240052500,7652.97021484375,7767.02001953125,7647.91015625,7742.10009765625,7742.10009765625,2074120000
2019-06-10,14.016667366027832,14.46266746520996,13.934000015258787,14.19200038909912,14.19200038909912,158775000,7798.8701171875,7895.43994140625,7795.759765625,7823.169921875,7823.169921875,2042340000
2019-06-11,14.609333038330078,14.726667404174805,14.233332633972168,14.473333358764648,14.473333358764648,174802500,7901.0400390625,7909.990234375,7798.6298828125,7822.56982421875,7822.56982421875,2121150000
2019-06-12,14.863332748413086,14.892000198364258,13.93333339691162,13.95066738128662,13.95066738128662,227962500,7803.1298828125,7819.16015625,7773.97021484375,7792.72021484375,7792.72021484375,1978930000
2019-06-13,14.025333404541016,14.326666831970217,13.833999633789062,14.260666847229004,14.260666847229004,122524500,7822.56005859375,7848.35986328125,7813.60009765625,7837.1298828125,7837.1298828125,1848360000
2019-06-14,14.083333015441896,14.44333267211914,14.026666641235352,14.32800006866455,14.32800006866455,111501000,7807.18994140625,7819.2099609375,7778.1201171875,7796.66015625,7796.66015625,1808370000
2019-06-17,14.36533260345459,15.133333206176758,14.284667015075684,15.001999855041504,15.001999855041504,184752000,7819.43017578125,7865.97998046875,7812.60986328125,7845.02001953125,7845.02001953125,1950550000
2019-06-18,15.248000144958496,15.649333000183104,14.837332725524902,14.982666969299316,14.982666969299316,190737000,7920.97998046875,8005.2099609375,7911.669921875,7953.8798828125,7953.8798828125,2250550000
2019-06-19,15.007332801818848,15.184666633605955,14.737333297729492,15.095333099365234,15.095333099365234,98626500,7970.259765625,7998.58984375,7930.3798828125,7987.31982421875,7987.31982421875,2027520000
2019-06-20,14.866666793823242,15.126667022705078,14.423333168029783,14.641332626342772,14.641332626342772,177952500,8087.4501953125,8088.8798828125,7996.8701171875,8051.33984375,8051.33984375,2108250000
2019-06-21,14.414667129516602,14.812000274658203,14.366666793823242,14.790666580200195,14.790666580200195,123031500,8028.68994140625,8073.02001953125,8011.2001953125,8031.7099609375,8031.7099609375,2909540000
2019-06-24,14.88266658782959,15.057332992553713,14.73466682434082,14.90933322906494,14.90933322906494,86262000,8040.580078125,8047.56005859375,8004.6298828125,8005.7001953125,8005.7001953125,2073470000
2019-06-25,14.959333419799805,15.022666931152344,14.63266658782959,14.650667190551758,14.650667190551758,92731500,8005.27001953125,8007.31005859375,7879.14990234375,7884.72021484375,7884.72021484375,2132550000
2019-06-26,14.687333106994627,15.148667335510254,14.539999961853027,14.618000030517578,14.618000030517578,127608000,7933.919921875,7974.27978515625,7903.06982421875,7909.97021484375,7909.97021484375,2122730000
2019-06-27,14.630000114440918,14.859999656677246,14.489999771118164,14.855999946594238,14.855999946594238,95095500,7939.35986328125,7976.580078125,7935.47021484375,7967.759765625,7967.759765625,2083920000
2019-06-28,14.732666969299316,15.011333465576172,14.720000267028809,14.897333145141602,14.897333145141602,102771000,7988.759765625,8010.14990234375,7961.4599609375,8006.240234375,8006.240234375,4101490000
2019-07-01,15.347332954406738,15.539999961853027,15.085332870483398,15.14466667175293,15.14466667175293,123201000,8145.85009765625,8150.4501953125,8059.2900390625,8091.16015625,8091.16015625,2219030000
2019-07-02,15.259332656860352,15.276666641235352,14.814666748046877,14.970000267028809,14.970000267028809,138885000,8086.64990234375,8109.3701171875,8063.10986328125,8109.08984375,8109.08984375,1956590000
2019-07-03,15.959333419799805,16.10466766357422,15.633999824523926,15.65999984741211,15.65999984741211,213016500,8129.56982421875,8170.22998046875,8122.33984375,8170.22998046875,8170.22998046875,1548240000
2019-07-05,15.637999534606934,15.696666717529297,15.386667251586914,15.539999961853027,15.539999961853027,105985500,8123.27978515625,8171.97021484375,8093.66015625,8161.7900390625,8161.7900390625,1690700000
2019-07-08,15.416000366210938,15.483332633972168,15.244000434875488,15.355999946594238,15.355999946594238,88207500,8112.91015625,8161.7900390625,8078.39013671875,8098.3798828125,8098.3798828125,1957160000
2019-07-09,15.264666557312012,15.399999618530272,15.152000427246094,15.337332725524902,15.337332725524902,92862000,8061.41015625,8146.97998046875,8061.31982421875,8141.72998046875,8141.72998046875,1871430000
2019-07-10,15.609999656677246,15.929332733154297,15.542667388916016,15.928000450134276,15.928000450134276,137185500,8183.18994140625,8228.599609375,8160.56005859375,8202.5302734375,8202.5302734375,2066640000
2019-07-11,15.87600040435791,16.100000381469727,15.720000267028809,15.90666675567627,15.90666675567627,112716000,8219.2802734375,8226.1796875,8171.6298828125,8196.0400390625,8196.0400390625,1970690000
2019-07-12,15.983332633972168,16.358667373657227,15.980667114257812,16.338666915893555,16.338666915893555,138007500,8209.2001953125,8245.66015625,8201.51953125,8244.1396484375,8244.1396484375,1835960000
2019-07-15,16.53333282470703,16.961332321166992,16.323999404907227,16.899999618530273,16.899999618530273,165001500,8263.1796875,8264.7802734375,8236.26953125,8258.1904296875,8258.1904296875,1790770000
2019-07-16,16.6200008392334,16.902000427246094,16.528667449951172,16.825332641601562,16.825332641601562,122235000,8251.66015625,8259.75,8204.23046875,8222.7998046875,8222.7998046875,1947010000
2019-07-17,17.044666290283203,17.220666885375977,16.889999389648438,16.99066734313965,16.99066734313965,146470500,8224.0,8230.669921875,8184.66015625,8185.2099609375,8185.2099609375,1887120000
2019-07-18,17.003332138061523,17.049999237060547,16.792667388916016,16.902666091918945,16.902666091918945,71379000,8151.759765625,8215.580078125,8135.1201171875,8207.240234375,8207.240234375,2063790000
2019-07-19,17.04599952697754,17.33066749572754,16.974666595458984,17.211999893188477,17.211999893188477,105726000,8241.33984375,8245.7802734375,8144.6298828125,8146.490234375,8146.490234375,1893050000
2019-07-22,17.25,17.476667404174805,16.945999145507812,17.045333862304688,17.045333862304688,102636000,8171.990234375,8218.419921875,8171.5400390625,8204.1396484375,8204.1396484375,1860440000
2019-07-23,17.11400032043457,17.365333557128906,16.96666717529297,17.344667434692383,17.344667434692383,75346500,8242.5,8251.830078125,8193.8896484375,8251.400390625,8251.400390625,1845050000
2019-07-24,17.277999877929688,17.738000869750977,17.21066665649414,17.658666610717773,17.658666610717773,166092000,8227.3603515625,8321.8095703125,8226.5,8321.5,8321.5,1953670000
2019-07-25,15.56666660308838,15.633333206176758,15.036666870117188,15.254667282104492,15.254667282104492,336274500,8294.6796875,8295.9501953125,8233.400390625,8238.5400390625,8238.5400390625,2058090000
2019-07-26,15.128000259399414,15.350666999816896,14.81666660308838,15.202667236328123,15.202667236328123,150415500,8294.2998046875,8339.6396484375,8291.1201171875,8330.2099609375,8330.2099609375,1975110000
2019-07-29,15.13933277130127,15.72933292388916,15.0686674118042,15.718000411987305,15.718000411987305,139099500,8325.099609375,8325.2802734375,8247.3701171875,8293.330078125,8293.330078125,1882980000
2019-07-30,15.526666641235352,16.224000930786133,15.478667259216309,16.150667190551758,16.150667190551758,121635000,8231.76953125,8295.4599609375,8228.01953125,8273.6103515625,8273.6103515625,1893610000
2019-07-31,16.200000762939453,16.44533348083496,15.776666641235352,16.107332229614258,16.107332229614258,137673000,8290.7998046875,8299.830078125,8110.02001953125,8175.419921875,8175.419921875,2679230000
2019-08-01,16.176666259765625,16.30066680908203,15.451333045959473,15.59000015258789,15.59000015258789,123892500,8190.56005859375,8311.0400390625,8080.52001953125,8111.1201171875,8111.1201171875,2815420000
2019-08-02,15.423333168029783,15.751333236694336,15.281999588012695,15.62266731262207,15.62266731262207,92047500,8056.419921875,8068.7998046875,7953.669921875,8004.06982421875,8004.06982421875,2262550000
2019-08-05,15.30666732788086,15.424667358398438,15.052000045776367,15.221332550048828,15.221332550048828,105424500,7823.330078125,7836.4501953125,7662.89990234375,7726.0400390625,7726.0400390625,2661780000
2019-08-06,15.458666801452637,15.5,15.050000190734863,15.383333206176758,15.383333206176758,83463000,7804.509765625,7845.009765625,7739.56982421875,7833.27001953125,7833.27001953125,2217620000
2019-08-07,15.100000381469728,15.571332931518556,15.053333282470703,15.56133270263672,15.56133270263672,71647500,7747.27001953125,7881.3798828125,7702.419921875,7862.830078125,7862.830078125,2470170000
2019-08-08,15.630000114440918,15.986666679382324,15.510000228881836,15.886667251586914,15.886667251586914,79114500,7921.58984375,8041.1201171875,7896.14990234375,8039.16015625,8039.16015625,2442950000
2019-08-09,15.736666679382324,15.93066692352295,15.587332725524902,15.667332649230955,15.667332649230955,58473000,7997.18994140625,8020.56005859375,7910.35009765625,7959.14013671875,7959.14013671875,2221180000
2019-08-12,15.53266716003418,15.718000411987305,15.25,15.267333030700684,15.267333030700684,69958500,7907.490234375,7924.990234375,7833.7900390625,7863.41015625,7863.41015625,2068920000
2019-08-13,15.253999710083008,15.733332633972168,15.170000076293944,15.666666984558104,15.666666984558104,72721500,7852.3701171875,8065.240234375,7851.580078125,8016.35986328125,8016.35986328125,2353570000
2019-08-14,15.413999557495115,15.43333339691162,14.446000099182127,14.641332626342772,14.641332626342772,143439000,7877.330078125,7900.27978515625,7762.8701171875,7773.93994140625,7773.93994140625,2543670000
2019-08-15,14.723999977111816,14.77066707611084,14.103333473205566,14.37600040435791,14.37600040435791,122394000,7790.2001953125,7805.93017578125,7716.5498046875,7766.6201171875,7766.6201171875,2190810000
2019-08-16,14.444000244140623,14.815999984741213,14.40133285522461,14.662667274475098,14.662667274475098,76477500,7828.35009765625,7907.52001953125,7828.35009765625,7895.990234375,7895.990234375,2018710000
2019-08-19,14.947333335876465,15.18866729736328,14.779999732971191,15.121999740600586,15.121999740600586,79644000,8006.18017578125,8026.75,7895.990234375,8002.81005859375,8002.81005859375,1946440000
2019-08-20,15.174667358398438,15.272666931152344,14.969332695007324,15.057332992553713,15.057332992553713,61878000,7989.35986328125,8010.580078125,7948.08984375,7948.56005859375,7948.56005859375,1750730000
2019-08-21,14.800666809082031,14.881333351135254,14.506667137145996,14.722000122070312,14.722000122070312,116914500,8017.06982421875,8036.93994140625,7998.5,8020.2099609375,8020.2099609375,1721410000
2019-08-22,14.853333473205566,15.026666641235352,14.54800033569336,14.8100004196167,14.8100004196167,98385000,8038.7900390625,8048.580078125,7937.1201171875,7991.39013671875,7991.39013671875,1780760000
2019-08-23,14.664667129516602,14.744667053222656,14.06666660308838,14.09333324432373,14.09333324432373,128079000,7943.64990234375,8005.33984375,7730.77001953125,7751.77001953125,7751.77001953125,2214370000
2019-08-26,14.239999771118164,14.334667205810549,14.102666854858398,14.333333015441896,14.333333015441896,75778500,7829.580078125,7856.0400390625,7789.0498046875,7853.740234375,7853.740234375,1691990000
2019-08-27,14.38266658782959,14.58666706085205,14.135333061218262,14.272000312805176,14.272000312805176,81243000,7908.77978515625,7916.830078125,7795.18017578125,7826.9501953125,7826.9501953125,1914930000
2019-08-28,14.246000289916992,14.483332633972168,14.154000282287598,14.37266731262207,14.37266731262207,48382500,7798.35009765625,7866.8701171875,7766.669921875,7856.8798828125,7856.8798828125,1663450000
2019-08-29,14.600000381469728,14.893333435058594,14.533332824707031,14.780667304992676,14.780667304992676,77692500,7945.77978515625,7992.2900390625,7925.830078125,7973.39013671875,7973.39013671875,1703760000
2019-08-30,15.276666641235352,15.496000289916992,14.947333335876465,15.040666580200195,15.040666580200195,139809000,8015.16015625,8017.91015625,7914.740234375,7962.8798828125,7962.8798828125,1668110000
2019-09-03,14.93866729736328,15.263333320617676,14.87733268737793,15.000666618347168,15.000666618347168,80311500,7906.43994140625,7940.3701171875,7847.31982421875,7874.16015625,7874.16015625,1938780000
2019-09-04,15.12600040435791,15.230667114257812,14.61400032043457,14.711999893188477,14.711999893188477,86415000,7949.81005859375,7981.41015625,7928.93994140625,7976.8798828125,7976.8798828125,1893740000
2019-09-05,14.833333015441896,15.31999969482422,14.723333358764648,15.305333137512209,15.305333137512209,110929500,8061.2900390625,8134.419921875,8061.2900390625,8116.830078125,8116.830078125,2108700000
2019-09-06,15.146666526794434,15.309332847595217,15.011333465576172,15.16333293914795,15.16333293914795,62841000,8125.580078125,8134.39013671875,8098.52001953125,8103.06982421875,8103.06982421875,1878730000
2019-09-09,15.333333015441896,15.583999633789062,15.281999588012695,15.452667236328123,15.452667236328123,72040500,8130.91015625,8131.66015625,8052.33984375,8087.43994140625,8087.43994140625,2186660000
2019-09-10,15.386667251586914,15.702667236328123,15.262666702270508,15.702667236328123,15.702667236328123,73255500,8049.97998046875,8086.52978515625,8001.68017578125,8084.16015625,8084.16015625,2366080000
2019-09-11,15.825332641601562,16.544666290283203,15.733332633972168,16.47333335876465,16.47333335876465,150642000,8091.68017578125,8169.68017578125,8081.56005859375,8169.68017578125,8169.68017578125,2322610000
2019-09-12,16.51333236694336,16.899999618530273,16.293333053588867,16.391332626342773,16.391332626342773,128718000,8206.580078125,8243.7998046875,8176.72998046875,8194.4697265625,8194.4697265625,2228100000
2019-09-13,16.464000701904297,16.56333351135254,16.32466697692871,16.34666633605957,16.34666633605957,79696500,8190.56982421875,8210.2001953125,8165.47021484375,8176.7099609375,8176.7099609375,1984570000
2019-09-16,16.399999618530273,16.495332717895508,16.077999114990234,16.187332153320312,16.187332153320312,70921500,8121.64013671875,8165.330078125,8121.25,8153.5400390625,8153.5400390625,1876540000
2019-09-17,16.1646671295166,16.373332977294922,16.024667739868164,16.319332122802734,16.319332122802734,57981000,8148.64990234375,8188.22998046875,8139.81982421875,8186.02001953125,8186.02001953125,1857350000
2019-09-18,16.333332061767578,16.544666290283203,16.158000946044922,16.232667922973633,16.232667922973633,62553000,8174.6201171875,8179.8701171875,8086.22021484375,8177.39013671875,8177.39013671875,2045590000
2019-09-19,16.399999618530273,16.529333114624023,16.32266616821289,16.440000534057617,16.440000534057617,71937000,8193.58984375,8237.4296875,8174.31982421875,8182.8798828125,8182.8798828125,1818430000
2019-09-20,16.432666778564453,16.463333129882812,15.87733268737793,16.041332244873047,16.041332244873047,95295000,8184.8798828125,8202.8203125,8086.16015625,8117.669921875,8117.669921875,3363230000
2019-09-23,16.0,16.345333099365234,15.947999954223633,16.082000732421875,16.082000732421875,65103000,8106.490234375,8135.81005859375,8085.33984375,8112.4599609375,8112.4599609375,1781750000
2019-09-24,16.101333618164062,16.132667541503906,14.84066677093506,14.880666732788086,14.880666732788086,193372500,8147.22998046875,8158.830078125,7969.64990234375,7993.6298828125,7993.6298828125,2310940000
2019-09-25,14.970666885375977,15.26533317565918,14.557332992553713,15.24666690826416,15.24666690826416,141406500,7990.66015625,8095.0,7935.56982421875,8077.3798828125,8077.3798828125,2022080000
2019-09-26,15.37733268737793,16.220666885375977,15.15999984741211,16.17066764831543,16.17066764831543,178267500,8070.1201171875,8072.10986328125,7991.02001953125,8030.66015625,8030.66015625,1886310000
2019-09-27,16.14666748046875,16.58066749572754,15.915332794189451,16.142000198364258,16.142000198364258,166746000,8047.10986328125,8051.830078125,7890.27978515625,7939.6298828125,7939.6298828125,2041250000
2019-09-30,16.200000762939453,16.26533317565918,15.740667343139648,16.058000564575195,16.058000564575195,88197000,7964.08984375,8012.16015625,7949.6298828125,7999.33984375,7999.33984375,1809050000
2019-10-01,16.100000381469727,16.39666748046875,15.94200038909912,16.312667846679688,16.312667846679688,92439000,8026.830078125,8062.5,7906.2900390625,7908.68017578125,7908.68017578125,2250500000
2019-10-02,16.21933364868164,16.309999465942383,15.961999893188477,16.208667755126953,16.208667755126953,84471000,7851.1298828125,7852.7001953125,7744.9599609375,7785.25,7785.25,2503630000
2019-10-03,15.457332611083984,15.631999969482422,14.95199966430664,15.535332679748535,15.535332679748535,226267500,7787.02001953125,7872.259765625,7700.0,7872.259765625,7872.259765625,2157220000
2019-10-04,15.440667152404783,15.652000427246094,15.204667091369627,15.428667068481444,15.428667068481444,119925000,7908.43994140625,7986.6201171875,7899.39013671875,7982.47021484375,7982.47021484375,1748000000
2019-10-07,15.31999969482422,15.904000282287598,15.236666679382324,15.847999572753906,15.847999572753906,120963000,7956.41015625,8013.31005859375,7942.080078125,7956.2900390625,7956.2900390625,1759580000
2019-10-08,15.724666595458984,16.262666702270508,15.633333206176758,16.003332138061523,16.003332138061523,130173000,7898.27001953125,7921.8798828125,7823.72998046875,7823.77978515625,7823.77978515625,1943700000
2019-10-09,16.08799934387207,16.48666763305664,16.043333053588867,16.302000045776367,16.302000045776367,103416000,7895.9599609375,7930.919921875,7873.52001953125,7903.740234375,7903.740234375,1563500000
2019-10-10,16.351999282836914,16.618667602539062,16.10533332824707,16.31599998474121,16.31599998474121,94249500,7904.56005859375,7982.83984375,7899.81005859375,7950.77978515625,7950.77978515625,1793470000
2019-10-11,16.476667404174805,16.738666534423828,16.45400047302246,16.525999069213867,16.525999069213867,127131000,8047.33984375,8115.7998046875,8046.7998046875,8057.0400390625,8057.0400390625,2184790000
2019-10-14,16.52666664123535,17.23666763305664,16.475332260131836,17.130666732788086,17.130666732788086,153075000,8044.35009765625,8069.85009765625,8036.41015625,8048.64990234375,8048.64990234375,1423700000
2019-10-15,17.18000030517578,17.333332061767578,16.941333770751953,17.19266700744629,17.19266700744629,96492000,8074.85009765625,8166.18017578125,8071.81005859375,8148.7099609375,8148.7099609375,1841660000
2019-10-16,17.159332275390625,17.47333335876465,17.128000259399414,17.316667556762695,17.316667556762695,100261500,8119.81005859375,8146.14990234375,8103.3798828125,8124.18017578125,8124.18017578125,1900010000
2019-10-17,17.5,17.652000427246094,17.344667434692383,17.46466636657715,17.46466636657715,71539500,8176.91015625,8183.64013671875,8131.25,8156.85009765625,8156.85009765625,1864020000
2019-10-18,17.3799991607666,17.520000457763672,17.00666618347168,17.1299991607666,17.1299991607666,86247000,8149.85009765625,8157.35986328125,8045.3701171875,8089.5400390625,8089.5400390625,2020020000
2019-10-21,17.222000122070312,17.299999237060547,16.678667068481445,16.899999618530273,16.899999618530273,75304500,8137.419921875,8164.14013671875,8117.259765625,8162.990234375,8162.990234375,1756640000
2019-10-22,16.954666137695312,17.222000122070312,16.72333335876465,17.038667678833008,17.038667678833008,69012000,8188.1201171875,8194.6201171875,8101.97998046875,8104.2998046875,8104.2998046875,1850870000
2019-10-23,16.96666717529297,17.076000213623047,16.75666618347168,16.978666305541992,16.978666305541992,78916500,8090.240234375,8122.8798828125,8078.35009765625,8119.7900390625,8119.7900390625,1822180000
2019-10-24,19.891332626342773,20.32866668701172,19.280000686645508,19.978666305541992,19.978666305541992,445813500,8180.0400390625,8187.83984375,8137.66015625,8185.7998046875,8185.7998046875,1893620000
2019-10-25,19.847999572753903,22.0,19.74066734313965,21.875333786010746,21.875333786010746,450091500,8150.58984375,8249.9697265625,8150.58984375,8243.1201171875,8243.1201171875,1911580000
2019-10-28,21.836000442504883,22.722667694091797,21.50666618347168,21.847333908081055,21.847333908081055,283054500,8285.76953125,8335.5595703125,8285.26953125,8325.990234375,8325.990234375,1959920000
2019-10-29,21.332666397094727,21.6200008392334,20.983333587646484,21.08133316040039,21.08133316040039,190264500,8313.349609375,8319.2900390625,8275.1396484375,8276.849609375,8276.849609375,1842720000
2019-10-30,20.86666679382324,21.252666473388672,20.6646671295166,21.000667572021484,21.000667572021484,144627000,8284.2802734375,8315.5,8241.7001953125,8303.98046875,8303.98046875,1936060000
2019-10-31,20.87333297729492,21.266666412353516,20.86666679382324,20.994667053222656,20.994667053222656,76005000,8314.3798828125,8321.7998046875,8248.8095703125,8292.3603515625,8292.3603515625,2276140000
2019-11-01,21.08799934387207,21.09866714477539,20.65333366394043,20.88733291625977,20.88733291625977,95758500,8335.0498046875,8386.75,8326.5595703125,8386.400390625,8386.400390625,2071350000
2019-11-04,20.98666763305664,21.46266746520996,20.617332458496097,21.1646671295166,21.1646671295166,131805000,8445.5,8451.3701171875,8421.2998046875,8433.2001953125,8433.2001953125,2166830000
2019-11-05,21.308000564575195,21.567333221435547,21.07466697692871,21.14800071716309,21.14800071716309,104151000,8446.6201171875,8457.3896484375,8421.0498046875,8434.6796875,8434.6796875,2327420000
2019-11-06,21.200000762939453,21.781333923339844,20.96666717529297,21.77199935913086,21.77199935913086,119113500,8426.5703125,8426.5703125,8379.330078125,8410.6298828125,8410.6298828125,2342570000
2019-11-07,21.94266700744629,22.766666412353516,21.868000030517575,22.36933326721191,22.36933326721191,217009500,8455.1103515625,8483.16015625,8415.8701171875,8434.51953125,8434.51953125,2403680000
2019-11-08,22.299999237060547,22.497333526611328,22.166667938232425,22.47599983215332,22.47599983215332,91038000,8422.669921875,8475.5703125,8405.8896484375,8475.3095703125,8475.3095703125,1982140000
2019-11-11,22.93000030517578,23.279333114624023,22.799999237060547,23.006000518798828,23.006000518798828,149800500,8431.259765625,8467.2900390625,8425.48046875,8464.2802734375,8464.2802734375,1719300000
2019-11-12,23.12666702270508,23.357999801635746,22.93600082397461,23.32866668701172,23.32866668701172,110391000,8471.0703125,8514.83984375,8462.990234375,8486.08984375,8486.08984375,2001440000
2019-11-13,23.666667938232425,23.755332946777344,23.011999130249023,23.073999404907227,23.073999404907227,126301500,8455.01953125,8496.900390625,8451.33984375,8482.099609375,8482.099609375,2180010000
2019-11-14,23.073999404907227,23.589332580566406,22.860666275024418,23.290000915527344,23.290000915527344,96973500,8461.0595703125,8485.3603515625,8441.580078125,8479.01953125,8479.01953125,2113840000
2019-11-15,23.375999450683594,23.520000457763672,23.224000930786133,23.47800064086914,23.47800064086914,72135000,8524.48046875,8540.830078125,8506.7998046875,8540.830078125,8540.830078125,2199480000
2019-11-18,23.527999877929688,23.543333053588867,23.073333740234375,23.332666397094727,23.332666397094727,66006000,8529.16015625,8559.7802734375,8503.6201171875,8549.9404296875,8549.9404296875,2053260000
2019-11-19,23.450000762939453,23.999332427978516,23.18666648864746,23.968000411987305,23.968000411987305,115872000,8578.01953125,8589.759765625,8536.73046875,8570.66015625,8570.66015625,2094030000
2019-11-20,24.0,24.079999923706055,23.30466651916504,23.481332778930664,23.481332778930664,100876500,8543.5703125,8578.26953125,8468.6298828125,8526.73046875,8526.73046875,2608780000
2019-11-21,23.63400077819824,24.055999755859375,23.600000381469727,23.655332565307617,23.655332565307617,91650000,8527.8701171875,8530.73046875,8487.2900390625,8506.2099609375,8506.2099609375,2073720000
2019-11-22,22.67733383178711,22.733333587646484,22.0,22.202667236328125,22.202667236328125,253059000,8530.5400390625,8535.4599609375,8477.490234375,8519.8798828125,8519.8798828125,1885730000
2019-11-25,22.954666137695312,22.971332550048828,22.297332763671875,22.422666549682617,22.422666549682617,185092500,8559.650390625,8633.150390625,8559.650390625,8632.490234375,8632.490234375,2262750000
2019-11-26,22.351333618164062,22.36666679382324,21.80666732788086,21.92799949645996,21.92799949645996,119211000,8635.400390625,8659.73046875,8625.6201171875,8647.9296875,8647.9296875,2439370000
2019-11-27,22.07466697692871,22.261999130249023,21.90466690063477,22.086000442504883,22.086000442504883,83334000,8669.58984375,8705.91015625,8662.580078125,8705.1796875,8705.1796875,1748520000
2019-11-29,22.073999404907227,22.083999633789062,21.833332061767575,21.996000289916992,21.996000289916992,36984000,8682.009765625,8697.3203125,8664.0400390625,8665.4697265625,8665.4697265625,1099090000
2019-12-02,21.959999084472656,22.42533302307129,21.91266632080078,22.32466697692871,22.32466697692871,91117500,8672.83984375,8672.83984375,8540.16015625,8567.990234375,8567.990234375,2240300000
2019-12-03,22.17466735839844,22.527332305908203,22.145999908447266,22.413333892822266,22.413333892822266,98605500,8460.7197265625,8523.98046875,8435.400390625,8520.6396484375,8520.6396484375,2318760000
2019-12-04,22.516666412353516,22.52400016784668,22.190000534057617,22.20199966430664,22.20199966430664,82995000,8557.4501953125,8584.8798828125,8552.3798828125,8566.669921875,8566.669921875,2158870000
2019-12-05,22.18866729736328,22.294666290283203,21.816667556762695,22.024667739868164,22.024667739868164,55869000,8587.9296875,8588.8896484375,8541.919921875,8570.7001953125,8570.7001953125,2133380000
2019-12-06,22.333332061767575,22.590667724609375,22.31800079345703,22.392667770385746,22.392667770385746,114186000,8634.25,8665.4404296875,8630.580078125,8656.5302734375,8656.5302734375,2057020000
2019-12-09,22.439332962036133,22.963333129882812,22.338666915893555,22.635332107543945,22.635332107543945,135346500,8650.8603515625,8678.849609375,8619.76953125,8621.830078125,8621.830078125,2123870000
2019-12-10,22.663999557495117,23.381999969482425,22.62066650390625,23.256000518798828,23.256000518798828,132424500,8623.5595703125,8650.759765625,8600.8203125,8616.1796875,8616.1796875,2058760000
2019-12-11,23.458667755126953,23.812667846679688,23.4060001373291,23.51333236694336,23.51333236694336,103467000,8631.1201171875,8658.48046875,8622.3603515625,8654.0498046875,8654.0498046875,1982080000
2019-12-12,23.661333084106445,24.182666778564453,23.548667907714844,23.978666305541992,23.978666305541992,116458500,8645.3603515625,8745.8203125,8633.599609375,8717.3203125,8717.3203125,2396400000
2019-12-13,24.06999969482422,24.347333908081055,23.642667770385746,23.892667770385746,23.892667770385746,98563500,8713.91015625,8768.8701171875,8697.580078125,8734.8798828125,8734.8798828125,2219630000
2019-12-16,24.170000076293945,25.573999404907227,24.166667938232425,25.433332443237305,25.433332443237305,272613000,8791.3095703125,8833.4501953125,8789.76953125,8814.23046875,8814.23046875,2368050000
2019-12-17,25.266000747680664,25.700000762939453,25.059999465942383,25.266000747680664,25.266000747680664,127452000,8829.4697265625,8831.990234375,8804.599609375,8823.3603515625,8823.3603515625,2382450000
2019-12-18,25.375333786010746,26.347999572753903,25.371999740600582,26.209999084472656,26.209999084472656,211815000,8834.650390625,8848.759765625,8820.419921875,8827.740234375,8827.740234375,2742330000
2019-12-19,26.488000869750977,27.12333297729492,26.433332443237305,26.93600082397461,26.93600082397461,271606500,8838.9697265625,8888.1298828125,8838.9697265625,8887.2197265625,8887.2197265625,2446890000
2019-12-20,27.3526668548584,27.53333282470703,26.679332733154297,27.03933334350586,27.03933334350586,221290500,8911.83984375,8931.91015625,8901.8701171875,8924.9599609375,8924.9599609375,3830200000
2019-12-23,27.45199966430664,28.13400077819824,27.333332061767575,27.947999954223633,27.947999954223633,199794000,8950.2001953125,8956.6396484375,8934.5498046875,8945.650390625,8945.650390625,2028670000
2019-12-24,27.89066696166992,28.364667892456055,27.512666702270508,28.350000381469727,28.350000381469727,120820500,8955.009765625,8957.1201171875,8934.3603515625,8952.8798828125,8952.8798828125,1014530000
2019-12-26,28.527332305908203,28.898666381835938,28.42333221435547,28.729333877563477,28.729333877563477,159508500,8970.2099609375,9022.4599609375,8968.4599609375,9022.3896484375,9022.3896484375,1639960000
2019-12-27,29.0,29.020666122436523,28.40733337402344,28.691999435424805,28.691999435424805,149185500,9049.4697265625,9052.0,8987.3203125,9006.6201171875,9006.6201171875,1833740000
2019-12-30,28.586000442504883,28.600000381469727,27.284000396728516,27.64666748046875,27.64666748046875,188796000,9004.4501953125,9006.3603515625,8909.1904296875,8945.990234375,8945.990234375,2051320000
2019-12-31,27.0,28.086000442504883,26.80533218383789,27.8886661529541,27.8886661529541,154285500,8918.740234375,8975.3603515625,8912.76953125,8972.599609375,8972.599609375,2186830000
2020-01-02,28.299999237060547,28.713333129882812,28.11400032043457,28.68400001525879,28.68400001525879,142981500,9039.4599609375,9093.4296875,9010.8896484375,9092.1904296875,9092.1904296875,2862700000
2020-01-03,29.36666679382324,30.266666412353516,29.128000259399418,29.534000396728516,29.534000396728516,266677500,8976.4296875,9065.759765625,8976.4296875,9020.76953125,9020.76953125,2586520000
2020-01-06,29.364667892456055,30.104000091552734,29.333332061767575,30.1026668548584,30.1026668548584,151995000,8943.5,9072.41015625,8943.5,9071.4697265625,9071.4697265625,2810450000
2020-01-07,30.760000228881836,31.441999435424805,30.224000930786133,31.270666122436523,31.270666122436523,268231500,9076.6396484375,9091.9296875,9042.5498046875,9068.580078125,9068.580078125,2381740000
2020-01-08,31.579999923706055,33.232666015625,31.215333938598633,32.80933380126953,32.80933380126953,467164500,9068.0302734375,9168.8896484375,9059.3798828125,9129.240234375,9129.240234375,2472620000
2020-01-09,33.13999938964844,33.253334045410156,31.524667739868164,32.089332580566406,32.089332580566406,426606000,9202.26953125,9215.9501953125,9158.5,9203.4296875,9203.4296875,2540960000
2020-01-10,32.11933135986328,32.3293342590332,31.579999923706055,31.87666702270508,31.87666702270508,194392500,9232.9501953125,9235.2001953125,9164.66015625,9178.8603515625,9178.8603515625,2382900000
2020-01-13,32.900001525878906,35.04199981689453,32.79999923706055,34.990665435791016,34.990665435791016,397764000,9213.7197265625,9274.490234375,9193.0595703125,9273.9296875,9273.9296875,2536820000
2020-01-14,36.28400039672851,36.49399948120117,34.99333190917969,35.861331939697266,35.861331939697266,434943000,9270.6103515625,9298.330078125,9226.490234375,9251.330078125,9251.330078125,2553160000
2020-01-15,35.31733322143555,35.85599899291992,34.452667236328125,34.56666564941406,34.56666564941406,260532000,9253.759765625,9298.8203125,9231.1396484375,9258.7001953125,9258.7001953125,2443220000
2020-01-16,32.91666793823242,34.297332763671875,32.81133270263672,34.232666015625,34.232666015625,326050500,9313.4501953125,9357.919921875,9301.3203125,9357.1298828125,9357.1298828125,2312110000
2020-01-17,33.840667724609375,34.37799835205078,33.54399871826172,34.03333282470703,34.03333282470703,204436500,9392.3701171875,9393.48046875,9346.8095703125,9388.9404296875,9388.9404296875,2542540000
2020-01-21,35.349998474121094,36.571998596191406,35.227333068847656,36.47999954223633,36.47999954223633,267052500,9361.0703125,9397.580078125,9350.2001953125,9370.8095703125,9370.8095703125,2686610000
2020-01-22,38.125999450683594,39.633331298828125,37.27333450317383,37.97066879272461,37.97066879272461,470535000,9413.6103515625,9439.2900390625,9375.1298828125,9383.76953125,9383.76953125,2454580000
2020-01-23,37.616668701171875,38.79999923706055,37.040000915527344,38.14666748046875,38.14666748046875,294765000,9377.7197265625,9409.2001953125,9334.1298828125,9402.48046875,9402.48046875,2465850000
2020-01-24,38.04199981689453,38.25733184814453,36.95066833496094,37.654666900634766,37.654666900634766,215304000,9446.2099609375,9451.4296875,9273.23046875,9314.91015625,9314.91015625,2622970000
2020-01-27,36.132667541503906,37.62933349609375,35.95199966430664,37.20133209228515,37.20133209228515,204121500,9092.4599609375,9185.4501953125,9088.0400390625,9139.3095703125,9139.3095703125,2593910000
2020-01-28,37.89933395385742,38.45399856567383,37.2053337097168,37.793331146240234,37.793331146240234,176827500,9201.8203125,9288.8701171875,9182.330078125,9269.6796875,9269.6796875,2169020000
2020-01-29,38.37933349609375,39.31999969482422,37.82866668701172,38.732666015625,38.732666015625,267022500,9318.259765625,9329.1201171875,9249.0400390625,9275.16015625,9275.16015625,2234620000
2020-01-30,42.16133117675781,43.391998291015625,41.20000076293945,42.72066879272461,42.72066879272461,435085500,9211.150390625,9303.0,9185.1796875,9298.9296875,9298.9296875,2345370000
2020-01-31,42.66666793823242,43.53333282470703,42.167999267578125,43.371334075927734,43.371334075927734,235789500,9324.330078125,9324.7998046875,9123.2197265625,9150.9404296875,9150.9404296875,2696090000
2020-02-03,44.91266632080078,52.409332275390625,44.90133285522461,52.0,52.0,705975000,9190.7197265625,9299.849609375,9188.5498046875,9273.400390625,9273.400390625,2427320000
2020-02-04,58.86399841308594,64.59933471679688,55.59199905395508,59.137332916259766,59.137332916259766,914082000,9398.3896484375,9485.3798828125,9374.0498046875,9467.9697265625,9467.9697265625,2447340000
2020-02-05,54.88399887084961,56.39866638183594,46.94066619873047,48.97999954223633,48.97999954223633,726357000,9574.099609375,9574.9404296875,9454.9296875,9508.6796875,9508.6796875,2470240000
2020-02-06,46.66133117675781,53.05533218383789,45.79999923706055,49.930667877197266,49.930667877197266,598212000,9540.98046875,9575.66015625,9505.6796875,9572.150390625,9572.150390625,2313860000
2020-02-07,48.70333480834961,51.31666564941406,48.66666793823242,49.871334075927734,49.871334075927734,255952500,9526.6396484375,9570.08984375,9496.5302734375,9520.509765625,9520.509765625,2243720000
2020-02-10,53.33333206176758,54.66600036621094,50.15999984741211,51.41866683959961,51.41866683959961,370338000,9493.6298828125,9628.66015625,9493.6298828125,9628.3896484375,9628.3896484375,2187520000
2020-02-11,51.25266647338867,52.23400115966797,50.53333282470703,51.62533187866211,51.62533187866211,175462500,9680.8896484375,9714.740234375,9617.2099609375,9638.9404296875,9638.9404296875,2450070000
2020-02-12,51.858001708984375,52.650001525878906,50.891334533691406,51.15266799926758,51.15266799926758,180337500,9688.599609375,9728.76953125,9666.6904296875,9725.9599609375,9725.9599609375,2366510000
2020-02-13,49.45600128173828,54.53333282470703,49.0,53.599998474121094,53.599998474121094,394339500,9657.0400390625,9748.3203125,9650.01953125,9711.9697265625,9711.9697265625,2254870000
2020-02-14,52.4813346862793,54.198001861572266,52.366668701171875,53.33533477783203,53.33533477783203,235405500,9728.900390625,9746.3603515625,9693.0498046875,9731.1796875,9731.1796875,2226720000
2020-02-18,56.106666564941406,57.33333206176758,55.490665435791016,57.22666549682617,57.22666549682617,245725500,9679.0400390625,9747.6796875,9675.7998046875,9732.740234375,9732.740234375,2279420000
2020-02-19,61.56666564941406,62.98533248901367,60.06800079345703,61.16133117675781,61.16133117675781,381345000,9782.8095703125,9838.3701171875,9777.099609375,9817.1796875,9817.1796875,2470860000
2020-02-20,60.79666519165039,60.79999923706055,57.3293342590332,59.96066665649414,59.96066665649414,264523500,9799.2001953125,9820.8603515625,9636.9404296875,9750.9697265625,9750.9697265625,2745730000
2020-02-21,60.46533203125,60.87066650390625,58.6966667175293,60.06666564941406,60.06666564941406,214722000,9708.009765625,9715.9501953125,9542.330078125,9576.58984375,9576.58984375,2750160000
2020-02-24,55.93333435058594,57.56666564941406,54.813331604003906,55.58599853515625,55.58599853515625,227883000,9188.4404296875,9322.8798828125,9166.009765625,9221.2802734375,9221.2802734375,3188590000
2020-02-25,56.599998474121094,57.106666564941406,52.46666717529297,53.32733154296875,53.32733154296875,259357500,9301.2001953125,9315.259765625,8940.490234375,8965.6103515625,8965.6103515625,3595520000
2020-02-26,52.16666793823242,54.22066879272461,51.740665435791016,51.91999816894531,51.91999816894531,211282500,9011.5498046875,9148.3203125,8927.7998046875,8980.7802734375,8980.7802734375,3587950000
2020-02-27,48.66666793823242,49.31800079345703,44.599998474121094,45.26666641235352,45.26666641235352,364158000,8744.0302734375,8904.1103515625,8562.0498046875,8566.48046875,8566.48046875,4559900000
2020-02-28,41.97999954223633,46.03466796875,40.76800155639648,44.53266525268555,44.53266525268555,363343500,8269.740234375,8591.8203125,8264.16015625,8567.3701171875,8567.3701171875,5320020000
2020-03-02,47.41733169555664,49.5793342590332,45.77799987792969,49.574668884277344,49.574668884277344,302925000,8667.1396484375,8952.8095703125,8543.349609375,8952.169921875,8952.169921875,4249020000
2020-03-03,53.66666793823242,53.79866790771485,47.740665435791016,49.70066833496094,49.70066833496094,386760000,8965.099609375,9070.3203125,8602.8896484375,8684.08984375,8684.08984375,4336700000
2020-03-04,50.930667877197266,51.10133361816406,48.31533432006836,49.96666717529297,49.96666717529297,225735000,8834.099609375,9019.9599609375,8757.66015625,9018.08984375,9018.08984375,3634760000
2020-03-05,48.2513313293457,49.71666717529297,47.871334075927734,48.30266571044922,48.30266571044922,162790500,8790.08984375,8921.080078125,8677.3896484375,8738.58984375,8738.58984375,3763860000
2020-03-06,46.0,47.133331298828125,45.61800003051758,46.89866638183594,46.89866638183594,189943500,8469.01953125,8612.3603515625,8375.1298828125,8575.6201171875,8575.6201171875,4292730000
2020-03-09,40.35933303833008,44.20000076293945,40.33333206176758,40.53333282470703,40.53333282470703,256105500,7957.93017578125,8243.3095703125,7943.16015625,7950.68017578125,7950.68017578125,4554110000
2020-03-10,43.96200180053711,44.53333282470703,40.53333282470703,43.02199935913086,43.02199935913086,233916000,8219.759765625,8347.400390625,7930.43017578125,8344.25,8344.25,4447260000
2020-03-11,42.68000030517578,43.571998596191406,40.866668701171875,42.28200149536133,42.28200149536133,199837500,8136.25,8181.35986328125,7850.9501953125,7952.0498046875,7952.0498046875,4302610000
2020-03-12,38.72600173950195,39.633331298828125,36.41666793823242,37.369998931884766,37.369998931884766,283636500,7398.580078125,7712.330078125,7194.669921875,7201.7998046875,7201.7998046875,5099350000
2020-03-13,39.66666793823242,40.50466537475586,33.46666717529297,36.44133377075195,36.44133377075195,339604500,7610.39013671875,7875.93017578125,7219.08984375,7874.8798828125,7874.8798828125,4701070000
2020-03-16,31.299999237060547,32.9913330078125,29.47800064086914,29.67133331298828,29.67133331298828,307342500,7392.72998046875,7422.2001953125,6882.85986328125,6904.58984375,6904.58984375,4618120000
2020-03-17,29.333999633789062,31.456666946411133,26.399999618530273,28.68000030517578,28.68000030517578,359919000,7072.0,7406.22998046875,6828.91015625,7334.77978515625,7334.77978515625,4920210000
2020-03-18,25.933332443237305,26.99066734313965,23.367332458496097,24.08133316040039,24.08133316040039,356793000,6902.31982421875,7182.830078125,6686.35986328125,6989.83984375,6989.83984375,4935000000
2020-03-19,24.979999542236328,30.13333320617676,23.8973331451416,28.50933265686035,28.50933265686035,452932500,6996.4501953125,7341.3798828125,6858.3798828125,7150.580078125,7150.580078125,4778490000
2020-03-20,29.213333129882812,31.799999237060547,28.38599967956543,28.50200080871582,28.50200080871582,424282500,7248.06982421875,7354.43994140625,6854.669921875,6879.52001953125,6879.52001953125,5260300000
2020-03-23,28.906667709350582,29.46666717529297,27.36666679382324,28.952667236328125,28.952667236328125,246817500,6847.27978515625,6984.93994140625,6631.419921875,6860.669921875,6860.669921875,4348410000
2020-03-24,31.81999969482422,34.24599838256836,31.600000381469727,33.66666793823242,33.66666793823242,343428000,7196.14990234375,7418.3701171875,7169.85986328125,7417.85986328125,7417.85986328125,4441080000
2020-03-25,36.349998474121094,37.133331298828125,34.07400131225586,35.95000076293945,35.95000076293945,318340500,7421.35986328125,7671.2099609375,7276.39990234375,7384.2998046875,7384.2998046875,4683630000
2020-03-26,36.49266815185547,37.33333206176758,34.150001525878906,35.21066665649414,35.21066665649414,260710500,7462.2099609375,7809.830078125,7462.2099609375,7797.5400390625,7797.5400390625,4014670000
2020-03-27,33.66666793823242,35.0533332824707,32.935333251953125,34.29066848754883,34.29066848754883,215661000,7554.25,7716.240234375,7491.14013671875,7502.3798828125,7502.3798828125,3989120000
2020-03-30,34.017333984375,34.44333267211914,32.7486686706543,33.47533416748047,33.47533416748047,179971500,7583.4599609375,7784.35009765625,7539.97021484375,7774.14990234375,7774.14990234375,3870770000
2020-03-31,33.41666793823242,36.19733428955078,33.133331298828125,34.93333435058594,34.93333435058594,266572500,7740.06005859375,7880.31005859375,7642.85986328125,7700.10009765625,7700.10009765625,4078960000
2020-04-01,33.599998474121094,34.26333236694336,31.67333221435547,32.104000091552734,32.104000091552734,200298000,7459.5,7566.3701171875,7301.97998046875,7360.580078125,7360.580078125,3700040000
2020-04-02,32.068668365478516,32.95066833496094,29.760000228881836,30.29800033569336,30.29800033569336,297876000,7317.4501953125,7501.7001953125,7307.9501953125,7487.31005859375,7487.31005859375,3622170000
2020-04-03,33.96666717529297,34.36600112915039,31.22599983215332,32.000667572021484,32.000667572021484,338431500,7477.27001953125,7518.72021484375,7288.10986328125,7373.080078125,7373.080078125,3294260000
2020-04-06,34.08000183105469,34.733333587646484,33.19733428955078,34.41600036621094,34.41600036621094,223527000,7660.169921875,7938.330078125,7617.7900390625,7913.240234375,7913.240234375,3849130000
2020-04-07,36.33333206176758,37.66666793823242,35.48933410644531,36.36333465576172,36.36333465576172,268797000,8129.990234375,8146.43017578125,7881.22021484375,7887.259765625,7887.259765625,4085960000
2020-04-08,36.9466667175293,37.14733123779297,35.55533218383789,36.589332580566406,36.589332580566406,189840000,7975.72021484375,8114.43017578125,7901.93994140625,8090.89990234375,8090.89990234375,3487440000
2020-04-09,37.4726676940918,38.345333099365234,37.14066696166992,38.20000076293945,38.20000076293945,204750000,8169.009765625,8227.91015625,8072.31982421875,8153.580078125,8153.580078125,4145460000
2020-04-13,39.34400177001953,43.46666717529297,38.70199966430664,43.39666748046875,43.39666748046875,337131000,8127.68994140625,8200.4404296875,8035.9501953125,8192.419921875,8192.419921875,3184660000
2020-04-14,46.597999572753906,49.45866775512695,46.1619987487793,47.32600021362305,47.32600021362305,458647500,8353.2099609375,8531.1103515625,8338.080078125,8515.740234375,8515.740234375,3767410000
2020-04-15,49.46666717529297,50.20866775512695,47.33333206176758,48.65533447265625,48.65533447265625,353655000,8355.9599609375,8464.66015625,8308.7900390625,8393.1796875,8393.1796875,3347920000
2020-04-16,47.79600143432617,50.630001068115234,47.11466598510742,49.680667877197266,49.680667877197266,309868500,8479.1103515625,8560.16015625,8393.26953125,8532.3603515625,8532.3603515625,4057800000
2020-04-17,51.48533248901367,51.663333892822266,49.84400177001953,50.259334564208984,50.259334564208984,196923000,8667.48046875,8670.2998046875,8531.6904296875,8650.1396484375,8650.1396484375,4348310000
2020-04-20,48.8466682434082,51.03799819946289,47.48066711425781,49.75733184814453,49.75733184814453,221199000,8553.3798828125,8684.91015625,8553.3798828125,8560.73046875,8560.73046875,3827370000
2020-04-21,48.67466735839844,50.22200012207031,44.919334411621094,45.78133392333984,45.78133392333984,303136500,8460.6904296875,8480.2900390625,8215.6904296875,8263.23046875,8263.23046875,3788180000
2020-04-22,46.93199920654297,48.93333435058594,45.91400146484375,48.807334899902344,48.807334899902344,212482500,8434.5498046875,8537.3095703125,8404.5400390625,8495.3798828125,8495.3798828125,3041520000
2020-04-23,48.50666809082031,48.93333435058594,46.87533187866211,47.04199981689453,47.04199981689453,198550500,8528.83984375,8635.23046875,8475.2001953125,8494.75,8494.75,3759890000
2020-04-24,47.387332916259766,48.71533203125,46.54533386230469,48.34333419799805,48.34333419799805,198180000,8530.080078125,8642.9296875,8464.419921875,8634.51953125,8634.51953125,3696020000
2020-04-27,49.17399978637695,53.29933166503906,49.0,53.25,53.25,310221000,8717.98046875,8754.5703125,8697.3701171875,8730.16015625,8730.16015625,3694980000
2020-04-28,53.042667388916016,53.66666793823242,50.44599914550781,51.27466583251953,51.27466583251953,228330000,8825.6904296875,8830.5703125,8600.7001953125,8607.73046875,8607.73046875,3730350000
2020-04-29,52.678001403808594,53.54666519165039,52.21066665649414,53.367332458496094,53.367332458496094,243240000,8802.7001953125,8957.26953125,8765.009765625,8914.7099609375,8914.7099609375,4407140000
2020-04-30,57.01266860961914,57.987998962402344,50.900001525878906,52.12533187866211,52.12533187866211,427078500,8911.01953125,8926.1103515625,8825.830078125,8889.5498046875,8889.5498046875,4335660000
2020-05-01,50.33333206176758,51.51800155639648,45.5359992980957,46.75466537475586,46.75466537475586,487977000,8681.2900390625,8754.4599609375,8566.83984375,8604.9501953125,8604.9501953125,3741300000
2020-05-04,46.73333358764648,50.79999923706055,46.53333282470703,50.74599838256836,50.74599838256836,288556500,8555.3203125,8715.8203125,8537.830078125,8710.7099609375,8710.7099609375,3443140000
2020-05-05,52.65266799926758,53.26133346557617,50.8120002746582,51.2140007019043,51.2140007019043,254875500,8809.66015625,8909.9599609375,8781.3095703125,8809.1201171875,8809.1201171875,3933550000
2020-05-06,51.76666641235352,52.6533317565918,50.740665435791016,52.172000885009766,52.172000885009766,166848000,8874.7001953125,8933.25,8819.3701171875,8854.3896484375,8854.3896484375,3656750000
2020-05-07,51.81399917602539,53.09333419799805,51.4900016784668,52.00266647338867,52.00266647338867,172915500,8973.7802734375,9015.990234375,8932.8603515625,8979.66015625,8979.66015625,3787220000
2020-05-08,52.917999267578125,54.93333435058594,52.46733474731445,54.62799835205078,54.62799835205078,241297500,9056.8896484375,9125.98046875,9018.2099609375,9121.3203125,9121.3203125,3813630000
2020-05-11,52.70066833496094,54.93333435058594,52.33333206176758,54.08599853515625,54.08599853515625,247794000,9054.91015625,9241.919921875,9053.169921875,9192.33984375,9192.33984375,3925450000
2020-05-12,55.133331298828125,56.21933364868164,53.866668701171875,53.96066665649414,53.96066665649414,238603500,9225.150390625,9250.9599609375,9000.0703125,9002.5498046875,9002.5498046875,4336510000
2020-05-13,54.72200012207031,55.06666564941406,50.88666534423828,52.73066711425781,52.73066711425781,285982500,9006.0498046875,9074.16015625,8752.6796875,8863.169921875,8863.169921875,4273210000
2020-05-14,52.0,53.557334899902344,50.93333435058594,53.55533218383789,53.55533218383789,205233000,8788.0400390625,8945.7099609375,8705.25,8943.7197265625,8943.7197265625,3965970000
2020-05-15,52.689998626708984,53.66999816894531,52.436668395996094,53.27799987792969,53.27799987792969,157776000,8839.990234375,9018.400390625,8821.3798828125,9014.5595703125,9014.5595703125,4240690000
2020-05-18,55.185333251953125,55.64799880981445,53.59199905395508,54.242000579833984,54.242000579833984,174987000,9177.150390625,9267.2197265625,9154.349609375,9234.830078125,9234.830078125,4341820000
2020-05-19,54.34466552734375,54.80466842651367,53.73866653442383,53.867332458496094,53.867332458496094,144547500,9227.4599609375,9317.25,9183.25,9185.099609375,9185.099609375,4193550000
2020-05-20,54.70000076293945,55.06666564941406,54.119998931884766,54.37066650390625,54.37066650390625,109639500,9305.6201171875,9392.8203125,9304.2001953125,9375.7802734375,9375.7802734375,4315500000
2020-05-21,54.400001525878906,55.5,53.06666564941406,55.17333221435547,55.17333221435547,183819000,9375.1904296875,9405.25,9254.849609375,9284.8798828125,9284.8798828125,3745270000
2020-05-22,54.81133270263672,55.45199966430664,54.133331298828125,54.45866775512695,54.45866775512695,149812500,9278.5498046875,9328.2802734375,9239.41015625,9324.58984375,9324.58984375,3668070000
2020-05-26,55.633331298828125,55.63999938964844,54.38066864013672,54.591331481933594,54.591331481933594,121345500,9501.2099609375,9501.2099609375,9333.16015625,9340.2197265625,9340.2197265625,4448950000
2020-05-27,54.7239990234375,55.180667877197266,52.33333206176758,54.68199920654297,54.68199920654297,173242500,9346.1201171875,9414.6201171875,9144.2802734375,9412.3603515625,9412.3603515625,4489110000
2020-05-28,54.23400115966797,54.98333358764648,53.44599914550781,53.72066879272461,53.72066879272461,108834000,9392.990234375,9523.6396484375,9345.2802734375,9368.990234375,9368.990234375,4113660000
2020-05-29,53.91666793823242,55.66666793823242,53.61399841308594,55.66666793823242,55.66666793823242,176467500,9382.349609375,9505.5498046875,9324.73046875,9489.8701171875,9489.8701171875,4742290000
2020-06-01,57.20000076293945,59.93333435058594,56.939998626708984,59.87333297729492,59.87333297729492,224092500,9471.419921875,9571.2802734375,9462.3203125,9552.0498046875,9552.0498046875,3847770000
2020-06-02,59.64666748046875,60.57733154296875,58.06666564941406,58.77066802978515,58.77066802978515,203484000,9566.5302734375,9611.2197265625,9472.080078125,9608.3798828125,9608.3798828125,3990080000
2020-06-03,59.20800018310547,59.862667083740234,58.67333221435547,58.86399841308594,58.86399841308594,119242500,9651.8603515625,9707.7802734375,9627.169921875,9682.91015625,9682.91015625,4679030000
2020-06-04,59.32533264160156,59.71666717529297,57.22933197021485,57.62533187866211,57.62533187866211,133315500,9649.650390625,9716.1396484375,9560.41015625,9615.8095703125,9615.8095703125,6141320000
2020-06-05,58.522666931152344,59.10133361816406,57.74666595458984,59.04399871826172,59.04399871826172,117178500,9703.5400390625,9845.6904296875,9685.349609375,9814.080078125,9814.080078125,6607730000
2020-06-08,61.26666641235352,63.33333206176758,60.61066818237305,63.327999114990234,63.327999114990234,212620500,9823.4404296875,9927.1298828125,9780.6103515625,9924.75,9924.75,6197330000
2020-06-09,62.66733169555664,63.62933349609375,61.595333099365234,62.711334228515625,62.711334228515625,170823000,9867.1904296875,10002.5,9863.26953125,9953.75,9953.75,5319450000
2020-06-10,66.12533569335938,68.49866485595703,65.5,68.336669921875,68.336669921875,278451000,10012.3203125,10086.8896484375,9962.580078125,10020.349609375,10020.349609375,5170860000
2020-06-11,66.01333618164062,67.9306640625,64.80000305175781,64.85600280761719,64.85600280761719,238747500,9791.240234375,9868.080078125,9491.3095703125,9492.73046875,9492.73046875,5300850000
2020-06-12,65.33333587646484,65.8653335571289,60.84000015258789,62.35200119018555,62.35200119018555,251451000,9715.8701171875,9768.6396484375,9413.6201171875,9588.8095703125,9588.8095703125,4388990000
2020-06-15,61.18600082397461,66.5893325805664,60.56666564941406,66.05999755859375,66.05999755859375,235458000,9426.900390625,9756.0703125,9403.0,9726.01953125,9726.01953125,4476010000
2020-06-16,67.4566650390625,67.52532958984375,64.15933227539062,65.47533416748047,65.47533416748047,210766500,9949.7802734375,9963.6298828125,9748.3798828125,9895.8701171875,9895.8701171875,4669320000
2020-06-17,65.84733581542969,67.0,65.50466918945312,66.11933135986328,66.11933135986328,148362000,9943.3095703125,9991.2099609375,9891.8095703125,9910.5302734375,9910.5302734375,4279700000
2020-06-18,66.86666870117188,67.94667053222656,66.2979965209961,66.9306640625,66.9306640625,146278500,9892.48046875,9959.2001953125,9885.66015625,9943.0498046875,9943.0498046875,4335320000
2020-06-19,67.51866912841797,67.73133087158203,66.0893325805664,66.72666931152344,66.72666931152344,130195500,10042.1298828125,10053.91015625,9872.9404296875,9946.1201171875,9946.1201171875,6093830000
2020-06-22,66.663330078125,67.2586669921875,66.00133514404297,66.28800201416016,66.28800201416016,95436000,9945.490234375,10059.6103515625,9916.599609375,10056.48046875,10056.48046875,4506960000
2020-06-23,66.59200286865234,67.46666717529297,66.267333984375,66.78533172607422,66.78533172607422,95479500,10130.830078125,10221.849609375,10112.4404296875,10131.3701171875,10131.3701171875,5755170000
2020-06-24,66.27400207519531,66.72533416748047,63.542667388916016,64.0566635131836,64.0566635131836,164394000,10092.919921875,10137.5,9842.2197265625,9909.169921875,9909.169921875,5589130000
2020-06-25,63.61800003051758,65.73200225830078,62.47666549682617,65.73200225830078,65.73200225830078,138817500,9899.3603515625,10023.2802734375,9810.4697265625,10017.0,10017.0,4779640000
2020-06-26,66.31866455078125,66.33333587646484,63.65800094604492,63.982666015625,63.982666015625,132823500,9995.1201171875,10000.669921875,9749.0703125,9757.2197265625,9757.2197265625,7309380000
2020-06-29,64.60066986083984,67.33333587646484,63.23466873168945,67.29000091552734,67.29000091552734,135396000,9771.7197265625,9877.33984375,9663.6103515625,9874.150390625,9874.150390625,4336290000
2020-06-30,67.0999984741211,72.51266479492188,66.91533660888672,71.98733520507812,71.98733520507812,253777500,9875.2900390625,10085.58984375,9863.669921875,10058.76953125,10058.76953125,4510190000
2020-07-01,72.19999694824219,75.68866729736328,72.03333282470703,74.64199829101562,74.64199829101562,199903500,10063.669921875,10197.1904296875,10048.0400390625,10154.6298828125,10154.6298828125,4624430000
2020-07-02,81.43199920654297,81.86666870117188,79.04000091552734,80.57733154296875,80.57733154296875,258751500,10268.669921875,10310.3603515625,10194.0595703125,10207.6298828125,10207.6298828125,4038920000
2020-07-06,85.11266326904297,91.85266876220705,84.40266418457031,91.43866729736328,91.43866729736328,308548500,10360.3798828125,10462.0498046875,10354.98046875,10433.650390625,10433.650390625,4570260000
2020-07-07,93.6673355102539,95.3000030517578,89.11399841308594,92.65733337402344,92.65733337402344,322345500,10412.4599609375,10518.98046875,10337.98046875,10343.8896484375,10343.8896484375,4337130000
2020-07-08,93.66666412353516,94.48400115966795,87.42266845703125,91.05867004394533,91.05867004394533,244669500,10409.349609375,10494.6298828125,10350.9599609375,10492.5,10492.5,4030210000
2020-07-09,93.1326675415039,93.90399932861328,90.08533477783205,92.9520034790039,92.9520034790039,175764000,10563.7197265625,10578.099609375,10379.91015625,10547.75,10547.75,4013180000
2020-07-10,93.06666564941406,103.2613296508789,91.73400115966795,102.97666931152344,102.97666931152344,350064000,10545.91015625,10622.349609375,10447.009765625,10617.4404296875,10617.4404296875,3537510000
2020-07-13,110.5999984741211,119.66600036621094,98.0739974975586,99.8040008544922,99.8040008544922,584781000,10729.919921875,10824.7802734375,10368.0400390625,10390.83984375,10390.83984375,4851880000
2020-07-14,103.73332977294922,106.0,95.4000015258789,101.12000274658205,101.12000274658205,351271500,10310.25,10497.830078125,10182.4599609375,10488.580078125,10488.580078125,4461770000
2020-07-15,102.86666870117188,103.33333587646484,97.13333129882812,103.06732940673828,103.06732940673828,245517000,10576.7197265625,10604.669921875,10420.5400390625,10550.490234375,10550.490234375,4647070000
2020-07-16,98.47733306884766,102.11399841308594,97.73332977294922,100.04266357421876,100.04266357421876,214512000,10443.8701171875,10499.7900390625,10364.3896484375,10473.830078125,10473.830078125,4277760000
2020-07-17,100.89666748046876,102.50066375732422,99.33333587646484,100.05599975585938,100.05599975585938,139950000,10500.51953125,10532.6201171875,10421.2099609375,10503.1904296875,10503.1904296875,4361480000
2020-07-20,101.267333984375,110.0,99.1999969482422,109.53333282470705,109.53333282470705,256821000,10526.01953125,10783.7998046875,10488.0400390625,10767.08984375,10767.08984375,4314630000
2020-07-21,109.32866668701172,111.66666412353516,103.86666870117188,104.55733489990234,104.55733489990234,241608000,10837.8798828125,10839.9296875,10650.4599609375,10680.3603515625,10680.3603515625,5350750000
2020-07-22,106.5999984741211,108.4280014038086,104.13333129882812,106.15533447265624,106.15533447265624,212416500,10687.580078125,10745.3203125,10627.4501953125,10706.1298828125,10706.1298828125,4128960000
2020-07-23,111.93000030517578,112.5999984741211,98.71800231933594,100.87133026123048,100.87133026123048,364927500,10689.5,10728.1201171875,10407.8701171875,10461.419921875,10461.419921875,4501540000
2020-07-24,94.40066528320312,97.66666412353516,91.10266876220705,94.46666717529295,94.46666717529295,290949000,10294.41015625,10418.75,10217.3095703125,10363.1796875,10363.1796875,4233390000
2020-07-27,95.66666412353516,103.1959991455078,94.1999969482422,102.63999938964844,102.63999938964844,240730500,10421.7001953125,10546.4404296875,10399.8603515625,10536.26953125,10536.26953125,4244570000
2020-07-28,100.26667022705078,104.3133316040039,98.29467010498048,98.43267059326172,98.43267059326172,237130500,10509.2001953125,10523.6396484375,10397.8701171875,10402.08984375,10402.08984375,3894660000
2020-07-29,100.06666564941406,102.32066345214844,99.13333129882812,99.94066619873048,99.94066619873048,141403500,10474.7001953125,10567.91015625,10464.0,10542.9404296875,10542.9404296875,4009640000
2020-07-30,99.1999969482422,100.8826675415039,98.06666564941406,99.16600036621094,99.16600036621094,114315000,10450.1201171875,10609.58984375,10412.08984375,10587.8095703125,10587.8095703125,4185810000
2020-07-31,101.0,101.13666534423828,94.73200225830078,95.38400268554688,95.38400268554688,183123000,10741.4697265625,10747.7998046875,10557.7001953125,10745.26953125,10745.26953125,4438730000
2020-08-03,96.61333465576172,100.65399932861328,96.29199981689452,99.0,99.0,132139500,10848.6396484375,10927.5595703125,10831.150390625,10902.7998046875,10902.7998046875,4203890000
2020-08-04,99.6673355102539,101.82733154296876,97.46666717529295,99.13333129882812,99.13333129882812,126225000,10897.8896484375,10941.91015625,10852.900390625,10941.169921875,10941.169921875,4016520000
2020-08-05,99.5326690673828,99.98933410644533,97.88733673095705,99.00133514404295,99.00133514404295,74217000,10967.8701171875,11002.1103515625,10943.7197265625,10998.400390625,10998.400390625,4160740000
2020-08-06,99.38866424560548,101.15399932861328,98.48400115966795,99.30533599853516,99.30533599853516,89884500,10989.98046875,11121.1904296875,10963.41015625,11108.0703125,11108.0703125,4120000000
2020-08-07,99.96932983398438,99.98332977294922,94.33399963378906,96.84733581542967,96.84733581542967,133446000,11072.5302734375,11126.0400390625,10920.3701171875,11010.98046875,11010.98046875,4263930000
2020-08-10,96.53333282470705,97.16666412353516,92.38933563232422,94.5713348388672,94.5713348388672,112834500,11033.73046875,11040.240234375,10849.4599609375,10968.3603515625,10968.3603515625,4048420000
2020-08-11,93.06666564941406,94.66666412353516,91.0,91.6259994506836,91.6259994506836,129387000,10942.66015625,10989.419921875,10762.7099609375,10782.8203125,10782.8203125,4331770000
2020-08-12,98.0,105.66666412353516,95.66666412353516,103.65066528320312,103.65066528320312,327441000,10878.1201171875,11036.7197265625,10877.16015625,11012.240234375,11012.240234375,3745230000
2020-08-13,107.4000015258789,110.07866668701172,104.48400115966795,108.06666564941406,108.06666564941406,306379500,11026.8603515625,11124.849609375,11007.5,11042.5,11042.5,3480470000
2020-08-14,110.99933624267578,111.25333404541016,108.44266510009766,110.04733276367188,110.04733276367188,188664000,11042.240234375,11058.4404296875,10972.0595703125,11019.2998046875,11019.2998046875,3514260000
2020-08-17,111.8000030517578,123.05733489990234,111.52200317382812,122.3759994506836,122.3759994506836,303634500,11083.25,11144.5302734375,11080.2998046875,11129.73046875,11129.73046875,3214870000
2020-08-18,126.59933471679688,128.25999450683594,123.00733184814452,125.80599975585938,125.80599975585938,247117500,11170.75,11230.6201171875,11103.830078125,11210.83984375,11210.83984375,3228590000
2020-08-19,124.33333587646484,127.4000015258789,122.74732971191406,125.23533630371094,125.23533630371094,183079500,11214.7998046875,11257.419921875,11132.099609375,11146.4599609375,11146.4599609375,3496480000
2020-08-20,124.04533386230467,134.79933166503906,123.8040008544922,133.45533752441406,133.45533752441406,309177000,11096.400390625,11283.6201171875,11090.0302734375,11264.9501953125,11264.9501953125,4215130000
2020-08-21,136.3173370361328,139.69932556152344,135.00332641601562,136.6653289794922,136.6653289794922,322344000,11258.4404296875,11326.2099609375,11245.4404296875,11311.7998046875,11311.7998046875,3929290000
2020-08-24,141.7519989013672,141.93333435058594,128.50132751464844,134.27999877929688,134.27999877929688,300954000,11449.25,11462.0498046875,11297.5302734375,11379.7197265625,11379.7197265625,3907310000
2020-08-25,131.65933227539062,135.19667053222656,131.1999969482422,134.8893280029297,134.8893280029297,159883500,11370.23046875,11468.259765625,11343.0400390625,11466.4697265625,11466.4697265625,3475280000
2020-08-26,137.3333282470703,144.39999389648438,136.90866088867188,143.54466247558594,143.54466247558594,213591000,11516.6201171875,11672.0498046875,11507.4599609375,11665.0595703125,11665.0595703125,3471520000
2020-08-27,145.36399841308594,153.0399932861328,142.8333282470703,149.25,149.25,355395000,11688.1904296875,11730.009765625,11551.009765625,11625.33984375,11625.33984375,3547400000
2020-08-28,153.00799560546875,154.5659942626953,145.76800537109375,147.55999755859375,147.55999755859375,301218000,11689.2802734375,11708.76953125,11634.76953125,11695.6298828125,11695.6298828125,3012980000
2020-08-31,148.20333862304688,166.7133331298828,146.70333862304688,166.10667419433594,166.10667419433594,355123200,11718.8095703125,11829.83984375,11697.419921875,11775.4599609375,11775.4599609375,3612050000
2020-09-01,167.3800048828125,167.49667358398438,156.836669921875,158.35000610351562,158.35000610351562,269523300,11850.9599609375,11945.7197265625,11794.7802734375,11939.669921875,11939.669921875,3511060000
2020-09-02,159.663330078125,159.67999267578125,135.0399932861328,149.1233367919922,149.1233367919922,288528300,12047.259765625,12074.0595703125,11836.1796875,12056.4404296875,12056.4404296875,3982360000
2020-09-03,135.7433319091797,143.93333435058594,134.0,135.6666717529297,135.6666717529297,262788300,11861.900390625,11894.400390625,11361.3603515625,11458.099609375,11458.099609375,4465010000
2020-09-04,134.27000427246094,142.6666717529297,124.00666809082033,139.44000244140625,139.44000244140625,330965700,11396.240234375,11531.1796875,10875.8701171875,11313.1298828125,11313.1298828125,4284440000
2020-09-08,118.66666412353516,122.913330078125,109.95999908447266,110.06999969482422,110.06999969482422,346397100,10900.7001953125,11131.5,10837.2001953125,10847.6904296875,10847.6904296875,3905420000
2020-09-09,118.86666870117188,123.0,113.836669921875,122.09333038330078,122.09333038330078,238397400,11064.759765625,11217.6904296875,10970.4501953125,11141.5595703125,11141.5595703125,3550660000
2020-09-10,128.73666381835938,132.99667358398438,120.1866683959961,123.77999877929688,123.77999877929688,254791800,11235.5302734375,11299.5302734375,10875.01953125,10919.58984375,10919.58984375,3840010000
2020-09-11,127.3133316040039,127.5,120.16666412353516,124.23999786376952,124.23999786376952,182152500,11010.0703125,11033.0400390625,10728.0302734375,10853.5498046875,10853.5498046875,3630250000
2020-09-14,126.98332977294922,140.0,124.43333435058594,139.8733367919922,139.8733367919922,249061800,11010.1396484375,11118.2900390625,10982.259765625,11056.650390625,11056.650390625,3737610000
2020-09-15,145.52000427246094,153.97999572753906,143.56666564941406,149.9199981689453,149.9199981689453,291894600,11193.9599609375,11244.4599609375,11127.98046875,11190.3203125,11190.3203125,3786110000
2020-09-16,146.6233367919922,152.59666442871094,145.10333251953125,147.25332641601562,147.25332641601562,216837900,11222.080078125,11245.419921875,11046.4296875,11050.4697265625,11050.4697265625,3678020000
2020-09-17,138.53334045410156,145.92999267578125,136.0,141.14332580566406,141.14332580566406,230337600,10796.0498046875,10974.4501953125,10783.8095703125,10910.2802734375,10910.2802734375,3740110000
2020-09-18,149.31333923339844,150.3333282470703,142.93333435058594,147.38333129882812,147.38333129882812,259220400,10973.4501953125,10977.6796875,10639.9501953125,10793.2802734375,10793.2802734375,5759090000
2020-09-21,151.0433349609375,151.89332580566406,135.69000244140625,149.79666137695312,149.79666137695312,328430400,10610.1396484375,10782.740234375,10519.490234375,10778.7998046875,10778.7998046875,3900970000
2020-09-22,143.1999969482422,145.9199981689453,139.1999969482422,141.41000366210938,141.41000366210938,238742400,10873.2998046875,10979.650390625,10737.51953125,10963.6396484375,10963.6396484375,3515440000
2020-09-23,135.05332946777344,137.38333129882812,125.2933349609375,126.7866668701172,126.7866668701172,285222600,10950.8203125,10962.0302734375,10612.91015625,10632.990234375,10632.990234375,4097320000
2020-09-24,121.26667022705078,133.1666717529297,117.0999984741211,129.26333618164062,129.26333618164062,289683300,10551.01953125,10799.5498046875,10520.2197265625,10672.26953125,10672.26953125,4086360000
2020-09-25,131.1566619873047,136.2433319091797,130.43333435058594,135.77999877929688,135.77999877929688,201625500,10680.4599609375,10939.5498046875,10639.98046875,10913.5595703125,10913.5595703125,3785270000
2020-09-28,141.5399932861328,142.69332885742188,138.51666259765625,140.39999389648438,140.39999389648438,149158800,11084.3798828125,11120.7900390625,11019.1396484375,11117.5302734375,11117.5302734375,3591740000
2020-09-29,138.6666717529297,142.8333282470703,137.1999969482422,139.69000244140625,139.69000244140625,150657900,11109.0,11153.23046875,11065.6298828125,11085.25,11085.25,3389040000
2020-09-30,140.44000244140625,144.64332580566406,140.1566619873047,143.00332641601562,143.00332641601562,144436800,11092.900390625,11277.9599609375,11092.900390625,11167.509765625,11167.509765625,4260630000
2020-10-01,146.9199981689453,149.6266632080078,144.80667114257812,149.3866729736328,149.3866729736328,152224500,11291.990234375,11344.1298828125,11240.5302734375,11326.509765625,11326.509765625,4005900000
2020-10-02,140.4633331298828,146.3766632080078,138.3333282470703,138.3633270263672,138.3633270263672,214290000,11082.5302734375,11244.8701171875,11033.6904296875,11075.01953125,11075.01953125,3731510000
2020-10-05,141.11666870117188,144.54666137695312,139.77667236328125,141.89332580566406,141.89332580566406,134168400,11169.1103515625,11335.2099609375,11162.51953125,11332.490234375,11332.490234375,3623920000
2020-10-06,141.26333618164062,142.92666625976562,135.35000610351562,137.9933319091797,137.9933319091797,147438900,11314.5302734375,11392.41015625,11124.4501953125,11154.599609375,11154.599609375,4390960000
2020-10-07,139.9566650390625,143.3000030517578,137.9499969482422,141.76666259765625,141.76666259765625,129383100,11271.6796875,11380.5595703125,11258.349609375,11364.599609375,11364.599609375,3910770000
2020-10-08,146.14666748046875,146.3333282470703,141.76666259765625,141.97332763671875,141.97332763671875,121263300,11443.349609375,11448.23046875,11384.330078125,11420.98046875,11420.98046875,3507570000
2020-10-09,143.3766632080078,144.8633270263672,142.15333557128906,144.6666717529297,144.6666717529297,86777100,11487.599609375,11581.23046875,11476.66015625,11579.9404296875,11579.9404296875,3504230000
2020-10-12,147.3333282470703,149.5800018310547,146.19332885742188,147.43333435058594,147.43333435058594,116373300,11732.330078125,11965.5400390625,11704.1298828125,11876.259765625,11876.259765625,3885030000
2020-10-13,147.78334045410156,149.6300048828125,145.53334045410156,148.88333129882812,148.88333129882812,103391100,11901.759765625,11946.98046875,11821.830078125,11863.900390625,11863.900390625,3634130000
2020-10-14,149.92666625976562,155.3000030517578,149.11666870117188,153.76666259765625,153.76666259765625,143639100,11889.0703125,11939.919921875,11714.349609375,11768.73046875,11768.73046875,3410410000
2020-10-15,150.10333251953125,152.19000244140625,147.5,149.6266632080078,149.6266632080078,107017200,11559.8798828125,11740.6796875,11559.099609375,11713.8701171875,11713.8701171875,3325270000
2020-10-16,151.47999572753906,151.98333740234375,146.28334045410156,146.55667114257812,146.55667114257812,98327700,11761.830078125,11827.419921875,11648.5302734375,11671.5595703125,11671.5595703125,3166980000
2020-10-19,148.74667358398438,149.0,142.9566650390625,143.61000061035156,143.61000061035156,108863400,11732.33984375,11778.1103515625,11454.5703125,11478.8798828125,11478.8798828125,3477410000
2020-10-20,143.9166717529297,143.9166717529297,139.68333435058594,140.64666748046875,140.64666748046875,94968900,11531.830078125,11632.8896484375,11471.23046875,11516.490234375,11516.490234375,3510040000
2020-10-21,140.89999389648438,144.31666564941406,140.4166717529297,140.8800048828125,140.8800048828125,97111500,11530.3896484375,11613.7900390625,11476.080078125,11484.6904296875,11484.6904296875,3467310000
2020-10-22,147.30667114257812,148.41000366210938,141.50332641601562,141.92999267578125,141.92999267578125,119979600,11526.9697265625,11548.76953125,11369.2900390625,11506.009765625,11506.009765625,3434040000
2020-10-23,140.6133270263672,140.9633331298828,135.7933349609375,140.2100067138672,140.2100067138672,101151000,11536.009765625,11548.849609375,11434.8603515625,11548.2802734375,11548.2802734375,3145570000
2020-10-26,137.2100067138672,141.9199981689453,136.6666717529297,140.0933380126953,140.0933380126953,84717600,11440.6396484375,11545.6298828125,11221.0595703125,11358.9404296875,11358.9404296875,3205100000
2020-10-27,141.25332641601562,143.5,140.03334045410156,141.55999755859375,141.55999755859375,68059500,11409.33984375,11465.0595703125,11361.8603515625,11431.349609375,11431.349609375,3104770000
2020-10-28,138.82666015625,139.53334045410156,135.3333282470703,135.33999633789062,135.33999633789062,76354200,11230.900390625,11249.9501953125,10999.0703125,11004.8701171875,11004.8701171875,3930690000
2020-10-29,136.65333557128906,139.35333251953125,135.48666381835938,136.94332885742188,136.94332885742188,67965900,11064.4697265625,11287.6298828125,11030.1904296875,11185.58984375,11185.58984375,3244190000
2020-10-30,135.63333129882812,135.8633270263672,126.37000274658205,129.34666442871094,129.34666442871094,127533900,11103.4697265625,11129.8095703125,10822.5703125,10911.58984375,10911.58984375,3671600000
2020-11-02,131.3333282470703,135.66000366210938,130.76666259765625,133.50332641601562,133.50332641601562,87063300,11010.4501953125,11071.080078125,10830.9501953125,10957.6103515625,10957.6103515625,3209000000
2020-11-03,136.57666015625,142.58999633789062,135.56333923339844,141.3000030517578,141.3000030517578,103055100,11038.66015625,11213.919921875,11004.83984375,11160.5703125,11160.5703125,3216580000
2020-11-04,143.5399932861328,145.13333129882812,139.03334045410156,140.32666015625,140.32666015625,96429300,11443.76953125,11663.3095703125,11394.2099609375,11590.7802734375,11590.7802734375,3620760000
2020-11-05,142.76666259765625,146.6666717529297,141.3333282470703,146.02999877929688,146.02999877929688,85243500,11816.330078125,11924.2802734375,11784.150390625,11890.9296875,11890.9296875,3848160000
2020-11-06,145.36666870117188,145.52333068847656,141.42666625976562,143.31666564941406,143.31666564941406,65118000,11869.900390625,11920.5400390625,11737.1298828125,11895.23046875,11895.23046875,4183220000
2020-11-09,146.5,150.8333282470703,140.3333282470703,140.4199981689453,140.4199981689453,104499000,12046.66015625,12108.0703125,11703.490234375,11713.7802734375,11713.7802734375,5863900000
2020-11-10,140.02999877929688,140.02999877929688,132.00999450683594,136.7866668701172,136.7866668701172,90852600,11622.4404296875,11665.8701171875,11424.6103515625,11553.8603515625,11553.8603515625,4736560000
2020-11-11,138.81666564941406,139.56666564941406,136.86000061035156,139.0433349609375,139.0433349609375,52073100,11656.650390625,11793.5703125,11638.900390625,11786.4296875,11786.4296875,3854680000
2020-11-12,138.35000610351562,141.0,136.5066680908203,137.25332641601562,137.25332641601562,59565300,11802.5,11847.83984375,11666.3701171875,11709.58984375,11709.58984375,3886670000
2020-11-13,136.9499969482422,137.50999450683594,133.8866729736328,136.1666717529297,136.1666717529297,59313300,11794.9404296875,11849.7900390625,11715.51953125,11829.2900390625,11829.2900390625,3654230000
2020-11-16,136.30999755859375,137.48333740234375,134.69667053222656,136.02999877929688,136.02999877929688,80515800,11847.1103515625,11937.7197265625,11814.8896484375,11924.1298828125,11924.1298828125,4172570000
2020-11-17,153.38999938964844,154.0,144.336669921875,147.20333862304688,147.20333862304688,183564900,11913.349609375,11950.1796875,11852.41015625,11899.33984375,11899.33984375,4145030000
2020-11-18,149.4499969482422,165.3333282470703,147.8333282470703,162.2133331298828,162.2133331298828,234132000,11896.0595703125,11942.490234375,11799.9599609375,11801.599609375,11801.599609375,4731420000
2020-11-19,164.0,169.5366668701172,162.52333068847656,166.42333984375,166.42333984375,187425900,11779.0400390625,11912.6298828125,11760.98046875,11904.7099609375,11904.7099609375,5385190000
2020-11-20,165.99667358398438,167.5,163.02000427246094,163.20333862304688,163.20333862304688,98735700,11892.7001953125,11935.4697265625,11852.509765625,11854.9697265625,11854.9697265625,5350970000
2020-11-23,167.8333282470703,175.3333282470703,167.26333618164062,173.9499969482422,173.9499969482422,150780900,11916.759765625,11949.330078125,11796.5302734375,11880.6298828125,11880.6298828125,5473250000
2020-11-24,180.13333129882812,186.663330078125,175.39999389648438,185.1266632080078,185.1266632080078,160945500,11939.330078125,12049.8798828125,11863.4501953125,12036.7900390625,12036.7900390625,6339580000
2020-11-25,183.35333251953125,191.3333282470703,181.7899932861328,191.3333282470703,191.3333282470703,146790600,12053.8896484375,12114.76953125,12020.9501953125,12094.400390625,12094.400390625,4448640000
2020-11-27,193.72000122070312,199.5933380126953,192.8166656494141,195.2533264160156,195.2533264160156,112683300,12159.1796875,12236.23046875,12154.5703125,12205.849609375,12205.849609375,3401830000
2020-11-30,200.73666381835935,202.6000061035156,184.836669921875,189.1999969482422,189.1999969482422,189009300,12224.25,12244.650390625,12027.16015625,12198.740234375,12198.740234375,7760390000
2020-12-01,199.19667053222656,199.28334045410156,190.6833343505859,194.9199981689453,194.9199981689453,120310500,12313.3603515625,12405.7900390625,12263.9296875,12355.1103515625,12355.1103515625,6512420000
2020-12-02,185.47999572753903,190.51333618164065,180.40333557128903,189.6066741943359,189.6066741943359,143327100,12285.75,12360.0595703125,12217.349609375,12349.3701171875,12349.3701171875,5194960000
2020-12-03,196.67333984375,199.6566619873047,194.1433258056641,197.7933349609375,197.7933349609375,127656000,12369.259765625,12439.01953125,12356.990234375,12377.1796875,12377.1796875,5209980000
2020-12-04,197.0033264160156,199.67999267578125,195.1666717529297,199.67999267578125,199.67999267578125,88203900,12399.3203125,12464.23046875,12376.4404296875,12464.23046875,12464.23046875,5086900000
2020-12-07,201.63999938964844,216.26333618164065,201.01666259765625,213.9199981689453,213.9199981689453,168929100,12461.0,12536.23046875,12460.5498046875,12519.9501953125,12519.9501953125,4771820000
2020-12-08,208.5033264160156,217.0933380126953,206.1666717529297,216.6266632080078,216.6266632080078,192795000,12503.169921875,12594.5400390625,12453.2099609375,12582.76953125,12582.76953125,4809480000
2020-12-09,217.89666748046875,218.1066741943359,196.0,201.4933319091797,201.4933319091797,213873600,12591.6904296875,12607.1396484375,12290.7802734375,12338.9501953125,12338.9501953125,5168450000
2020-12-10,191.4566650390625,209.25,188.77999877929688,209.02333068847656,209.02333068847656,201249600,12247.5498046875,12431.5595703125,12214.740234375,12405.8095703125,12405.8095703125,4518580000
2020-12-11,205.0033264160156,208.0,198.9333343505859,203.3300018310547,203.3300018310547,139425000,12336.7900390625,12383.5,12246.76953125,12377.8701171875,12377.8701171875,4292680000
2020-12-14,206.3333282470703,214.25,203.3999938964844,213.27667236328125,213.27667236328125,156121800,12447.4404296875,12543.0,12432.7099609375,12440.0400390625,12440.0400390625,4491930000
2020-12-15,214.4266662597656,215.63333129882812,207.9333343505859,211.0833282470703,211.0833282470703,135214500,12543.259765625,12596.1298828125,12465.419921875,12595.0595703125,12595.0595703125,4423650000
2020-12-16,209.41000366210935,210.8333282470703,201.6666717529297,207.58999633789065,207.58999633789065,126287400,12611.0400390625,12687.3203125,12566.3798828125,12658.1904296875,12658.1904296875,4592700000
2020-12-17,209.39666748046875,219.6066741943359,206.5,218.63333129882812,218.63333129882812,168810300,12730.7802734375,12765.25,12696.349609375,12764.75,12764.75,5029830000
2020-12-18,222.96665954589844,231.6666717529297,209.51333618164065,231.6666717529297,231.6666717529297,666378600,12804.9296875,12809.599609375,12654.599609375,12755.6396484375,12755.6396484375,7125800000
2020-12-21,222.0800018310547,222.8333282470703,215.3566741943359,216.6199951171875,216.6199951171875,174135900,12596.1396484375,12751.26953125,12525.2197265625,12742.51953125,12742.51953125,5192860000
2020-12-22,216.0,216.6266632080078,204.7433319091797,213.44667053222656,213.44667053222656,155148000,12785.2197265625,12840.5703125,12695.3095703125,12807.919921875,12807.919921875,5811850000
2020-12-23,210.73333740234375,217.1666717529297,207.52333068847656,215.32666015625,215.32666015625,99519000,12834.9404296875,12841.919921875,12758.669921875,12771.1103515625,12771.1103515625,7100250000
2020-12-24,214.3300018310547,222.02999877929688,213.6666717529297,220.58999633789065,220.58999633789065,68596800,12791.5400390625,12833.5498046875,12767.6396484375,12804.73046875,12804.73046875,3305960000
2020-12-28,224.836669921875,227.13333129882812,220.26666259765625,221.22999572753903,221.22999572753903,96835800,12914.6396484375,12930.8896484375,12827.4501953125,12899.419921875,12899.419921875,5109140000
2020-12-29,220.3333282470703,223.3000030517578,218.3333282470703,221.9966735839844,221.9966735839844,68732400,12965.3896484375,12973.330078125,12821.9599609375,12850.2197265625,12850.2197265625,4726920000
2020-12-30,224.0,232.1999969482422,222.7866668701172,231.5933380126953,231.5933380126953,128538000,12906.509765625,12924.9296875,12857.759765625,12870.0,12870.0,5343010000
2020-12-31,233.3300018310547,239.5733337402344,230.3733367919922,235.22332763671875,235.22332763671875,148949700,12877.08984375,12902.0703125,12821.23046875,12888.2802734375,12888.2802734375,4815840000
2021-01-04,239.82000732421875,248.163330078125,239.06333923339844,243.2566680908203,243.2566680908203,145914600,12958.51953125,12958.7197265625,12543.240234375,12698.4501953125,12698.4501953125,6636170000
2021-01-05,241.22000122070312,246.94667053222656,239.73333740234375,245.0366668701172,245.0366668701172,96735600,12665.650390625,12828.26953125,12665.650390625,12818.9599609375,12818.9599609375,6971860000
2021-01-06,252.8300018310547,258.0,249.6999969482422,251.9933319091797,251.9933319091797,134100000,12666.150390625,12909.6298828125,12649.990234375,12740.7900390625,12740.7900390625,7689880000
2021-01-07,259.2099914550781,272.3299865722656,258.3999938964844,272.0133361816406,272.0133361816406,154496700,12867.33984375,13090.91015625,12867.33984375,13067.48046875,13067.48046875,6841480000
2021-01-08,285.3333435058594,294.8299865722656,279.46331787109375,293.3399963378906,293.3399963378906,225166500,13160.2197265625,13208.08984375,13036.5498046875,13201.98046875,13201.98046875,7289390000
2021-01-11,283.1333312988281,284.80999755859375,267.8733215332031,270.39666748046875,270.39666748046875,177904800,13048.7802734375,13138.26953125,12999.509765625,13036.4296875,13036.4296875,6960470000
2021-01-12,277.0,289.3333435058594,275.7799987792969,283.14666748046875,283.14666748046875,138812100,13062.0595703125,13105.0400390625,12963.919921875,13072.4296875,13072.4296875,7264070000
2021-01-13,284.2533264160156,286.8233337402344,277.3333435058594,284.8033447265625,284.8033447265625,99937500,13088.009765625,13171.150390625,13051.0595703125,13128.9501953125,13128.9501953125,7104810000
2021-01-14,281.1300048828125,287.6666564941406,279.5833435058594,281.6666564941406,281.6666564941406,93798900,13174.75,13220.16015625,13098.41015625,13112.6396484375,13112.6396484375,6734100000
2021-01-15,284.0,286.6333312988281,273.0333251953125,275.38665771484375,275.38665771484375,116332800,13099.900390625,13139.830078125,12949.759765625,12998.5,12998.5,6458360000
2021-01-19,279.26666259765625,283.3333435058594,277.6666564941406,281.51666259765625,281.51666259765625,76101000,13132.73046875,13206.8603515625,13078.7001953125,13197.1796875,13197.1796875,6297860000
2021-01-20,286.2466735839844,286.5,279.09332275390625,283.48333740234375,283.48333740234375,76997700,13342.5498046875,13486.1298828125,13329.76953125,13457.25,13457.25,6820990000
2021-01-21,285.0,285.239990234375,280.47332763671875,281.663330078125,281.663330078125,61563300,13521.48046875,13560.349609375,13454.0703125,13530.91015625,13530.91015625,7258640000
2021-01-22,278.10333251953125,282.6666564941406,276.2066650390625,282.21331787109375,282.21331787109375,60199500,13474.8095703125,13567.1396484375,13463.66015625,13543.0595703125,13543.0595703125,5972750000
2021-01-25,285.0,300.1333312988281,279.6066589355469,293.6000061035156,293.6000061035156,123520200,13681.2099609375,13728.98046875,13368.6796875,13635.990234375,13635.990234375,7193710000
2021-01-26,297.1266784667969,298.6333312988281,290.5333251953125,294.36334228515625,294.36334228515625,69394800,13681.7197265625,13702.6904296875,13603.1904296875,13626.0595703125,13626.0595703125,6849600000
2021-01-27,290.1166687011719,297.1666564941406,286.2200012207031,288.0533447265625,288.0533447265625,82002000,13486.580078125,13538.419921875,13192.91015625,13270.599609375,13270.599609375,11621190000
2021-01-28,273.3333435058594,282.6666564941406,267.0,278.4766540527344,278.4766540527344,79134000,13323.2900390625,13507.6396484375,13316.51953125,13337.16015625,13337.16015625,9959270000
2021-01-29,276.6666564941406,280.8033447265625,260.0333251953125,264.510009765625,264.510009765625,104972400,13284.7197265625,13322.0,12985.0498046875,13070.6904296875,13070.6904296875,7872250000
2021-02-01,271.42999267578125,280.6666564941406,265.1866760253906,279.9366760253906,279.9366760253906,76174200,13226.1796875,13431.4599609375,13132.4697265625,13403.3896484375,13403.3896484375,7092520000
2021-02-02,281.55999755859375,293.5,280.73333740234375,290.92999267578125,290.92999267578125,73038600,13543.099609375,13652.7001953125,13535.8603515625,13612.7802734375,13612.7802734375,7325270000
2021-02-03,292.3399963378906,292.6933288574219,284.35333251953125,284.89666748046875,284.89666748046875,55030500,13718.3095703125,13723.830078125,13585.33984375,13610.5400390625,13610.5400390625,7546940000
2021-02-04,285.0,285.5,277.8066711425781,283.3299865722656,283.3299865722656,47438100,13674.0595703125,13778.419921875,13631.6201171875,13777.740234375,13777.740234375,7295370000
2021-02-05,281.6666564941406,288.25665283203125,279.65667724609375,284.07666015625,284.07666015625,55699800,13824.8798828125,13878.16015625,13761.66015625,13856.2998046875,13856.2998046875,6792910000
2021-02-08,289.8900146484375,292.5899963378906,284.9166564941406,287.8066711425781,287.8066711425781,60485100,13937.0595703125,13987.740234375,13894.150390625,13987.6396484375,13987.6396484375,8564530000
2021-02-09,285.0400085449219,286.6000061035156,280.5833435058594,283.1533203125,283.1533203125,45473100,13966.8203125,14044.9501953125,13966.5498046875,14007.7001953125,14007.7001953125,8766770000
2021-02-10,281.21331787109375,281.6066589355469,266.67333984375,268.2733459472656,268.2733459472656,108648300,14093.349609375,14109.1201171875,13845.4697265625,13972.5302734375,13972.5302734375,10785930000
2021-02-11,270.8133239746094,276.6266784667969,267.24334716796875,270.5533447265625,270.5533447265625,64868400,14045.2099609375,14058.91015625,13916.849609375,14025.76953125,14025.76953125,10916780000
2021-02-12,267.086669921875,272.4433288574219,261.77667236328125,272.0400085449219,272.0400085449219,71304900,13979.2099609375,14102.0400390625,13937.7099609375,14095.4697265625,14095.4697265625,7416940000
2021-02-16,272.6666564941406,273.6666564941406,264.14666748046875,265.40667724609375,265.40667724609375,59406900,14152.2099609375,14175.1201171875,13995.4501953125,14047.5,14047.5,7722100000
2021-02-17,259.6966552734375,266.61334228515625,254.0033264160156,266.04998779296875,266.04998779296875,77989500,13911.650390625,13976.4296875,13804.259765625,13965.490234375,13965.490234375,7280500000
2021-02-18,260.29998779296875,264.89666748046875,258.75665283203125,262.4599914550781,262.4599914550781,53871300,13814.669921875,13905.9599609375,13714.349609375,13865.3603515625,13865.3603515625,6499420000
2021-02-19,265.0,265.5966796875,259.1233215332031,260.4333190917969,260.4333190917969,56874900,13929.2001953125,13985.580078125,13842.599609375,13874.4599609375,13874.4599609375,6737820000
2021-02-22,254.2133331298828,256.1666564941406,236.73333740234375,238.1666717529297,238.1666717529297,111809100,13714.2001953125,13757.0595703125,13530.9599609375,13533.0498046875,13533.0498046875,6483740000
2021-02-23,220.7100067138672,237.8699951171875,206.3333282470703,232.94667053222656,232.94667053222656,199820700,13262.6103515625,13526.08984375,13003.98046875,13465.2001953125,13465.2001953125,7516510000
2021-02-24,237.28334045410156,248.3333282470703,231.38999938964844,247.33999633789065,247.33999633789065,110301000,13400.25,13607.3603515625,13286.58984375,13597.9697265625,13597.9697265625,5886230000
2021-02-25,242.0500030517578,245.73666381835935,223.52667236328125,227.4066619873047,227.4066619873047,117071700,13512.6396484375,13602.8603515625,13066.3798828125,13119.4296875,13119.4296875,6390380000
2021-02-26,233.3333282470703,235.5666656494141,219.836669921875,225.1666717529297,225.1666717529297,123267600,13232.900390625,13368.0595703125,13024.5302734375,13192.349609375,13192.349609375,5906110000
2021-03-01,230.0366668701172,239.6666717529297,228.3500061035156,239.47666931152344,239.47666931152344,81408600,13406.16015625,13596.58984375,13362.66015625,13588.830078125,13588.830078125,5079530000
2021-03-02,239.4266662597656,240.3699951171875,228.3333282470703,228.81333923339844,228.81333923339844,71196600,13599.4501953125,13601.330078125,13352.0,13358.7900390625,13358.7900390625,4948140000
2021-03-03,229.3300018310547,233.5666656494141,217.23666381835935,217.73333740234375,217.73333740234375,90624000,13336.25,13372.51953125,12995.0703125,12997.75,12997.75,5529980000
2021-03-04,218.6000061035156,222.8166656494141,200.0,207.14666748046875,207.14666748046875,197758500,12953.990234375,13068.7099609375,12553.9599609375,12723.4697265625,12723.4697265625,7864380000
2021-03-05,208.68666076660156,209.27999877929688,179.8300018310547,199.3166656494141,199.3166656494141,268189500,12860.0400390625,12941.2099609375,12397.0498046875,12920.150390625,12920.150390625,7725200000
2021-03-08,200.1833343505859,206.7100067138672,186.26333618164065,187.6666717529297,187.6666717529297,155361000,12904.259765625,13001.0,12599.23046875,12609.16015625,12609.16015625,6010230000
2021-03-09,202.72666931152344,226.02999877929688,198.40333557128903,224.52667236328125,224.52667236328125,202569900,12923.0703125,13151.5400390625,12882.490234375,13073.8203125,13073.8203125,6345560000
2021-03-10,233.4333343505859,239.28334045410156,218.35333251953125,222.68666076660156,222.68666076660156,181817100,13234.73046875,13277.1103515625,13035.4404296875,13068.830078125,13068.830078125,6023880000
2021-03-11,233.13333129882812,234.1666717529297,225.72666931152344,233.1999969482422,233.1999969482422,108761700,13273.3095703125,13433.6201171875,13246.330078125,13398.669921875,13398.669921875,6008850000
2021-03-12,223.3333282470703,231.6266632080078,222.04666137695312,231.2433319091797,231.2433319091797,100751400,13222.8095703125,13324.6904296875,13158.7197265625,13319.8603515625,13319.8603515625,5497210000
2021-03-15,231.3633270263672,237.72666931152344,228.01333618164065,235.97999572753903,235.97999572753903,88006800,13323.4697265625,13460.349609375,13272.5,13459.7099609375,13459.7099609375,5972370000
2021-03-16,234.4499969482422,235.97332763671875,223.6666717529297,225.6266632080078,225.6266632080078,96587100,13523.169921875,13620.7099609375,13397.080078125,13471.5703125,13471.5703125,5493890000
2021-03-17,218.9566650390625,234.57666015625,217.0033264160156,233.93666076660156,233.93666076660156,121117500,13336.91015625,13595.0,13272.6904296875,13525.2001953125,13525.2001953125,5536110000
2021-03-18,228.09666442871097,229.7433319091797,217.3333282470703,217.72000122070312,217.72000122070312,99674400,13349.2001953125,13384.4599609375,13101.919921875,13116.169921875,13116.169921875,5739720000
2021-03-19,215.53334045410156,219.07666015625,208.2066650390625,218.2899932861328,218.2899932861328,128682000,13119.900390625,13252.3701171875,13039.4501953125,13215.240234375,13215.240234375,7630590000
2021-03-22,228.19667053222656,233.2066650390625,222.9166717529297,223.3333282470703,223.3333282470703,118536600,13278.7802734375,13455.6396484375,13278.7802734375,13377.5400390625,13377.5400390625,5321760000
2021-03-23,225.2566680908203,225.9333343505859,219.1699981689453,220.72000122070312,220.72000122070312,91475700,13381.4296875,13405.150390625,13202.4296875,13227.7001953125,13227.7001953125,5675010000
2021-03-24,222.6366729736328,222.67333984375,210.0366668701172,210.08999633789065,210.08999633789065,101385600,13289.240234375,13292.919921875,12961.349609375,12961.8896484375,12961.8896484375,6248650000
2021-03-25,204.3333282470703,215.1666717529297,203.1666717529297,213.4633331298828,213.4633331298828,117674700,12844.580078125,13021.8603515625,12786.8095703125,12977.6796875,12977.6796875,5634290000
2021-03-26,213.9566650390625,214.6066741943359,199.9633331298828,206.23666381835935,206.23666381835935,101558400,12996.0302734375,13149.5498046875,12878.7197265625,13138.73046875,13138.73046875,5224360000
2021-03-29,205.2133331298828,205.4933319091797,198.67333984375,203.76333618164065,203.76333618164065,85911000,13103.9697265625,13143.41015625,12968.16015625,13059.650390625,13059.650390625,4965090000
2021-03-30,200.5833282470703,212.55332946777344,197.0033264160156,211.8733367919922,211.8733367919922,118297200,13008.7998046875,13075.75,12922.5703125,13045.3896484375,13045.3896484375,4721950000
2021-03-31,215.5399932861328,224.0,213.70333862304688,222.6433258056641,222.6433258056641,100011900,13122.5703125,13325.5400390625,13118.3798828125,13246.8701171875,13246.8701171875,5004720000
2021-04-01,229.4566650390625,230.80667114257812,219.80667114257812,220.5833282470703,220.5833282470703,105895200,13414.3203125,13487.080078125,13404.1796875,13480.1103515625,13480.1103515625,4576480000
2021-04-05,235.90333557128903,236.05332946777344,228.23333740234375,230.3500061035156,230.3500061035156,125528400,13594.900390625,13720.580078125,13582.759765625,13705.58984375,13705.58984375,4459000000
2021-04-06,230.1000061035156,232.1833343505859,227.1233367919922,230.5399932861328,230.5399932861328,84815400,13681.669921875,13776.7099609375,13674.2802734375,13698.3798828125,13698.3798828125,4073710000
2021-04-07,229.0,230.4600067138672,222.6133270263672,223.6566619873047,223.6566619873047,78928200,13675.2998046875,13733.0302734375,13653.58984375,13688.83984375,13688.83984375,4098740000
2021-04-08,225.7933349609375,229.8500061035156,223.88333129882812,227.9333343505859,227.9333343505859,71772900,13796.8896484375,13830.1396484375,13758.7099609375,13829.3095703125,13829.3095703125,4153600000
2021-04-09,225.92333984375,226.9900054931641,223.1433258056641,225.67333984375,225.67333984375,64311300,13787.01953125,13905.41015625,13748.349609375,13900.1904296875,13900.1904296875,3926110000
2021-04-12,228.5666656494141,234.9333343505859,227.3633270263672,233.9933319091797,233.9933319091797,87407100,13854.4404296875,13877.0,13783.9501953125,13850.0,13850.0,4250900000
2021-04-13,237.5666656494141,254.3333282470703,236.8866729736328,254.1066741943359,254.1066741943359,133958400,13902.4501953125,14011.509765625,13902.4501953125,13996.099609375,13996.099609375,4219360000
2021-04-14,256.8999938964844,260.2633361816406,242.6766662597656,244.07666015625,244.07666015625,147052200,14004.080078125,14033.6298828125,13839.0400390625,13857.83984375,13857.83984375,4120770000
2021-04-15,247.6999969482422,247.89666748046875,240.43666076660156,246.28334045410156,246.28334045410156,83546700,13983.23046875,14049.1298828125,13970.419921875,14038.759765625,14038.759765625,4406880000
2021-04-16,242.88333129882812,249.80332946777344,241.53334045410156,246.5933380126953,246.5933380126953,83938500,14059.1103515625,14062.5,13977.0498046875,14052.33984375,14052.33984375,4427780000
2021-04-19,239.86666870117188,241.8000030517578,230.6000061035156,238.2100067138672,238.2100067138672,119058600,13984.580078125,14041.7900390625,13842.5703125,13914.76953125,13914.76953125,4379610000
2021-04-20,239.13999938964844,245.75,236.89666748046875,239.663330078125,239.663330078125,106827000,13894.4599609375,13927.669921875,13698.669921875,13786.26953125,13786.26953125,4245120000
2021-04-21,234.92333984375,248.27999877929688,232.6666717529297,248.0399932861328,248.0399932861328,93646500,13745.76953125,13951.349609375,13706.8603515625,13950.2197265625,13950.2197265625,3999620000
2021-04-22,247.1666717529297,251.2566680908203,239.34666442871097,239.89666748046875,239.89666748046875,106770900,13952.5703125,14015.8701171875,13771.0400390625,13818.41015625,13818.41015625,4420820000
2021-04-23,239.9333343505859,245.7866668701172,238.48666381835935,243.13333129882812,243.13333129882812,85110000,13861.3701171875,14062.740234375,13856.830078125,14016.8095703125,14016.8095703125,4355100000
2021-04-26,247.0,249.76666259765625,244.20333862304688,246.0666656494141,246.0666656494141,93115500,14052.3798828125,14154.0302734375,14019.5,14138.7802734375,14138.7802734375,4506210000
2021-04-27,239.32000732421875,241.3333282470703,234.4499969482422,234.913330078125,234.913330078125,88311000,14170.91015625,14171.240234375,14064.2802734375,14090.2197265625,14090.2197265625,4691460000
2021-04-28,232.1366729736328,236.1666717529297,231.1999969482422,231.46665954589844,231.46665954589844,66813000,14082.7802734375,14133.650390625,14034.7001953125,14051.0302734375,14051.0302734375,4559710000
2021-04-29,233.1699981689453,234.0833282470703,222.8333282470703,225.6666717529297,225.6666717529297,86536200,14204.509765625,14211.5703125,13952.7998046875,14082.5498046875,14082.5498046875,4928030000
2021-04-30,222.52999877929688,238.4900054931641,222.04666137695312,236.47999572753903,236.47999572753903,122276100,13970.73046875,14084.759765625,13941.6298828125,13962.6796875,13962.6796875,4792460000
2021-05-03,234.6000061035156,235.3333282470703,226.8333282470703,228.3000030517578,228.3000030517578,81129300,14031.76953125,14042.1201171875,13881.509765625,13895.1201171875,13895.1201171875,4761430000
2021-05-04,226.31333923339844,227.8166656494141,219.23333740234375,224.53334045410156,224.53334045410156,89217900,13774.509765625,13795.5703125,13485.58984375,13633.5,13633.5,5879730000
2021-05-05,227.02000427246097,228.4333343505859,222.44667053222656,223.64666748046875,223.64666748046875,65705700,13731.1298828125,13753.0498046875,13553.9296875,13582.419921875,13582.419921875,4535690000
2021-05-06,226.9199981689453,227.0066680908203,216.6666717529297,221.17999267578125,221.17999267578125,83353800,13557.830078125,13635.73046875,13439.3896484375,13632.83984375,13632.83984375,5021400000
2021-05-07,221.9333343505859,230.0,220.0733337402344,224.1233367919922,224.1233367919922,70407600,13723.08984375,13828.6201171875,13690.75,13752.240234375,13752.240234375,4391100000
2021-05-10,221.63333129882812,221.6833343505859,209.20333862304688,209.67999267578125,209.67999267578125,94177200,13687.58984375,13687.9296875,13401.740234375,13401.8603515625,13401.8603515625,4818670000
2021-05-11,199.7466735839844,209.03334045410156,198.53334045410156,205.73333740234375,205.73333740234375,139511700,13115.849609375,13423.3095703125,13107.669921875,13389.4296875,13389.4296875,4738390000
2021-05-12,200.8300018310547,206.80332946777344,195.58999633789065,196.6300048828125,196.6300048828125,101470800,13215.490234375,13288.6103515625,13002.5400390625,13031.6796875,13031.6796875,4752930000
2021-05-13,200.51333618164065,202.15333557128903,186.5500030517578,190.56333923339844,190.56333923339844,132554700,13150.9404296875,13247.8701171875,13007.240234375,13124.990234375,13124.990234375,4698110000
2021-05-14,194.47000122070312,197.6233367919922,190.15333557128903,196.5800018310547,196.5800018310547,100112700,13255.650390625,13460.8798828125,13242.9697265625,13429.98046875,13429.98046875,4022610000
2021-05-17,191.8500061035156,196.57666015625,187.0666656494141,192.27667236328125,192.27667236328125,97171200,13368.7998046875,13399.169921875,13265.400390625,13379.0498046875,13379.0498046875,3997780000
2021-05-18,189.3333282470703,198.75,187.7933349609375,192.6233367919922,192.6233367919922,110491800,13416.900390625,13485.33984375,13299.9296875,13303.6396484375,13303.6396484375,4301300000
2021-05-19,184.1833343505859,188.73666381835935,182.32666015625,187.82000732421875,187.82000732421875,118735200,13078.1904296875,13304.6103515625,13072.23046875,13299.740234375,13299.740234375,4333520000
2021-05-20,191.6666717529297,196.28334045410156,190.3566741943359,195.5933380126953,195.5933380126953,92463300,13356.6298828125,13563.51953125,13355.7099609375,13535.740234375,13535.740234375,3990760000
2021-05-21,198.70333862304688,198.8933258056641,193.3333282470703,193.6266632080078,193.6266632080078,78091800,13616.1904296875,13616.580078125,13463.259765625,13470.990234375,13470.990234375,3733940000
2021-05-24,193.86666870117188,204.82666015625,191.21665954589844,202.14666748046875,202.14666748046875,103674300,13557.2099609375,13708.849609375,13551.009765625,13661.169921875,13661.169921875,3509470000
2021-05-25,202.43666076660156,204.663330078125,198.57000732421875,201.56333923339844,201.56333923339844,84017700,13721.5400390625,13751.1396484375,13631.7998046875,13657.169921875,13657.169921875,4128990000
2021-05-26,202.52000427246097,208.72332763671875,200.5,206.3766632080078,206.3766632080078,85917900,13693.9404296875,13750.16015625,13679.58984375,13738.0,13738.0,4264500000
2021-05-27,206.7466735839844,210.3766632080078,205.40333557128903,210.28334045410156,210.28334045410156,79111800,13742.58984375,13776.51953125,13701.6298828125,13736.2802734375,13736.2802734375,5087180000
2021-05-28,209.5,211.8633270263672,207.4600067138672,208.4066619873047,208.4066619873047,68211000,13792.0498046875,13820.8701171875,13747.6103515625,13748.740234375,13748.740234375,4447940000
2021-06-01,209.26666259765625,211.26666259765625,206.8500061035156,207.96665954589844,207.96665954589844,54254700,13829.0595703125,13836.169921875,13678.76953125,13736.48046875,13736.48046875,4186280000
2021-06-02,206.7100067138672,207.7866668701172,199.7133331298828,201.7066650390625,201.7066650390625,69908400,13743.240234375,13775.8896484375,13689.740234375,13756.330078125,13756.330078125,5097630000
2021-06-03,200.6000061035156,201.51666259765625,190.4066619873047,190.94667053222656,190.94667053222656,90335700,13655.75,13684.1298828125,13548.9296875,13614.509765625,13614.509765625,5396250000
2021-06-04,193.23666381835935,200.20333862304688,192.3999938964844,199.6833343505859,199.6833343505859,72110700,13697.25,13826.8203125,13692.009765625,13814.490234375,13814.490234375,4360710000
2021-06-07,197.27667236328125,203.3333282470703,194.2933349609375,201.7100067138672,201.7100067138672,67631100,13802.8203125,13889.1103515625,13784.8896484375,13881.7197265625,13881.7197265625,4639210000
2021-06-08,207.6699981689453,207.69667053222656,198.5,201.19667053222656,201.19667053222656,78160200,13946.3203125,13981.7197265625,13831.98046875,13924.91015625,13924.91015625,5958410000
2021-06-09,200.72332763671875,203.92999267578125,199.2100067138672,199.5933380126953,199.5933380126953,49753800,13980.23046875,14003.5,13906.4501953125,13911.75,13911.75,5640490000
2021-06-10,201.2933349609375,205.52999877929688,200.1666717529297,203.3733367919922,203.3733367919922,71758800,13933.8798828125,14031.1904296875,13904.400390625,14020.330078125,14020.330078125,4919880000
2021-06-11,203.41000366210935,204.18666076660156,200.5066680908203,203.29666137695312,203.29666137695312,48615900,14030.849609375,14069.419921875,14006.58984375,14069.419921875,14069.419921875,4157580000
2021-06-14,204.07666015625,208.4966735839844,203.05999755859375,205.89666748046875,205.89666748046875,61272000,14083.4697265625,14175.4501953125,14056.669921875,14174.1396484375,14174.1396484375,4415160000
2021-06-15,205.56333923339844,205.59666442871097,199.41000366210935,199.7866668701172,199.7866668701172,53292300,14166.6396484375,14171.01953125,14052.16015625,14072.8603515625,14072.8603515625,4554580000
2021-06-16,199.17999267578125,202.8333282470703,197.8333282470703,201.6233367919922,201.6233367919922,66432300,14085.5498046875,14129.6904296875,13903.73046875,14039.6796875,14039.6796875,4683030000
2021-06-17,200.6300048828125,207.1566619873047,200.44667053222656,205.53334045410156,205.53334045410156,68104200,13999.1298828125,14196.2099609375,13998.9296875,14161.349609375,14161.349609375,4558280000
2021-06-18,204.4566650390625,209.4499969482422,203.9333343505859,207.77000427246097,207.77000427246097,73682700,14096.9296875,14129.2197265625,14009.0400390625,14030.3798828125,14030.3798828125,6126070000
2021-06-21,208.16000366210935,210.4633331298828,202.9600067138672,206.94332885742188,206.94332885742188,74438100,14047.419921875,14150.7802734375,13960.0400390625,14141.48046875,14141.48046875,4562010000
2021-06-22,206.0833282470703,209.52333068847656,205.1666717529297,207.90333557128903,207.90333557128903,57476700,14138.2900390625,14269.76953125,14121.0,14253.26953125,14253.26953125,4433140000
2021-06-23,210.6666717529297,219.0666656494141,210.01333618164065,218.8566741943359,218.8566741943359,93297600,14263.3798828125,14317.66015625,14246.2998046875,14271.73046875,14271.73046875,4417470000
2021-06-24,224.9966735839844,232.5399932861328,222.5366668701172,226.6066741943359,226.6066741943359,137947200,14357.26953125,14414.4599609375,14333.7001953125,14369.7099609375,14369.7099609375,4324620000
2021-06-25,229.86000061035156,231.27000427246097,222.8999938964844,223.9566650390625,223.9566650390625,97490100,14400.8095703125,14409.080078125,14337.650390625,14360.3896484375,14360.3896484375,7468090000
2021-06-28,223.8800048828125,231.5666656494141,223.44000244140625,229.5733337402344,229.5733337402344,64884600,14417.8095703125,14505.1904296875,14417.2001953125,14500.509765625,14500.509765625,4283000000
2021-06-29,228.21665954589844,229.1699981689453,225.29666137695312,226.9199981689453,226.9199981689453,52143900,14509.1904296875,14535.9697265625,14471.3798828125,14528.330078125,14528.330078125,4901300000
2021-06-30,226.58999633789065,230.93666076660156,226.04666137695312,226.5666656494141,226.5666656494141,56774700,14509.849609375,14526.8095703125,14478.0595703125,14503.9501953125,14503.9501953125,5293810000
2021-07-01,227.97332763671875,229.3300018310547,224.26666259765625,225.97332763671875,225.97332763671875,55903500,14493.6904296875,14533.5498046875,14439.400390625,14522.3798828125,14522.3798828125,4410470000
2021-07-02,226.32666015625,233.3333282470703,224.4199981689453,226.3000030517578,226.3000030517578,81163500,14582.98046875,14649.1103515625,14555.33984375,14639.330078125,14639.330078125,3751420000
2021-07-06,227.23666381835935,228.0,217.13333129882812,219.86000061035156,219.86000061035156,69853500,14661.5498046875,14687.0,14529.7998046875,14663.6396484375,14663.6396484375,4489540000
2021-07-07,221.42333984375,221.8999938964844,212.77333068847656,214.88333129882812,214.88333129882812,56376000,14753.41015625,14755.330078125,14580.7900390625,14665.0595703125,14665.0595703125,4605630000
2021-07-08,209.4566650390625,218.1433258056641,206.82000732421875,217.60333251953125,217.60333251953125,68319900,14409.2001953125,14610.0595703125,14371.58984375,14559.7802734375,14559.7802734375,4575010000
2021-07-09,217.72666931152344,219.6366729736328,214.89666748046875,218.98333740234375,218.98333740234375,54421500,14578.4296875,14710.2001953125,14552.259765625,14701.919921875,14701.919921875,3826500000
2021-07-12,220.73333740234375,229.0800018310547,220.72000122070312,228.5666656494141,228.5666656494141,77781000,14743.8603515625,14761.080078125,14672.6298828125,14733.240234375,14733.240234375,3897090000
2021-07-13,228.77333068847656,231.0933380126953,222.1000061035156,222.84666442871097,222.84666442871097,62898300,14715.1298828125,14803.6796875,14660.1904296875,14677.650390625,14677.650390625,4583460000
2021-07-14,223.5833282470703,226.20333862304688,217.6133270263672,217.7933349609375,217.7933349609375,64923600,14780.900390625,14790.5498046875,14632.9501953125,14644.9501953125,14644.9501953125,4496220000
2021-07-15,219.4633331298828,222.04666137695312,212.6266632080078,216.86666870117188,216.86666870117188,60628800,14635.7802734375,14650.3701171875,14451.7998046875,14543.1298828125,14543.1298828125,4512550000
2021-07-16,218.22666931152344,218.8999938964844,214.0666656494141,214.7400054931641,214.7400054931641,49113000,14597.509765625,14623.01953125,14413.3203125,14427.240234375,14427.240234375,4069530000
2021-07-19,209.9633331298828,215.73333740234375,207.09666442871097,215.4066619873047,215.4066619873047,63891300,14235.98046875,14313.599609375,14178.66015625,14274.98046875,14274.98046875,4537130000
2021-07-20,217.3300018310547,220.79666137695312,213.5,220.1666717529297,220.1666717529297,46461300,14330.4599609375,14555.75,14271.23046875,14498.8798828125,14498.8798828125,4652450000
2021-07-21,219.8699951171875,221.6199951171875,216.76333618164065,218.42999267578125,218.42999267578125,41859900,14508.75,14633.1396484375,14498.650390625,14631.9501953125,14631.9501953125,4098520000
2021-07-22,218.81333923339844,220.72332763671875,214.86666870117188,216.4199981689453,216.4199981689453,45317100,14652.7197265625,14694.1904296875,14617.8701171875,14684.599609375,14684.599609375,3597540000
2021-07-23,215.45333862304688,216.26666259765625,212.4333343505859,214.4600067138672,214.4600067138672,43814700,14753.0595703125,14846.0595703125,14698.76953125,14836.990234375,14836.990234375,3997250000
2021-07-26,216.9900054931641,222.73333740234375,215.70333862304688,219.2066650390625,219.2066650390625,76009800,14821.0302734375,14863.650390625,14790.490234375,14840.7099609375,14840.7099609375,4437090000
2021-07-27,221.13333129882812,222.1666717529297,209.0800018310547,214.9266662597656,214.9266662597656,98439900,14807.9501953125,14811.080078125,14503.759765625,14660.580078125,14660.580078125,4329230000
2021-07-28,215.6666717529297,218.3233337402344,213.13333129882812,215.66000366210935,215.66000366210935,48019800,14715.66015625,14798.8798828125,14645.6298828125,14762.580078125,14762.580078125,4268210000
2021-07-29,216.59666442871097,227.89666748046875,216.26666259765625,225.78334045410156,225.78334045410156,91183800,14771.169921875,14833.740234375,14761.3798828125,14778.259765625,14778.259765625,3928640000
2021-07-30,223.9199981689453,232.5099945068359,223.0,229.0666656494141,229.0666656494141,88969200,14615.849609375,14728.7802734375,14615.849609375,14672.6796875,14672.6796875,3645050000
2021-08-02,233.3333282470703,242.31333923339844,232.8000030517578,236.55667114257812,236.55667114257812,100847400,14758.599609375,14770.41015625,14665.669921875,14681.0703125,14681.0703125,3746130000
2021-08-03,239.6666717529297,240.88333129882812,233.6699981689453,236.5800018310547,236.5800018310547,64860900,14713.990234375,14762.599609375,14584.08984375,14761.2900390625,14761.2900390625,4141370000
2021-08-04,237.0,241.63333129882812,236.30999755859375,236.97332763671875,236.97332763671875,51007800,14747.2099609375,14812.3701171875,14734.1201171875,14780.5302734375,14780.5302734375,4337330000
2021-08-05,238.6666717529297,240.3166656494141,237.1366729736328,238.2100067138672,238.2100067138672,38758800,14794.080078125,14896.4697265625,14776.0302734375,14895.1201171875,14895.1201171875,4107300000
2021-08-06,237.3000030517578,238.77667236328125,232.5433349609375,233.03334045410156,233.03334045410156,46869000,14864.2197265625,14890.1796875,14788.58984375,14835.759765625,14835.759765625,4173090000
2021-08-09,236.72332763671875,239.6766662597656,235.0433349609375,237.9199981689453,237.9199981689453,44145900,14855.759765625,14883.8095703125,14802.6904296875,14860.1796875,14860.1796875,4111640000
2021-08-10,237.9966735839844,238.8633270263672,233.9600067138672,236.663330078125,236.663330078125,40296900,14887.75,14894.6103515625,14754.48046875,14788.08984375,14788.08984375,3991770000
2021-08-11,237.57000732421875,238.3933258056641,234.73666381835935,235.94000244140625,235.94000244140625,29401800,14834.3798828125,14842.5,14692.41015625,14765.1396484375,14765.1396484375,4002340000
2021-08-12,235.44667053222656,240.9333343505859,233.13333129882812,240.75,240.75,52377300,14751.3603515625,14824.3095703125,14698.9404296875,14816.259765625,14816.259765625,4049000000
2021-08-13,241.23666381835935,243.3000030517578,238.1133270263672,239.05667114257812,239.05667114257812,50194500,14825.0703125,14850.6103515625,14797.2197265625,14822.900390625,14822.900390625,4061070000
2021-08-16,235.02333068847656,236.5,225.46665954589844,228.72332763671875,228.72332763671875,68032200,14771.5302734375,14794.6796875,14610.01953125,14793.759765625,14793.759765625,3973920000
2021-08-17,224.22000122070312,224.86000061035156,216.27999877929688,221.90333557128903,221.90333557128903,71163900,14670.5595703125,14716.9501953125,14550.8798828125,14656.1796875,14656.1796875,4168880000
2021-08-18,223.25,231.92333984375,223.11666870117188,229.663330078125,229.663330078125,61048200,14636.240234375,14697.25,14516.2998046875,14525.91015625,14525.91015625,3841840000
2021-08-19,226.07000732421875,228.8500061035156,222.52999877929688,224.4900054931641,224.4900054931641,42940500,14423.16015625,14610.759765625,14423.16015625,14541.7900390625,14541.7900390625,4191490000
2021-08-20,227.61666870117188,230.7100067138672,224.5666656494141,226.7533264160156,226.7533264160156,44525700,14571.5302734375,14722.16015625,14571.5302734375,14714.66015625,14714.66015625,3886340000
2021-08-23,228.47999572753903,237.3766632080078,226.9166717529297,235.4333343505859,235.4333343505859,60794700,14776.98046875,14963.4697265625,14776.98046875,14942.650390625,14942.650390625,3906780000
2021-08-24,236.8933258056641,238.4066619873047,234.2133331298828,236.163330078125,236.163330078125,39249300,14978.1396484375,15034.8896484375,14965.5400390625,15019.7998046875,15019.7998046875,3809750000
2021-08-25,235.6766662597656,238.9900054931641,234.6666717529297,237.0666656494141,237.0666656494141,37936800,15039.0302734375,15059.4296875,15011.580078125,15041.8603515625,15041.8603515625,3654150000
2021-08-26,236.10333251953125,238.46665954589844,232.5399932861328,233.72000122070312,233.72000122070312,39642900,15025.169921875,15059.6298828125,14939.5595703125,14945.8095703125,14945.8095703125,3630900000
2021-08-27,235.0,238.3333282470703,234.03334045410156,237.30667114257812,237.30667114257812,41501400,14969.76953125,15144.48046875,14966.51953125,15129.5,15129.5,4048610000
2021-08-30,238.2400054931641,243.6666717529297,237.57666015625,243.6366729736328,243.6366729736328,55812600,15165.9404296875,15288.080078125,15165.1201171875,15265.8896484375,15265.8896484375,4061760000
2021-08-31,244.3333282470703,246.79666137695312,242.14666748046875,245.2400054931641,245.2400054931641,62566200,15262.8798828125,15278.9599609375,15202.669921875,15259.240234375,15259.240234375,4188020000
2021-09-01,244.69332885742188,247.3300018310547,243.7566680908203,244.69667053222656,244.69667053222656,39612900,15308.98046875,15379.5,15302.1103515625,15309.3798828125,15309.3798828125,4271690000
2021-09-02,244.8333282470703,246.9900054931641,243.51333618164065,244.1300048828125,244.1300048828125,38331900,15358.4697265625,15380.0703125,15285.349609375,15331.1796875,15331.1796875,4050510000
2021-09-03,244.0833282470703,244.6666717529297,241.3999938964844,244.52333068847656,244.52333068847656,45738300,15313.41015625,15375.5595703125,15283.669921875,15363.51953125,15363.51953125,3706990000
2021-09-07,246.6666717529297,253.3999938964844,246.4199981689453,250.97332763671875,250.97332763671875,60119400,15375.98046875,15403.4404296875,15343.2802734375,15374.330078125,15374.330078125,4014250000
2021-09-08,253.86000061035156,254.8166656494141,246.92333984375,251.2899932861328,251.2899932861328,56379000,15360.349609375,15360.349609375,15206.6103515625,15286.6396484375,15286.6396484375,4131560000
2021-09-09,251.1366729736328,254.03334045410156,250.5433349609375,251.6199951171875,251.6199951171875,42233100,15296.0595703125,15352.3798828125,15245.169921875,15248.25,15248.25,4031140000
2021-09-10,253.1999969482422,254.20333862304688,244.83999633789065,245.42333984375,245.42333984375,45552600,15332.919921875,15349.4697265625,15111.3095703125,15115.490234375,15115.490234375,4587150000
2021-09-13,246.73666381835935,248.2599945068359,236.28334045410156,247.6666717529297,247.6666717529297,68857500,15211.4296875,15215.4404296875,15030.849609375,15105.580078125,15105.580078125,4723370000
2021-09-14,247.52333068847656,251.4900054931641,245.46665954589844,248.163330078125,248.163330078125,55574700,15168.4501953125,15181.1904296875,15008.2998046875,15037.759765625,15037.759765625,4593140000
2021-09-15,248.3333282470703,252.2866668701172,246.1199951171875,251.94332885742188,251.94332885742188,46073100,15071.33984375,15174.3798828125,14984.6796875,15161.5302734375,15161.5302734375,4465140000
2021-09-16,250.94332885742188,252.97000122070312,249.20333862304688,252.3300018310547,252.3300018310547,41770200,15120.08984375,15205.5,15047.1396484375,15181.919921875,15181.919921875,3701500000
2021-09-17,252.38333129882812,253.67999267578125,250.0,253.163330078125,253.163330078125,84612600,15163.3603515625,15166.5595703125,14998.73046875,15043.9697265625,15043.9697265625,6709540000
2021-09-20,244.85333251953125,247.3333282470703,239.5399932861328,243.38999938964844,243.38999938964844,74273100,14758.1396484375,14841.8203125,14530.0703125,14713.900390625,14713.900390625,4879490000
2021-09-21,244.92999267578125,248.2466735839844,243.47999572753903,246.4600067138672,246.4600067138672,48992100,14803.3603515625,14847.0302734375,14696.4697265625,14746.400390625,14746.400390625,4083010000
2021-09-22,247.8433380126953,251.22332763671875,246.3733367919922,250.64666748046875,250.64666748046875,45378900,14800.58984375,14950.1201171875,14767.009765625,14896.849609375,14896.849609375,4252490000
2021-09-23,251.6666717529297,252.73333740234375,249.30667114257812,251.2133331298828,251.2133331298828,35842500,14960.0,15085.4404296875,14932.509765625,15052.240234375,15052.240234375,4196130000
2021-09-24,248.6300048828125,258.26666259765625,248.18666076660156,258.1300048828125,258.1300048828125,64119000,14961.6103515625,15067.5595703125,14946.5703125,15047.7001953125,15047.7001953125,3992150000
2021-09-27,257.7066650390625,266.3333435058594,256.4366760253906,263.78668212890625,263.78668212890625,84212100,14954.1796875,15003.16015625,14864.9599609375,14969.9697265625,14969.9697265625,4650790000
2021-09-28,262.3999938964844,265.21331787109375,255.3933258056641,259.1866760253906,259.1866760253906,76144200,14787.2099609375,14817.740234375,14539.8798828125,14546.6796875,14546.6796875,4989510000
2021-09-29,259.9333190917969,264.5,256.8933410644531,260.4366760253906,260.4366760253906,62828700,14614.8798828125,14676.6201171875,14493.669921875,14512.4404296875,14512.4404296875,5294600000
2021-09-30,260.3333435058594,263.0433349609375,258.3333435058594,258.49334716796875,258.49334716796875,53868000,14582.599609375,14632.3603515625,14444.2998046875,14448.580078125,14448.580078125,5950950000
2021-10-01,259.4666748046875,260.260009765625,254.52999877929688,258.40667724609375,258.40667724609375,51094200,14494.9296875,14606.8203125,14324.009765625,14566.7001953125,14566.7001953125,4710720000
2021-10-04,265.5,268.989990234375,258.7066650390625,260.510009765625,260.510009765625,91449900,14493.1201171875,14499.740234375,14181.6904296875,14255.48046875,14255.48046875,4557110000
2021-10-05,261.6000061035156,265.7699890136719,258.0666809082031,260.1966552734375,260.1966552734375,55297800,14312.8603515625,14508.650390625,14299.7802734375,14433.830078125,14433.830078125,4176390000
2021-10-06,258.73333740234375,262.2200012207031,257.739990234375,260.9166564941406,260.9166564941406,43898400,14289.4501953125,14509.5498046875,14259.0703125,14501.91015625,14501.91015625,4465910000
2021-10-07,261.82000732421875,268.3333435058594,261.1266784667969,264.53668212890625,264.53668212890625,57587400,14631.7998046875,14755.7197265625,14615.1396484375,14654.01953125,14654.01953125,3984180000
2021-10-08,265.4033203125,265.4599914550781,260.3033447265625,261.8299865722656,261.8299865722656,50215800,14694.7197265625,14699.91015625,14569.6796875,14579.5400390625,14579.5400390625,3571380000
2021-10-11,262.54998779296875,267.0799865722656,261.8333435058594,263.9800109863281,263.9800109863281,42600900,14540.080078125,14665.990234375,14482.6201171875,14486.2001953125,14486.2001953125,3539540000
2021-10-12,266.9766540527344,270.7733459472656,265.5233459472656,268.5733337402344,268.5733337402344,66060000,14539.08984375,14552.7099609375,14441.599609375,14465.919921875,14465.919921875,4063830000
2021-10-13,270.15667724609375,271.8033447265625,268.59332275390625,270.3599853515625,270.3599853515625,42360300,14537.169921875,14589.2802734375,14471.8798828125,14571.6396484375,14571.6396484375,4053580000
2021-10-14,271.8299865722656,273.4166564941406,271.1166687011719,272.7733459472656,272.7733459472656,36741600,14717.5,14827.5595703125,14699.51953125,14823.4296875,14823.4296875,4262400000
2021-10-15,274.5799865722656,281.07000732421875,274.1166687011719,281.010009765625,281.010009765625,56773800,14891.240234375,14904.98046875,14847.9599609375,14897.33984375,14897.33984375,4494440000
2021-10-18,283.92999267578125,291.7533264160156,283.8233337402344,290.03668212890625,290.03668212890625,72621600,14839.740234375,15026.6796875,14833.2802734375,15021.8095703125,15021.8095703125,4167740000
2021-10-19,292.510009765625,292.6499938964844,287.5033264160156,288.0899963378906,288.0899963378906,52143300,15073.1298828125,15137.849609375,15049.73046875,15129.08984375,15129.08984375,4483400000
2021-10-20,288.45001220703125,289.8299865722656,285.7933349609375,288.6000061035156,288.6000061035156,42096300,15160.0,15178.3896484375,15071.150390625,15121.6796875,15121.6796875,4117050000
2021-10-21,285.3333435058594,300.0,285.1666564941406,298.0,298.0,94444500,15104.7998046875,15222.25,15094.1396484375,15215.7001953125,15215.7001953125,4961860000
2021-10-22,298.5,303.3333435058594,296.9866638183594,303.2266540527344,303.2266540527344,68642400,15158.0703125,15193.009765625,15021.01953125,15090.2001953125,15090.2001953125,5775770000
2021-10-25,316.84332275390625,348.3399963378906,314.73333740234375,341.6199951171875,341.6199951171875,188556300,15142.919921875,15259.6298828125,15070.75,15226.7099609375,15226.7099609375,5750200000
2021-10-26,341.5633239746094,364.9800109863281,333.8133239746094,339.4766540527344,339.4766540527344,187245000,15317.5,15384.0,15198.23046875,15235.7099609375,15235.7099609375,7173230000
2021-10-27,346.5533447265625,356.9599914550781,343.59332275390625,345.9533386230469,345.9533386230469,115579500,15276.0,15364.5400390625,15235.83984375,15235.83984375,15235.83984375,6130110000
2021-10-28,356.10333251953125,360.3333435058594,351.3999938964844,359.0133361816406,359.0133361816406,81639600,15304.740234375,15452.2998046875,15290.3095703125,15448.1201171875,15448.1201171875,5714890000
2021-10-29,360.6199951171875,371.7366638183594,357.7366638183594,371.3333435058594,371.3333435058594,89755200,15323.2900390625,15504.1201171875,15323.2900390625,15498.3896484375,15498.3896484375,5338290000
2021-11-01,381.6666564941406,403.25,372.88665771484375,402.86334228515625,402.86334228515625,168146100,15541.259765625,15598.9501953125,15470.8203125,15595.919921875,15595.919921875,5273950000
2021-11-02,386.4533386230469,402.86334228515625,382.0,390.6666564941406,390.6666564941406,128213400,15583.98046875,15656.599609375,15569.26953125,15649.599609375,15649.599609375,5129370000
2021-11-03,392.4433288574219,405.1300048828125,384.2066650390625,404.6199951171875,404.6199951171875,103885500,15658.51953125,15821.5703125,15616.4404296875,15811.580078125,15811.580078125,5325110000
2021-11-04,411.4700012207031,414.4966735839844,405.6666564941406,409.9700012207031,409.9700012207031,76192200,15849.740234375,15966.08984375,15827.66015625,15940.3095703125,15940.3095703125,5297250000
2021-11-05,409.3333435058594,413.2900085449219,402.6666564941406,407.36334228515625,407.36334228515625,64886400,16003.5595703125,16053.3896484375,15900.7802734375,15971.58984375,15971.58984375,5566400000
2021-11-08,383.2633361816406,399.0,377.6666564941406,387.6466674804687,387.6466674804687,100337100,15995.7197265625,16038.23046875,15961.8095703125,15982.3603515625,15982.3603515625,5723650000
2021-11-09,391.2000122070313,391.5,337.17333984375,341.1666564941406,341.1666564941406,177317400,16024.1298828125,16035.2099609375,15836.6796875,15886.5400390625,15886.5400390625,5574660000
2021-11-10,336.8033447265625,359.3666687011719,329.10333251953125,355.98333740234375,355.98333740234375,128408100,15753.83984375,15867.240234375,15543.6796875,15622.7099609375,15622.7099609375,5369110000
2021-11-11,367.5899963378906,368.3233337402344,351.55999755859375,354.5033264160156,354.5033264160156,67189800,15752.080078125,15768.0302734375,15695.76953125,15704.2802734375,15704.2802734375,4570460000
2021-11-12,349.1666564941406,351.5,339.73333740234375,344.47332763671875,344.47332763671875,76719300,15752.6201171875,15874.5703125,15705.3798828125,15860.9599609375,15860.9599609375,5446540000
2021-11-15,339.2099914550781,343.99334716796875,326.20001220703125,337.7966613769531,337.7966613769531,104326800,15894.8203125,15918.4501953125,15778.3095703125,15853.849609375,15853.849609375,5020180000
2021-11-16,334.4366760253906,352.3999938964844,334.05999755859375,351.57666015625,351.57666015625,79627200,15840.3203125,15989.6103515625,15825.0,15973.8603515625,15973.8603515625,5533020000
2021-11-17,354.5033264160156,373.21331787109375,351.8333435058594,363.0033264160156,363.0033264160156,94336200,15973.6201171875,15998.5703125,15909.3896484375,15921.5703125,15921.5703125,5049320000
2021-11-18,368.8500061035156,370.6666564941406,358.3399963378906,365.4599914550781,365.4599914550781,62696700,15973.3896484375,16010.8798828125,15848.830078125,15993.7099609375,15993.7099609375,5391360000
2021-11-19,366.2900085449219,379.5733337402344,364.23333740234375,379.0199890136719,379.0199890136719,64926900,16042.16015625,16121.1201171875,16017.23046875,16057.4404296875,16057.4404296875,4875310000
2021-11-22,387.4433288574219,400.6499938964844,377.4766540527344,385.6233215332031,385.6233215332031,99217500,16120.919921875,16212.23046875,15851.0400390625,15854.759765625,15854.759765625,5567830000
2021-11-23,389.1700134277344,393.5,354.23333740234375,369.6766662597656,369.6766662597656,108515100,15809.5,15895.8603515625,15601.4599609375,15775.1396484375,15775.1396484375,5434380000
2021-11-24,360.1300048828125,377.5899963378906,354.0,372.0,372.0,67680600,15677.8798828125,15848.5595703125,15591.3603515625,15845.23046875,15845.23046875,4197090000
2021-11-26,366.489990234375,369.59332275390625,360.3333435058594,360.6400146484375,360.6400146484375,35042700,15664.3798828125,15731.5400390625,15456.08984375,15491.66015625,15491.66015625,3502170000
2021-11-29,366.9966735839844,380.8900146484375,366.7300109863281,378.9966735839844,378.9966735839844,58393500,15719.419921875,15833.1103515625,15644.6103515625,15782.830078125,15782.830078125,4836230000
2021-11-30,381.4566650390625,389.3333435058594,372.6666564941406,381.586669921875,381.586669921875,81276000,15716.5,15828.2001953125,15451.3896484375,15537.6904296875,15537.6904296875,6631470000
2021-12-01,386.8999938964844,390.9466552734375,363.586669921875,365.0,365.0,68450400,15752.26953125,15816.8203125,15243.9296875,15254.0498046875,15254.0498046875,6320260000
2021-12-02,366.3533325195313,371.0,352.2166748046875,361.5333251953125,361.5333251953125,73114800,15181.8203125,15444.5400390625,15150.1201171875,15381.3203125,15381.3203125,5418340000
2021-12-03,361.5966796875,363.5266723632813,333.4033203125,338.3233337402344,338.3233337402344,92322000,15428.7099609375,15470.3603515625,14931.0595703125,15085.4697265625,15085.4697265625,5900290000
2021-12-06,333.836669921875,340.5466613769531,316.8333435058594,336.336669921875,336.336669921875,81663000,15117.6298828125,15281.990234375,14931.6103515625,15225.150390625,15225.150390625,5115230000
2021-12-07,348.0666809082031,352.5566711425781,342.2699890136719,350.5833435058594,350.5833435058594,56084700,15510.91015625,15720.08984375,15507.66015625,15686.919921875,15686.919921875,5116490000
2021-12-08,350.9033203125,357.4599914550781,344.3333435058594,356.32000732421875,356.32000732421875,41906400,15690.650390625,15792.6396484375,15618.8798828125,15786.990234375,15786.990234375,4615390000
2021-12-09,353.5466613769531,354.163330078125,334.1199951171875,334.6000061035156,334.6000061035156,59438400,15720.5400390625,15796.0498046875,15511.1201171875,15517.3701171875,15517.3701171875,4515600000
2021-12-10,336.25,340.32666015625,327.510009765625,339.010009765625,339.010009765625,59664300,15629.58984375,15677.599609375,15477.849609375,15630.599609375,15630.599609375,4426210000
2021-12-13,333.6966552734375,335.0,317.1400146484375,322.13665771484375,322.13665771484375,78595500,15621.26953125,15637.0595703125,15408.25,15413.2802734375,15413.2802734375,4573920000
2021-12-14,315.0,322.13665771484375,310.0,319.5033264160156,319.5033264160156,70806300,15215.9599609375,15317.5498046875,15097.349609375,15237.6396484375,15237.6396484375,4865990000
2021-12-15,317.7366638183594,326.25,309.4166564941406,325.3299865722656,325.3299865722656,75169200,15230.7099609375,15575.759765625,15055.23046875,15565.580078125,15565.580078125,5343920000
2021-12-16,331.5,331.6600036621094,307.2833251953125,308.97332763671875,308.97332763671875,82771500,15629.080078125,15633.1904296875,15119.490234375,15180.4296875,15180.4296875,4906480000
2021-12-17,304.92333984375,320.2200012207031,303.0133361816406,310.8566589355469,310.8566589355469,100437300,15036.76953125,15288.7802734375,14960.3701171875,15169.6796875,15169.6796875,7668770000
2021-12-20,303.5666809082031,307.2300109863281,297.7966613769531,299.9800109863281,299.9800109863281,56480100,14933.0,15007.2998046875,14860.0400390625,14980.9404296875,14980.9404296875,4602640000
2021-12-21,305.6233215332031,313.1666564941406,295.3733215332031,312.84332275390625,312.84332275390625,71517900,15140.4296875,15349.0595703125,15015.0302734375,15341.08984375,15341.08984375,4581720000
2021-12-22,321.88665771484375,338.5533447265625,319.01666259765625,336.2900085449219,336.2900085449219,93634200,15319.16015625,15525.9697265625,15303.0595703125,15521.8896484375,15521.8896484375,4107900000
2021-12-23,335.6000061035156,357.6600036621094,332.5199890136719,355.6666564941406,355.6666564941406,92713200,15544.7900390625,15697.98046875,15528.91015625,15653.3701171875,15653.3701171875,3935010000
2021-12-27,357.8900146484375,372.3333435058594,356.90667724609375,364.6466674804687,364.6466674804687,71145900,15696.830078125,15871.400390625,15696.830078125,15871.259765625,15871.259765625,3743920000
2021-12-28,369.8299865722656,373.0,359.47332763671875,362.8233337402344,362.8233337402344,60324000,15895.2001953125,15901.4697265625,15757.0703125,15781.7197265625,15781.7197265625,3648500000
2021-12-29,366.21331787109375,368.0,354.71331787109375,362.0633239746094,362.0633239746094,56154000,15794.919921875,15821.8095703125,15679.849609375,15766.2197265625,15766.2197265625,3714380000
2021-12-30,353.77667236328125,365.1833190917969,351.04998779296875,356.7799987792969,356.7799987792969,47040900,15758.98046875,15868.08984375,15729.16015625,15741.5595703125,15741.5595703125,3750920000
2021-12-31,357.8133239746094,360.6666564941406,351.5299987792969,352.260009765625,352.260009765625,40733700,15722.91015625,15777.4296875,15643.9404296875,15644.9697265625,15644.9697265625,3392580000
2022-01-03,382.5833435058594,400.3566589355469,378.6799926757813,399.9266662597656,399.9266662597656,103931400,15732.5,15832.7998046875,15644.08984375,15832.7998046875,15832.7998046875,4429960000
2022-01-04,396.51666259765625,402.6666564941406,374.3500061035156,383.1966552734375,383.1966552734375,100248300,15852.1396484375,15852.1396484375,15512.41015625,15622.7197265625,15622.7197265625,5131110000
2022-01-05,382.2166748046875,390.11334228515625,360.336669921875,362.7066650390625,362.7066650390625,80119800,15547.16015625,15586.2998046875,15095.1796875,15100.169921875,15100.169921875,5031850000
2022-01-06,359.0,362.6666564941406,340.1666564941406,354.8999938964844,354.8999938964844,90336600,15024.150390625,15198.4501953125,14914.8701171875,15080.8603515625,15080.8603515625,4790820000
2022-01-07,360.1233215332031,360.30999755859375,336.6666564941406,342.32000732421875,342.32000732421875,84164700,15095.7197265625,15171.01953125,14877.6298828125,14935.900390625,14935.900390625,4238070000
2022-01-10,333.3333435058594,353.0333251953125,326.6666564941406,352.7066650390625,352.7066650390625,91815000,14751.7802734375,14953.849609375,14530.23046875,14942.830078125,14942.830078125,5317180000
2022-01-11,351.22332763671875,358.6166687011719,346.2733459472656,354.79998779296875,354.79998779296875,66063300,14919.259765625,15158.7099609375,14837.6298828125,15153.4501953125,15153.4501953125,4390710000
2022-01-12,359.6166687011719,371.61334228515625,357.5299987792969,368.739990234375,368.739990234375,83739000,15263.099609375,15319.0302734375,15117.2900390625,15188.3896484375,15188.3896484375,4338530000
2022-01-13,369.69000244140625,371.8666687011719,342.17999267578125,343.85333251953125,343.85333251953125,97209900,15245.0400390625,15259.7099609375,14782.240234375,14806.8095703125,14806.8095703125,4302020000
2022-01-14,339.9599914550781,350.6666564941406,337.7933349609375,349.8699951171875,349.8699951171875,72924300,14708.01953125,14897.6796875,14689.4296875,14893.75,14893.75,4374020000
2022-01-18,342.2033386230469,356.92999267578125,338.6866760253906,343.5033264160156,343.5033264160156,66743400,14681.830078125,14740.5400390625,14482.9404296875,14506.900390625,14506.900390625,5060790000
2022-01-19,347.2366638183594,351.5566711425781,331.6666564941406,331.8833312988281,331.8833312988281,75442500,14582.2197265625,14658.8896484375,14331.650390625,14340.259765625,14340.259765625,4665340000
2022-01-20,336.57666015625,347.2200012207031,331.3333435058594,332.0899963378906,332.0899963378906,70488600,14462.849609375,14642.0302734375,14140.7802734375,14154.01953125,14154.01953125,5102050000
2022-01-21,332.11334228515625,334.8500061035156,313.5,314.6333312988281,314.6333312988281,103416000,14046.2197265625,14171.7197265625,13764.240234375,13768.919921875,13768.919921875,5870830000
2022-01-24,301.586669921875,311.1700134277344,283.8233337402344,310.0,310.0,151565700,13481.5,13876.6103515625,13094.650390625,13855.1298828125,13855.1298828125,6998770000
2022-01-25,304.73333740234375,317.086669921875,301.07000732421875,306.1333312988281,306.1333312988281,86595900,13610.8701171875,13781.6201171875,13414.1396484375,13539.2900390625,13539.2900390625,5019380000
2022-01-26,317.4766540527344,329.2300109863281,302.0,312.4700012207031,312.4700012207031,104867400,13871.76953125,14002.650390625,13392.1904296875,13542.1201171875,13542.1201171875,5771140000
2022-01-27,311.1199951171875,311.7966613769531,276.3333435058594,276.3666687011719,276.3666687011719,147109500,13710.990234375,13765.91015625,13322.66015625,13352.7802734375,13352.7802734375,5177380000
2022-01-28,277.1866760253906,285.8333435058594,264.0033264160156,282.1166687011719,282.1166687011719,134789100,13436.7099609375,13771.91015625,13236.5595703125,13770.5703125,13770.5703125,4971930000
2022-01-31,290.9033203125,312.663330078125,287.3500061035156,312.239990234375,312.239990234375,104436000,13812.1904296875,14242.900390625,13767.7099609375,14239.8798828125,14239.8798828125,5124940000
2022-02-01,311.7366638183594,314.5666809082031,301.6666564941406,310.4166564941406,310.4166564941406,73138200,14277.4296875,14358.6904296875,14070.76953125,14346.0,14346.0,4671850000
2022-02-02,309.3933410644531,310.5,296.4700012207031,301.88665771484375,301.88665771484375,66792900,14494.4697265625,14504.8203125,14264.650390625,14417.5498046875,14417.5498046875,4673140000
2022-02-03,294.0,312.3333435058594,293.50665283203125,297.0466613769531,297.0466613769531,78855600,14045.830078125,14207.8896484375,13851.740234375,13878.8203125,13878.8203125,4326300000
2022-02-04,299.0733337402344,312.1666564941406,293.72332763671875,307.7733459472656,307.7733459472656,73625400,13958.48046875,14222.759765625,13850.3896484375,14098.009765625,14098.009765625,4121340000
2022-02-07,307.92999267578125,315.92333984375,300.9033203125,302.4466552734375,302.4466552734375,60994500,14118.7900390625,14236.3095703125,13974.099609375,14015.669921875,14015.669921875,4268730000
2022-02-08,301.84332275390625,308.7633361816406,298.26666259765625,307.3333435058594,307.3333435058594,50729100,13984.4296875,14226.48046875,13934.7802734375,14194.4501953125,14194.4501953125,4293770000
2022-02-09,311.6666564941406,315.42333984375,306.6666564941406,310.6666564941406,310.6666564941406,52259400,14368.16015625,14490.7197265625,14330.8701171875,14490.3701171875,14490.3701171875,4729730000
2022-02-10,302.7900085449219,314.60333251953125,298.8999938964844,301.51666259765625,301.51666259765625,66126900,14228.6796875,14509.5595703125,14118.2001953125,14185.6396484375,14185.6396484375,5212510000
2022-02-11,303.2099914550781,305.32000732421875,283.5666809082031,286.6666564941406,286.6666564941406,79645800,14213.6201171875,14246.7001953125,13733.16015625,13791.150390625,13791.150390625,5237320000
2022-02-14,287.19000244140625,299.6266784667969,284.3833312988281,291.9200134277344,291.9200134277344,67756500,13768.9697265625,13921.7099609375,13664.759765625,13790.919921875,13790.919921875,4347350000
2022-02-15,300.0,307.6666564941406,297.7933349609375,307.4766540527344,307.4766540527344,57286200,13997.1796875,14142.490234375,13976.2900390625,14139.759765625,14139.759765625,4416840000
2022-02-16,304.6833190917969,308.80999755859375,300.4033203125,307.7966613769531,307.7966613769531,51294300,14038.919921875,14163.73046875,13931.990234375,14124.08984375,14124.08984375,4238560000
2022-02-17,304.4200134277344,306.1666564941406,291.3666687011719,292.1166687011719,292.1166687011719,55178400,14004.1904296875,14020.8203125,13704.7001953125,13716.7197265625,13716.7197265625,4278370000
2022-02-18,295.3333435058594,295.6233215332031,279.2033386230469,285.6600036621094,285.6600036621094,68501700,13735.400390625,13762.400390625,13465.5595703125,13548.0703125,13548.0703125,4501940000
2022-02-22,278.0433349609375,285.57666015625,267.0333251953125,273.84332275390625,273.84332275390625,83288100,13424.3603515625,13618.7197265625,13249.650390625,13381.51953125,13381.51953125,4849170000
2022-02-23,276.80999755859375,278.4333190917969,253.52000427246097,254.67999267578125,254.67999267578125,95256900,13511.75,13533.7802734375,13032.169921875,13037.490234375,13037.490234375,4639330000
2022-02-24,233.4633331298828,267.49334716796875,233.3333282470703,266.92333984375,266.92333984375,135322200,12587.8798828125,13486.1103515625,12587.8798828125,13473.58984375,13473.58984375,6180200000
2022-02-25,269.74334716796875,273.1666564941406,260.79998779296875,269.9566650390625,269.9566650390625,76067700,13485.259765625,13696.8603515625,13358.2900390625,13694.6201171875,13694.6201171875,4628720000
2022-02-28,271.6700134277344,292.28668212890625,271.57000732421875,290.1433410644531,290.1433410644531,99006900,13570.830078125,13810.6396484375,13549.900390625,13751.400390625,13751.400390625,5928130000
2022-03-01,289.8933410644531,296.6266784667969,284.59332275390625,288.1233215332031,288.1233215332031,74766900,13716.7001953125,13777.0400390625,13441.3203125,13532.4599609375,13532.4599609375,6131350000
2022-03-02,290.7099914550781,295.49334716796875,281.42333984375,293.2966613769531,293.2966613769531,74643300,13597.5302734375,13796.5498046875,13493.91015625,13752.01953125,13752.01953125,5246390000
2022-03-03,292.92333984375,295.4800109863281,277.5333251953125,279.7633361816406,279.7633361816406,61623600,13837.58984375,13837.58984375,13472.6396484375,13537.9404296875,13537.9404296875,5092580000
2022-03-04,283.0333251953125,285.2166748046875,275.0533447265625,279.42999267578125,279.42999267578125,66999600,13455.23046875,13486.7099609375,13224.98046875,13313.4404296875,13313.4404296875,5343900000
2022-03-07,285.4333190917969,288.71331787109375,268.19000244140625,268.1933288574219,268.1933288574219,72494100,13328.3603515625,13353.2802734375,12828.01953125,12830.9599609375,12830.9599609375,6195370000
2022-03-08,265.1766662597656,283.3299865722656,260.72332763671875,274.79998779296875,274.79998779296875,80399100,12800.0400390625,13159.4404296875,12670.080078125,12795.5498046875,12795.5498046875,6683960000
2022-03-09,279.82666015625,286.85333251953125,277.336669921875,286.3233337402344,286.3233337402344,59184000,13113.7001953125,13301.16015625,13039.7900390625,13255.5498046875,13255.5498046875,5396550000
2022-03-10,283.8166809082031,284.8166809082031,270.1199951171875,279.4333190917969,279.4333190917969,58648500,13098.349609375,13163.5,12946.2802734375,13129.9599609375,13129.9599609375,5071250000
2022-03-11,280.0666809082031,281.26666259765625,264.5899963378906,265.1166687011719,265.1166687011719,67037100,13229.76953125,13239.349609375,12830.3701171875,12843.8095703125,12843.8095703125,5288210000
2022-03-14,260.2033386230469,266.8999938964844,252.01333618164065,255.4566650390625,255.4566650390625,71152200,12795.1201171875,12918.009765625,12555.349609375,12581.2197265625,12581.2197265625,5876710000
2022-03-15,258.42333984375,268.5233459472656,252.19000244140625,267.2966613769531,267.2966613769531,66841200,12685.23046875,12973.8798828125,12616.58984375,12948.6201171875,12948.6201171875,5440100000
2022-03-16,269.6666564941406,280.6666564941406,267.4200134277344,280.07666015625,280.07666015625,84028800,13119.3701171875,13440.1201171875,12992.2001953125,13436.5498046875,13436.5498046875,6552210000
2022-03-17,276.9966735839844,291.6666564941406,275.239990234375,290.5333251953125,290.5333251953125,66582900,13360.7197265625,13620.7998046875,13317.1396484375,13614.7802734375,13614.7802734375,5612090000
2022-03-18,291.4966735839844,302.6166687011719,289.1300048828125,301.7966613769531,301.7966613769531,100414200,13564.6298828125,13899.2802734375,13528.0595703125,13893.83984375,13893.83984375,8149290000
2022-03-21,304.99334716796875,314.2833251953125,302.36334228515625,307.0533447265625,307.0533447265625,81981600,13860.3896484375,13945.8095703125,13682.5498046875,13838.4599609375,13838.4599609375,5673940000
2022-03-22,310.0,332.6199951171875,307.25,331.32666015625,331.32666015625,105868500,13866.4296875,14141.0703125,13857.2900390625,14108.8203125,14108.8203125,5445100000
2022-03-23,326.64666748046875,346.8999938964844,325.4666748046875,333.03668212890625,333.03668212890625,120676200,13990.349609375,14152.1396484375,13921.650390625,13922.599609375,13922.599609375,5024230000
2022-03-24,336.57666015625,341.4966735839844,329.6000061035156,337.97332763671875,337.97332763671875,68920800,14001.3203125,14193.5498046875,13897.2001953125,14191.83984375,14191.83984375,5149520000
2022-03-25,336.0,340.6000061035156,332.44000244140625,336.8800048828125,336.8800048828125,62031600,14194.7197265625,14218.759765625,14010.7900390625,14169.2998046875,14169.2998046875,5585100000
2022-03-28,355.0333251953125,365.9599914550781,351.20001220703125,363.9466552734375,363.9466552734375,102506100,14177.2099609375,14356.0,14101.33984375,14354.900390625,14354.900390625,5129500000
2022-03-29,369.3299865722656,371.5899963378906,357.7033386230469,366.5233459472656,366.5233459472656,73614900,14500.3896484375,14646.900390625,14419.400390625,14619.6396484375,14619.6396484375,6060890000
2022-03-30,363.7233276367187,371.3166809082031,361.3333435058594,364.663330078125,364.663330078125,59865000,14558.58984375,14609.25,14383.4501953125,14442.26953125,14442.26953125,5479200000
2022-03-31,364.8566589355469,367.71331787109375,358.8800048828125,359.20001220703125,359.20001220703125,48992700,14444.7802734375,14456.740234375,14217.7197265625,14220.51953125,14220.51953125,5453890000
2022-04-01,360.3833312988281,364.9166564941406,355.5466613769531,361.5299987792969,361.5299987792969,54263100,14269.5302734375,14306.9404296875,14131.8095703125,14261.5,14261.5,5002790000
2022-04-04,363.1266784667969,383.3033447265625,357.510009765625,381.8166809082031,381.8166809082031,82035900,14304.349609375,14534.3798828125,14286.4501953125,14532.5498046875,14532.5498046875,4630100000
2022-04-05,378.76666259765625,384.2900085449219,362.4333190917969,363.7533264160156,363.7533264160156,80075100,14490.259765625,14500.2900390625,14169.1201171875,14204.169921875,14204.169921875,4727710000
2022-04-06,357.8233337402344,359.6666564941406,342.5666809082031,348.586669921875,348.586669921875,89348400,14002.580078125,14032.83984375,13788.900390625,13888.8203125,13888.8203125,5360420000
2022-04-07,350.7966613769531,358.86334228515625,340.5133361816406,352.4200134277344,352.4200134277344,79447200,13861.490234375,13978.25,13689.23046875,13897.2998046875,13897.2998046875,4856090000
2022-04-08,347.7366638183594,349.4800109863281,340.8133239746094,341.8299865722656,341.8299865722656,55013700,13830.4697265625,13866.0595703125,13693.6904296875,13711.0,13711.0,4574080000
2022-04-11,326.79998779296875,336.15667724609375,324.8800048828125,325.30999755859375,325.30999755859375,59357100,13547.2900390625,13585.080078125,13401.3896484375,13411.9599609375,13411.9599609375,4946680000
2022-04-12,332.5466613769531,340.39666748046875,325.5333251953125,328.98333740234375,328.98333740234375,65976000,13584.6904296875,13685.9501953125,13317.740234375,13371.5703125,13371.5703125,4991720000
2022-04-13,327.02667236328125,342.0799865722656,324.3666687011719,340.7900085449219,340.7900085449219,55121100,13373.1201171875,13679.4296875,13353.66015625,13643.58984375,13643.58984375,4909720000
2022-04-14,333.0966796875,337.57000732421875,327.39666748046875,328.3333435058594,328.3333435058594,58422300,13647.4296875,13662.9296875,13345.2197265625,13351.080078125,13351.080078125,4642240000
2022-04-18,329.6766662597656,338.3066711425781,324.4700012207031,334.7633361816406,334.7633361816406,51715200,13319.3896484375,13414.26953125,13222.0302734375,13332.3603515625,13332.3603515625,4365230000
2022-04-19,335.0199890136719,344.9800109863281,331.77667236328125,342.7166748046875,342.7166748046875,49847700,13312.4404296875,13643.9697265625,13281.2197265625,13619.66015625,13619.66015625,4562840000
2022-04-20,343.3333435058594,344.6666564941406,325.0833435058594,325.73333740234375,325.73333740234375,70711200,13665.3798828125,13678.5498046875,13426.1298828125,13453.0703125,13453.0703125,4678930000
2022-04-21,358.24334716796875,364.0733337402344,332.1400146484375,336.260009765625,336.260009765625,105416400,13623.7001953125,13710.7001953125,13140.830078125,13174.650390625,13174.650390625,5233110000
2022-04-22,338.3033447265625,344.95001220703125,331.3333435058594,335.01666259765625,335.01666259765625,69696600,13168.7998046875,13212.599609375,12828.01953125,12839.2900390625,12839.2900390625,4475090000
2022-04-25,326.3233337402344,336.2066650390625,325.1000061035156,332.67333984375,332.67333984375,68341200,12749.169921875,13011.4501953125,12722.58984375,13004.849609375,13004.849609375,4845160000
2022-04-26,331.80999755859375,333.3333435058594,291.6666564941406,292.1400146484375,292.1400146484375,136133700,12918.0400390625,12918.0400390625,12490.740234375,12490.740234375,12490.740234375,5168160000
2022-04-27,299.52667236328125,306.0,292.4533386230469,293.836669921875,293.836669921875,76956300,12500.8798828125,12703.7900390625,12430.900390625,12488.9296875,12488.9296875,4810720000
2022-04-28,299.99334716796875,300.0,273.8999938964844,292.5033264160156,292.5033264160156,124948500,12712.8603515625,12948.51953125,12487.8603515625,12871.5302734375,12871.5302734375,5067150000
2022-04-29,300.75,311.4666748046875,290.0,290.2533264160156,290.2533264160156,88133100,12710.419921875,12861.830078125,12315.740234375,12334.6396484375,12334.6396484375,4733070000
2022-05-02,286.92333984375,302.1199951171875,282.6766662597656,300.9800109863281,300.9800109863281,75781500,12331.6904296875,12542.5400390625,12202.41015625,12536.01953125,12536.01953125,4918240000
2022-05-03,301.05999755859375,308.02667236328125,296.1966552734375,303.0833435058594,303.0833435058594,63709500,12511.4599609375,12645.830078125,12460.990234375,12563.759765625,12563.759765625,4547280000
2022-05-04,301.3133239746094,318.5,295.09332275390625,317.5400085449219,317.5400085449219,81643800,12574.73046875,12985.009765625,12367.01953125,12964.8603515625,12964.8603515625,5498050000
2022-05-05,313.00665283203125,315.20001220703125,285.8999938964844,291.09332275390625,291.09332275390625,92519100,12787.51953125,12787.51953125,12183.5595703125,12317.6904296875,12317.6904296875,5308920000
2022-05-06,295.6666564941406,296.0,281.03668212890625,288.54998779296875,288.54998779296875,72903000,12246.830078125,12358.419921875,11990.150390625,12144.66015625,12144.66015625,5324480000
2022-05-09,278.8166809082031,281.8766784667969,260.3833312988281,262.3699951171875,262.3699951171875,90810300,11923.0302734375,11990.6103515625,11574.9404296875,11623.25,11623.25,5939140000
2022-05-10,273.10333251953125,275.1199951171875,258.0833435058594,266.67999267578125,266.67999267578125,84401700,11900.33984375,11944.9404296875,11566.2802734375,11737.669921875,11737.669921875,6218260000
2022-05-11,265.0,269.92333984375,242.3999938964844,244.6666717529297,244.6666717529297,97224600,11645.5703125,11844.509765625,11339.1796875,11364.240234375,11364.240234375,6152370000
2022-05-12,233.6666717529297,253.22000122070312,226.6666717529297,242.6666717529297,242.6666717529297,140313000,11199.25,11547.330078125,11108.759765625,11370.9599609375,11370.9599609375,6679470000
2022-05-13,257.82666015625,262.45001220703125,250.52333068847656,256.5299987792969,256.5299987792969,92150700,11555.9697265625,11856.7099609375,11510.259765625,11805.0,11805.0,5894020000
2022-05-16,255.72000122070312,256.586669921875,239.69667053222656,241.4566650390625,241.4566650390625,86098500,11727.1396484375,11804.58984375,11627.5302734375,11662.7900390625,11662.7900390625,4930250000
2022-05-17,249.1199951171875,254.82666015625,242.9499969482422,253.8699951171875,253.8699951171875,80236200,11905.5703125,11988.4296875,11754.2802734375,11984.51953125,11984.51953125,5093960000
2022-05-18,248.17333984375,253.5,233.60333251953125,236.60333251953125,236.60333251953125,87811800,11790.6796875,11826.2197265625,11381.6904296875,11418.150390625,11418.150390625,5064120000
2022-05-19,235.6666717529297,244.6666717529297,231.3699951171875,236.47332763671875,236.47332763671875,90296700,11364.400390625,11562.8203125,11313.3095703125,11388.5,11388.5,5154410000
2022-05-20,237.9966735839844,240.52667236328125,211.0,221.3000030517578,221.3000030517578,144973200,11542.669921875,11552.2099609375,11035.6904296875,11354.6201171875,11354.6201171875,5434370000
2022-05-23,218.33999633789065,226.65333557128903,212.68666076660156,224.96665954589844,224.96665954589844,88903500,11396.2802734375,11552.0703125,11304.5595703125,11535.26953125,11535.26953125,4552200000
2022-05-24,217.8433380126953,217.97332763671875,206.8566741943359,209.3866729736328,209.3866729736328,89092500,11326.4404296875,11351.6103515625,11092.48046875,11264.4501953125,11264.4501953125,4724430000
2022-05-25,207.9499969482422,223.1066741943359,207.6699981689453,219.6000061035156,219.6000061035156,92139300,11225.0302734375,11511.900390625,11211.849609375,11434.740234375,11434.740234375,4519690000
2022-05-26,220.47332763671875,239.55667114257812,217.8866729736328,235.91000366210935,235.91000366210935,106003200,11409.83984375,11796.9697265625,11406.16015625,11740.650390625,11740.650390625,4672620000
2022-05-27,241.0833282470703,253.26666259765625,240.1766662597656,253.2100067138672,253.2100067138672,89295000,11869.6904296875,12131.66015625,11856.8203125,12131.1298828125,12131.1298828125,4793900000
2022-05-31,257.9466552734375,259.6000061035156,244.7433319091797,252.7533264160156,252.7533264160156,101914500,12137.5400390625,12190.080078125,11942.5,12081.3896484375,12081.3896484375,6045500000
2022-06-01,251.72000122070312,257.32666015625,243.63999938964844,246.7899932861328,246.7899932861328,77247900,12176.8896484375,12237.9404296875,11901.4296875,11994.4599609375,11994.4599609375,4719900000
2022-06-02,244.1566619873047,264.2099914550781,242.0666656494141,258.3333435058594,258.3333435058594,93473100,11945.5703125,12320.1201171875,11901.4501953125,12316.900390625,12316.900390625,4445840000
2022-06-03,243.22666931152344,247.79666137695312,233.4166717529297,234.51666259765625,234.51666259765625,112393800,12097.1201171875,12167.4404296875,11966.6201171875,12012.73046875,12012.73046875,4130040000
2022-06-06,244.35333251953125,244.86666870117188,234.3500061035156,238.27999877929688,238.27999877929688,84204600,12200.330078125,12245.400390625,12004.2001953125,12061.3701171875,12061.3701171875,4647010000
2022-06-07,234.0,239.9966735839844,230.0933380126953,238.8866729736328,238.8866729736328,72808500,11925.8095703125,12194.8603515625,11888.6103515625,12175.23046875,12175.23046875,4411240000
2022-06-08,240.086669921875,249.9633331298828,239.1766662597656,241.86666870117188,241.86666870117188,76210500,12147.2802734375,12235.7802734375,12052.7001953125,12086.26953125,12086.26953125,4708980000
2022-06-09,249.33999633789065,255.54666137695312,239.32666015625,239.7066650390625,239.7066650390625,96491400,12016.4697265625,12115.0595703125,11751.98046875,11754.23046875,11754.23046875,5408460000
2022-06-10,235.1566619873047,239.5,227.913330078125,232.22999572753903,232.22999572753903,97536600,11543.8798828125,11569.150390625,11328.26953125,11340.01953125,11340.01953125,5152020000
2022-06-13,223.1666717529297,226.63333129882812,214.6833343505859,215.73666381835935,215.73666381835935,102767400,10986.849609375,11071.48046875,10775.1396484375,10809.23046875,10809.23046875,5937320000
2022-06-14,218.2866668701172,226.3300018310547,211.73666381835935,220.88999938964844,220.88999938964844,97988700,10897.4296875,10926.8095703125,10733.0400390625,10828.349609375,10828.349609375,4819890000
2022-06-15,220.9166717529297,235.663330078125,218.1499938964844,233.0,233.0,119131800,10968.400390625,11244.259765625,10866.3896484375,11099.150390625,11099.150390625,5368500000
2022-06-16,222.73666381835935,225.1666717529297,208.69332885742188,213.1000061035156,213.1000061035156,107390700,10806.01953125,10831.0703125,10565.1396484375,10646.099609375,10646.099609375,5696630000
2022-06-17,213.4333343505859,220.97000122070312,213.19667053222656,216.7599945068359,216.7599945068359,92641800,10697.5498046875,10884.7099609375,10638.7197265625,10798.349609375,10798.349609375,7452830000
2022-06-21,224.60333251953125,243.57666015625,224.3333282470703,237.0366668701172,237.0366668701172,122793000,10974.0498046875,11164.990234375,10974.0498046875,11069.2998046875,11069.2998046875,5226260000
2022-06-22,234.5033264160156,246.8333282470703,233.82666015625,236.086669921875,236.086669921875,101107500,10941.9501953125,11216.76953125,10938.0595703125,11053.080078125,11053.080078125,5238180000
2022-06-23,237.9066619873047,239.3166656494141,228.6366729736328,235.07000732421875,235.07000732421875,104202600,11137.6796875,11260.26953125,11046.2802734375,11232.1904296875,11232.1904296875,5258200000
2022-06-24,237.47000122070312,246.0666656494141,236.086669921875,245.7066650390625,245.7066650390625,95770800,11351.3095703125,11613.23046875,11337.7802734375,11607.6201171875,11607.6201171875,9468130000
2022-06-27,249.36666870117188,252.07000732421875,242.5666656494141,244.9199981689453,244.9199981689453,89178300,11661.01953125,11677.490234375,11487.0703125,11524.5498046875,11524.5498046875,5047860000
2022-06-28,244.48333740234375,249.97000122070312,232.3433380126953,232.663330078125,232.663330078125,90391200,11542.240234375,11635.849609375,11177.6796875,11181.5400390625,11181.5400390625,5433220000
2022-06-29,230.5,231.17333984375,222.27333068847656,228.4900054931641,228.4900054931641,82897200,11160.2197265625,11226.330078125,11072.1904296875,11177.8896484375,11177.8896484375,5650860000
2022-06-30,224.5099945068359,229.4566650390625,218.8633270263672,224.47332763671875,224.47332763671875,94600500,11048.25,11160.919921875,10850.009765625,11028.740234375,11028.740234375,5654520000
2022-07-01,227.0,230.22999572753903,222.1199951171875,227.26333618164065,227.26333618164065,74460300,11006.830078125,11132.5498046875,10922.7099609375,11127.849609375,11127.849609375,4865730000
2022-07-05,223.0,233.14666748046875,216.1666717529297,233.0666656494141,233.0666656494141,84581100,10964.1796875,11323.8896484375,10911.4501953125,11322.240234375,11322.240234375,5053570000
2022-07-06,230.77999877929688,234.56333923339844,227.18666076660156,231.73333740234375,231.73333740234375,71853600,11337.900390625,11443.150390625,11250.3203125,11361.849609375,11361.849609375,4851170000
2022-07-07,233.9199981689453,245.3633270263672,232.2100067138672,244.5433349609375,244.5433349609375,81930600,11422.599609375,11644.4697265625,11412.8798828125,11621.349609375,11621.349609375,4685050000
2022-07-08,242.3333282470703,254.97999572753903,241.16000366210935,250.76333618164065,250.76333618164065,101854200,11503.6103515625,11689.7001953125,11479.76953125,11635.3095703125,11635.3095703125,4526570000
2022-07-11,252.10333251953125,253.06333923339844,233.6266632080078,234.3433380126953,234.3433380126953,99241200,11524.490234375,11541.099609375,11348.0595703125,11372.599609375,11372.599609375,4362910000
2022-07-12,236.84666442871097,239.77333068847656,228.3699951171875,233.07000732421875,233.07000732421875,87930900,11420.8896484375,11483.169921875,11207.080078125,11264.73046875,11264.73046875,4317860000
2022-07-13,225.5,242.05999755859375,225.03334045410156,237.0399932861328,237.0399932861328,97954500,11056.5498046875,11325.669921875,11031.26953125,11247.580078125,11247.580078125,4433060000
2022-07-14,234.89666748046875,238.65333557128903,229.3333282470703,238.31333923339844,238.31333923339844,78557400,11151.2099609375,11279.9697265625,11005.9296875,11251.1904296875,11251.1904296875,4481070000
2022-07-15,240.0,243.6233367919922,236.88999938964844,240.0666656494141,240.0666656494141,69683100,11379.3603515625,11454.6904296875,11295.330078125,11452.419921875,11452.419921875,4369060000
2022-07-18,244.93666076660156,250.51666259765625,239.60333251953125,240.54666137695312,240.54666137695312,82537500,11561.6396484375,11629.0302734375,11322.83984375,11360.0498046875,11360.0498046875,5057920000
2022-07-19,245.0,247.13999938964844,236.97666931152344,245.52999877929688,245.52999877929688,80890200,11515.0,11721.2197265625,11448.9697265625,11713.150390625,11713.150390625,5302740000
2022-07-20,246.78334045410156,250.663330078125,243.48333740234375,247.5,247.5,88864200,11726.08984375,11939.9599609375,11703.3603515625,11897.650390625,11897.650390625,5467080000
2022-07-21,255.1066741943359,273.26666259765625,254.86666870117188,271.7066650390625,271.7066650390625,142032300,11914.150390625,12060.58984375,11812.7197265625,12059.6103515625,12059.6103515625,4680930000
2022-07-22,276.2200012207031,280.78668212890625,270.71331787109375,272.24334716796875,272.24334716796875,103472700,12025.3701171875,12093.01953125,11767.1904296875,11834.1103515625,11834.1103515625,4721880000
2022-07-25,272.2166748046875,274.14666748046875,267.3999938964844,268.4333190917969,268.4333190917969,64073400,11837.9599609375,11855.1103515625,11707.5302734375,11782.669921875,11782.669921875,4346520000
2022-07-26,266.5133361816406,267.30999755859375,256.2633361816406,258.8599853515625,258.8599853515625,66820800,11701.5302734375,11711.3095703125,11533.3701171875,11562.5703125,11562.5703125,4349760000
2022-07-27,263.80999755859375,275.9266662597656,261.7900085449219,274.82000732421875,274.82000732421875,88110000,11756.1904296875,12081.73046875,11718.3798828125,12032.419921875,12032.419921875,4588480000
2022-07-28,280.0666809082031,283.29998779296875,272.79998779296875,280.8999938964844,280.8999938964844,84723000,12036.48046875,12179.08984375,11886.669921875,12162.58984375,12162.58984375,4924950000
2022-07-29,280.70001220703125,298.32000732421875,279.1000061035156,297.1499938964844,297.1499938964844,95313000,12239.6904296875,12426.259765625,12181.1298828125,12390.6904296875,12390.6904296875,4907410000
2022-08-01,301.27667236328125,311.8766784667969,295.0,297.27667236328125,297.27667236328125,117042900,12317.9599609375,12499.7197265625,12271.98046875,12368.98046875,12368.98046875,4396390000
2022-08-02,294.0033264160156,307.8333435058594,292.6666564941406,300.586669921875,300.586669921875,95577600,12287.669921875,12503.33984375,12260.48046875,12348.759765625,12348.759765625,4792140000
2022-08-03,305.0,309.54998779296875,301.1499938964844,307.39666748046875,307.39666748046875,80091000,12433.8701171875,12699.6396484375,12425.2099609375,12668.16015625,12668.16015625,5667990000
2022-08-04,311.0,313.6066589355469,305.0,308.6333312988281,308.6333312988281,72256200,12675.0400390625,12736.1904296875,12600.7802734375,12720.580078125,12720.580078125,5451470000
2022-08-05,302.6700134277344,304.6066589355469,285.5433349609375,288.1700134277344,288.1700134277344,113172900,12538.7998046875,12720.4404296875,12525.76953125,12657.5498046875,12657.5498046875,4911300000
2022-08-08,295.0,305.20001220703125,289.086669921875,290.42333984375,290.42333984375,98994000,12703.7197265625,12855.150390625,12597.75,12644.4599609375,12644.4599609375,5238600000
2022-08-09,290.2933349609375,292.39666748046875,279.35333251953125,283.3333435058594,283.3333435058594,86244600,12557.490234375,12582.91015625,12438.8603515625,12493.9296875,12493.9296875,5307340000
2022-08-10,297.0666809082031,297.510009765625,283.3699951171875,294.3566589355469,294.3566589355469,94918800,12793.4404296875,12861.4404296875,12698.6103515625,12854.7998046875,12854.7998046875,5196210000
2022-08-11,296.5133361816406,298.2366638183594,285.8333435058594,286.6300048828125,286.6300048828125,70155000,12944.8203125,13026.240234375,12760.08984375,12779.91015625,12779.91015625,5815960000
2022-08-12,289.4166564941406,300.1600036621094,285.0333251953125,300.0299987792969,300.0299987792969,79657200,12866.3095703125,13047.1904296875,12821.2197265625,13047.1904296875,13047.1904296875,4782610000
2022-08-15,301.78668212890625,313.1333312988281,301.2300109863281,309.32000732421875,309.32000732421875,89359200,12996.6298828125,13146.0595703125,12993.7802734375,13128.0498046875,13128.0498046875,4476040000
2022-08-16,311.6666564941406,314.6666564941406,302.8833312988281,306.5633239746094,306.5633239746094,88136400,13082.6396484375,13181.08984375,12979.240234375,13102.5498046875,13102.5498046875,5028410000
2022-08-17,303.39666748046875,309.65667724609375,300.0333251953125,303.9966735839844,303.9966735839844,68766000,12968.6298828125,13053.509765625,12863.009765625,12938.1201171875,12938.1201171875,5229520000
2022-08-18,306.0,306.5,301.85333251953125,302.8699951171875,302.8699951171875,47500500,12937.7900390625,13002.66015625,12873.490234375,12965.33984375,12965.33984375,4724350000
2022-08-19,299.0,300.3599853515625,292.5,296.6666564941406,296.6666564941406,61395300,12832.26953125,12859.009765625,12674.8701171875,12705.2197265625,12705.2197265625,4628170000
2022-08-22,291.913330078125,292.3999938964844,286.2966613769531,289.913330078125,289.913330078125,55843200,12523.16015625,12538.5498046875,12353.73046875,12381.5703125,12381.5703125,4270980000
2022-08-23,291.4533386230469,298.82666015625,287.92333984375,296.4533386230469,296.4533386230469,63984900,12380.3701171875,12490.849609375,12352.0302734375,12381.2998046875,12381.2998046875,3836180000
2022-08-24,297.5633239746094,303.64666748046875,296.5,297.0966796875,297.0966796875,57259800,12375.150390625,12504.330078125,12350.16015625,12431.5302734375,12431.5302734375,3917170000
2022-08-25,302.3599853515625,302.9599914550781,291.6000061035156,296.07000732421875,296.07000732421875,53230000,12506.3701171875,12641.259765625,12471.98046875,12639.26953125,12639.26953125,4323470000
2022-08-26,297.42999267578125,302.0,287.4700012207031,288.0899963378906,288.0899963378906,57163900,12630.580078125,12655.83984375,12141.51953125,12141.7099609375,12141.7099609375,4530000000
2022-08-29,282.8299865722656,287.739990234375,280.70001220703125,284.82000732421875,284.82000732421875,41864700,12021.0498046875,12124.8701171875,11981.419921875,12017.669921875,12017.669921875,4209850000
2022-08-30,287.8699951171875,288.4800109863281,272.6499938964844,277.70001220703125,277.70001220703125,50541800,12093.0595703125,12101.849609375,11790.01953125,11883.1396484375,11883.1396484375,4681520000
2022-08-31,280.6199951171875,281.25,271.80999755859375,275.6099853515625,275.6099853515625,52107300,11972.5595703125,12027.4296875,11814.169921875,11816.2001953125,11816.2001953125,4952010000
2022-09-01,272.5799865722656,277.5799865722656,266.1499938964844,277.1600036621094,277.1600036621094,54287000,11707.4404296875,11798.3701171875,11546.51953125,11785.1298828125,11785.1298828125,4792890000
2022-09-02,281.07000732421875,282.3500061035156,269.0799865722656,270.2099914550781,270.2099914550781,50890100,11899.1396484375,11945.91015625,11573.509765625,11630.8603515625,11630.8603515625,4257410000
2022-09-06,272.67999267578125,275.989990234375,265.739990234375,274.4200134277344,274.4200134277344,55860000,11643.0302734375,11679.4296875,11471.5,11544.91015625,11544.91015625,4622940000
2022-09-07,273.1000061035156,283.8399963378906,272.2699890136719,283.70001220703125,283.70001220703125,50028900,11559.3798828125,11819.0703125,11555.080078125,11791.900390625,11791.900390625,4445640000
2022-09-08,281.29998779296875,289.5,279.760009765625,289.260009765625,289.260009765625,53713100,11679.8603515625,11896.73046875,11660.5302734375,11862.1298828125,11862.1298828125,4329910000
2022-09-09,291.6700134277344,299.8500061035156,291.25,299.67999267578125,299.67999267578125,54338100,11958.6103515625,12132.669921875,11958.6103515625,12112.3095703125,12112.3095703125,4401590000
2022-09-12,300.7200012207031,305.489990234375,300.3999938964844,304.4200134277344,304.4200134277344,48674600,12174.9404296875,12270.1904296875,12169.2802734375,12266.41015625,12266.41015625,4146680000
2022-09-13,292.8999938964844,297.3999938964844,290.3999938964844,292.1300048828125,292.1300048828125,68229600,11908.8095703125,11957.9697265625,11604.4296875,11633.5703125,11633.5703125,5188380000
2022-09-14,292.239990234375,306.0,291.6400146484375,302.6099853515625,302.6099853515625,72628700,11680.41015625,11746.830078125,11602.759765625,11719.6796875,11719.6796875,4861530000
2022-09-15,301.8299865722656,309.1199951171875,300.7200012207031,303.75,303.75,64795500,11633.240234375,11760.73046875,11497.1103515625,11552.3603515625,11552.3603515625,4805910000
2022-09-16,299.6099853515625,303.7099914550781,295.6000061035156,303.3500061035156,303.3500061035156,87087800,11401.2099609375,11460.4296875,11316.919921875,11448.400390625,11448.400390625,7451840000
2022-09-19,300.0899963378906,309.8399963378906,297.79998779296875,309.07000732421875,309.07000732421875,60231200,11338.5703125,11538.1298828125,11337.830078125,11535.01953125,11535.01953125,4168670000
2022-09-20,306.9100036621094,313.3299865722656,305.5799865722656,308.7300109863281,308.7300109863281,61642800,11440.1396484375,11520.990234375,11343.7197265625,11425.0498046875,11425.0498046875,4028100000
2022-09-21,308.2900085449219,313.79998779296875,300.6300048828125,300.79998779296875,300.79998779296875,62555700,11466.2099609375,11613.5703125,11218.990234375,11220.1904296875,11220.1904296875,4471000000
2022-09-22,299.8599853515625,301.2900085449219,285.82000732421875,288.5899963378906,288.5899963378906,70545400,11167.3798828125,11203.76953125,11024.6396484375,11066.8095703125,11066.8095703125,4916470000
2022-09-23,283.0899963378906,284.5,272.82000732421875,275.3299865722656,275.3299865722656,63748400,10952.6904296875,10958.2900390625,10732.7197265625,10867.9296875,10867.9296875,5134350000
2022-09-26,271.8299865722656,284.0899963378906,270.30999755859375,276.010009765625,276.010009765625,58076900,10833.3798828125,11024.0,10789.0498046875,10802.919921875,10802.919921875,4697730000
2022-09-27,283.8399963378906,288.6700134277344,277.510009765625,282.94000244140625,282.94000244140625,61925200,10955.2900390625,11040.98046875,10741.01953125,10829.5,10829.5,4445050000
2022-09-28,283.0799865722656,289.0,277.57000732421875,287.80999755859375,287.80999755859375,54664800,10817.51953125,11101.5,10776.33984375,11051.6396484375,11051.6396484375,4556100000
2022-09-29,282.760009765625,283.6499938964844,265.7799987792969,268.2099914550781,268.2099914550781,77620600,10894.4404296875,10899.4697265625,10623.2197265625,10737.509765625,10737.509765625,4516630000
2022-09-30,266.1499938964844,275.57000732421875,262.4700012207031,265.25,265.25,67726600,10697.7099609375,10883.0400390625,10572.330078125,10575.6201171875,10575.6201171875,4649710000
2022-10-03,254.5,255.16000366210935,241.0099945068359,242.3999938964844,242.3999938964844,98363500,10659.009765625,10875.4599609375,10577.8896484375,10815.4296875,10815.4296875,4415440000
2022-10-04,250.52000427246097,257.5,242.0099945068359,249.44000244140625,249.44000244140625,109578500,11054.7197265625,11189.9599609375,11044.0400390625,11176.41015625,11176.41015625,5004780000
2022-10-05,245.0099945068359,246.6699981689453,233.27000427246097,240.80999755859375,240.80999755859375,86982700,11022.669921875,11210.3203125,10910.759765625,11148.6396484375,11148.6396484375,4091860000
2022-10-06,239.44000244140625,244.5800018310547,235.3500061035156,238.1300048828125,238.1300048828125,69298400,11129.0400390625,11230.4404296875,11051.26953125,11073.3095703125,11073.3095703125,4423320000
2022-10-07,233.94000244140625,234.57000732421875,222.02000427246097,223.07000732421875,223.07000732421875,83916800,10877.2802734375,10891.9296875,10608.51953125,10652.400390625,10652.400390625,4634190000
2022-10-10,223.92999267578125,226.9900054931641,218.36000061035156,222.9600067138672,222.9600067138672,67925000,10659.9501953125,10669.9296875,10449.0400390625,10542.099609375,10542.099609375,3989640000
2022-10-11,220.9499969482422,225.75,215.0,216.5,216.5,77013200,10484.3701171875,10608.83984375,10351.98046875,10426.1904296875,10426.1904296875,4738840000
2022-10-12,215.3300018310547,219.3000030517578,211.5099945068359,217.2400054931641,217.2400054931641,66860700,10437.0,10494.5302734375,10372.2099609375,10417.099609375,10417.099609375,4091030000
2022-10-13,208.3000030517578,222.9900054931641,206.22000122070312,221.72000122070312,221.72000122070312,91483000,10131.8203125,10697.7099609375,10088.830078125,10649.150390625,10649.150390625,5300080000
2022-10-14,224.0099945068359,226.2599945068359,204.16000366210935,204.9900054931641,204.9900054931641,94124500,10742.8095703125,10766.6904296875,10308.8095703125,10321.3896484375,10321.3896484375,4393000000
2022-10-17,210.0399932861328,221.86000061035156,209.4499969482422,219.3500061035156,219.3500061035156,79428800,10575.650390625,10696.58984375,10569.6904296875,10675.7998046875,10675.7998046875,4439190000
2022-10-18,229.5,229.82000732421875,217.25,220.19000244140625,220.19000244140625,75891900,10963.990234375,10972.9697265625,10670.1201171875,10772.400390625,10772.400390625,5047360000
2022-10-19,219.8000030517578,222.92999267578125,217.77999877929688,222.0399932861328,222.0399932861328,66571500,10689.3095703125,10808.0400390625,10592.8798828125,10680.509765625,10680.509765625,4955090000
2022-10-20,208.27999877929688,215.5500030517578,202.0,207.27999877929688,207.27999877929688,117798100,10657.41015625,10837.2998046875,10574.5498046875,10614.83984375,10614.83984375,4628010000
2022-10-21,206.4199981689453,214.66000366210935,203.8000030517578,214.44000244140625,214.44000244140625,75713800,10576.0400390625,10875.7197265625,10542.4296875,10859.7197265625,10859.7197265625,4706440000
2022-10-24,205.82000732421875,213.5,198.58999633789065,211.25,211.25,100446800,10867.0703125,10983.51953125,10713.330078125,10952.6103515625,10952.6103515625,4808710000
2022-10-25,210.1000061035156,224.3500061035156,210.0,222.4199981689453,222.4199981689453,96507900,10996.9697265625,11210.3798828125,10996.9697265625,11199.1201171875,11199.1201171875,5141760000
2022-10-26,219.3999938964844,230.6000061035156,218.1999969482422,224.63999938964844,224.63999938964844,85012500,10969.01953125,11205.83984375,10948.3798828125,10970.990234375,10970.990234375,5224440000
2022-10-27,229.77000427246097,233.80999755859375,222.8500061035156,225.08999633789065,225.08999633789065,61638800,10971.9501953125,10998.73046875,10780.5,10792.669921875,10792.669921875,4773520000
2022-10-28,225.3999938964844,228.86000061035156,216.3500061035156,228.52000427246097,228.52000427246097,69152400,10766.2001953125,11117.0400390625,10766.2001953125,11102.4501953125,11102.4501953125,4731940000
2022-10-31,226.19000244140625,229.8500061035156,221.94000244140625,227.5399932861328,227.5399932861328,61554300,11028.4296875,11047.9404296875,10914.009765625,10988.150390625,10988.150390625,4753740000
2022-11-01,234.0500030517578,237.3999938964844,227.27999877929688,227.82000732421875,227.82000732421875,62688800,11154.740234375,11156.349609375,10881.1904296875,10890.849609375,10890.849609375,4677520000
2022-11-02,226.0399932861328,227.8699951171875,214.82000732421875,214.97999572753903,214.97999572753903,63070300,10885.009765625,10993.240234375,10522.900390625,10524.7998046875,10524.7998046875,5436420000
2022-11-03,211.36000061035156,221.1999969482422,210.13999938964844,215.30999755859375,215.30999755859375,56538800,10399.4501953125,10486.009765625,10319.5400390625,10342.9404296875,10342.9404296875,5102190000
2022-11-04,222.6000061035156,223.8000030517578,203.0800018310547,207.47000122070312,207.47000122070312,98622200,10548.1396484375,10553.6298828125,10262.9296875,10475.25,10475.25,5453750000
2022-11-07,208.6499938964844,208.8999938964844,196.66000366210935,197.0800018310547,197.0800018310547,93916500,10516.9404296875,10587.9599609375,10428.91015625,10564.51953125,10564.51953125,4456690000
2022-11-08,194.02000427246097,195.1999969482422,186.75,191.3000030517578,191.3000030517578,128803400,10611.5302734375,10745.6396484375,10472.73046875,10616.2001953125,10616.2001953125,5134500000
2022-11-09,190.77999877929688,195.88999938964844,177.1199951171875,177.58999633789062,177.58999633789062,127062700,10528.4501953125,10564.9697265625,10344.009765625,10353.169921875,10353.169921875,4977460000
2022-11-10,189.8999938964844,191.0,180.02999877929688,190.72000122070312,190.72000122070312,132703000,10869.169921875,11119.1201171875,10779.9501953125,11114.150390625,11114.150390625,6433000000
2022-11-11,186.0,196.52000427246097,182.58999633789065,195.97000122070312,195.97000122070312,114403600,11124.75,11352.4296875,11069.830078125,11323.330078125,11323.330078125,5867750000
2022-11-14,192.77000427246097,195.72999572753903,186.33999633789065,190.9499969482422,190.9499969482422,92226600,11233.900390625,11350.1201171875,11167.169921875,11196.2197265625,11196.2197265625,5004060000
2022-11-15,195.8800048828125,200.82000732421875,192.05999755859375,194.4199981689453,194.4199981689453,91293800,11474.8203125,11492.6201171875,11241.150390625,11358.41015625,11358.41015625,5617310000
2022-11-16,191.5099945068359,192.57000732421875,185.66000366210935,186.9199981689453,186.9199981689453,66567600,11260.099609375,11286.099609375,11162.919921875,11183.66015625,11183.66015625,4585190000
2022-11-17,183.9600067138672,186.16000366210935,180.8999938964844,183.1699981689453,183.1699981689453,64336000,11008.669921875,11198.83984375,11006.2099609375,11144.9599609375,11144.9599609375,4354360000
2022-11-18,185.0500030517578,185.19000244140625,176.5500030517578,180.19000244140625,180.19000244140625,76048900,11257.009765625,11259.4404296875,11059.16015625,11146.0595703125,11146.0595703125,4175420000
2022-11-21,175.85000610351562,176.77000427246094,167.5399932861328,167.8699951171875,167.8699951171875,92882700,11091.009765625,11128.7802734375,10999.75,11024.509765625,11024.509765625,3977130000
2022-11-22,168.6300048828125,170.9199981689453,166.19000244140625,169.91000366210938,169.91000366210938,78452300,11058.5595703125,11179.8701171875,10975.66015625,11174.41015625,11174.41015625,4186360000
2022-11-23,173.57000732421875,183.6199951171875,172.5,183.1999969482422,183.1999969482422,109536700,11174.6103515625,11310.8203125,11174.6103515625,11285.3203125,11285.3203125,4431530000
2022-11-25,185.05999755859375,185.1999969482422,180.6300048828125,182.86000061035156,182.86000061035156,50672700,11231.0,11261.5703125,11206.3798828125,11226.3603515625,11226.3603515625,2184080000
2022-11-28,179.9600067138672,188.5,179.0,182.9199981689453,182.9199981689453,92905200,11147.5703125,11217.75,11020.6904296875,11049.5,11049.5,4271360000
2022-11-29,184.9900054931641,186.3800048828125,178.75,180.8300018310547,180.8300018310547,83357100,11060.01953125,11086.01953125,10944.3701171875,10983.7802734375,10983.7802734375,4592830000
2022-11-30,182.42999267578125,194.7599945068359,180.6300048828125,194.6999969482422,194.6999969482422,109186400,10995.2001953125,11468.4697265625,10966.5302734375,11468.0,11468.0,6653460000
2022-12-01,197.0800018310547,198.9199981689453,191.8000030517578,194.6999969482422,194.6999969482422,80046200,11475.169921875,11546.76953125,11378.75,11482.4501953125,11482.4501953125,5158120000
2022-12-02,191.77999877929688,196.25,191.11000061035156,194.86000061035156,194.86000061035156,73645900,11308.3798828125,11492.3203125,11296.7197265625,11461.5,11461.5,4523010000
2022-12-05,189.44000244140625,191.27000427246097,180.5500030517578,182.4499969482422,182.4499969482422,93122700,11380.990234375,11425.509765625,11193.01953125,11239.9404296875,11239.9404296875,4510030000
2022-12-06,181.22000122070312,183.6499938964844,175.3300018310547,179.82000732421875,179.82000732421875,92150800,11228.419921875,11241.419921875,10956.2001953125,11014.8896484375,11014.8896484375,4713330000
2022-12-07,175.02999877929688,179.3800048828125,172.22000122070312,174.0399932861328,174.0399932861328,84213300,10963.9501953125,11039.8095703125,10910.6201171875,10958.5498046875,10958.5498046875,4343860000
2022-12-08,172.1999969482422,175.1999969482422,169.05999755859375,173.44000244140625,173.44000244140625,97624500,11011.330078125,11119.16015625,10939.4697265625,11082.0,11082.0,4281800000
2022-12-09,173.83999633789062,182.5,173.36000061035156,179.0500030517578,179.0500030517578,104872300,11038.169921875,11138.7001953125,10999.259765625,11004.6201171875,11004.6201171875,4337440000
2022-12-12,176.10000610351562,177.3699951171875,167.52000427246094,167.82000732421875,167.82000732421875,109794500,11015.48046875,11144.669921875,10984.8203125,11143.740234375,11143.740234375,4829990000
2022-12-13,174.8699951171875,175.0500030517578,156.91000366210938,160.9499969482422,160.9499969482422,175862700,11542.83984375,11571.6396484375,11160.5400390625,11256.8095703125,11256.8095703125,6126890000
2022-12-14,159.25,161.6199951171875,155.30999755859375,156.8000030517578,156.8000030517578,140682300,11248.08984375,11352.08984375,11065.240234375,11170.8896484375,11170.8896484375,5485150000
2022-12-15,153.44000244140625,160.92999267578125,153.27999877929688,157.6699981689453,157.6699981689453,122334500,11012.6201171875,11029.5703125,10775.6103515625,10810.5302734375,10810.5302734375,5536070000
2022-12-16,159.63999938964844,160.99000549316406,150.0399932861328,150.22999572753906,150.22999572753906,139032200,10767.6298828125,10833.240234375,10642.099609375,10705.41015625,10705.41015625,7968170000
2022-12-19,154.0,155.25,145.82000732421875,149.8699951171875,149.8699951171875,139390600,10707.4404296875,10713.9697265625,10497.5498046875,10546.0302734375,10546.0302734375,4631820000
2022-12-20,146.0500030517578,148.47000122070312,137.66000366210938,137.8000030517578,137.8000030517578,159563300,10490.8896484375,10609.4599609375,10446.8203125,10547.1103515625,10547.1103515625,4707190000
2022-12-21,139.33999633789062,141.25999450683594,135.88999938964844,137.57000732421875,137.57000732421875,145417400,10592.0,10753.5703125,10569.2001953125,10709.3701171875,10709.3701171875,4401420000
2022-12-22,136.0,136.6300048828125,122.26000213623048,125.3499984741211,125.3499984741211,210090300,10586.4599609375,10599.33984375,10313.3203125,10476.1201171875,10476.1201171875,5125070000
2022-12-23,126.37000274658205,128.6199951171875,121.0199966430664,123.1500015258789,123.1500015258789,166989700,10437.75,10514.759765625,10361.8203125,10497.8603515625,10497.8603515625,3544680000
2022-12-27,117.5,119.66999816894533,108.76000213623048,109.0999984741211,109.0999984741211,208643400,10462.1904296875,10472.3203125,10340.73046875,10353.23046875,10353.23046875,3827290000
2022-12-28,110.3499984741211,116.2699966430664,108.23999786376952,112.70999908447266,112.70999908447266,221070500,10339.2001953125,10414.8203125,10207.4697265625,10213.2900390625,10213.2900390625,3842970000
2022-12-29,120.38999938964844,123.56999969482422,117.5,121.81999969482422,121.81999969482422,221923300,10321.4599609375,10502.080078125,10301.0595703125,10478.08984375,10478.08984375,4154100000
2022-12-30,119.9499969482422,124.4800033569336,119.75,123.18000030517578,123.18000030517578,157777300,10368.3701171875,10468.3095703125,10324.7001953125,10466.48046875,10466.48046875,3959030000
2023-01-03,118.47000122070312,118.8000030517578,104.63999938964844,108.0999984741211,108.0999984741211,231402800,10562.0595703125,10613.0595703125,10309.16015625,10386.98046875,10386.98046875,4780650000
2023-01-04,109.11000061035156,114.58999633789062,107.5199966430664,113.63999938964844,113.63999938964844,180389000,10467.8203125,10515.2197265625,10337.6396484375,10458.759765625,10458.759765625,5085380000
2023-01-05,110.51000213623048,111.75,107.16000366210938,110.33999633789062,110.33999633789062,157986300,10390.3095703125,10393.2197265625,10295.25,10305.240234375,10305.240234375,4764270000
2023-01-06,103.0,114.38999938964844,101.80999755859376,113.05999755859376,113.05999755859376,220911100,10363.9599609375,10604.1396484375,10265.0400390625,10569.2900390625,10569.2900390625,5199780000
2023-01-09,118.95999908447266,123.5199966430664,117.11000061035156,119.7699966430664,119.7699966430664,190284000,10662.099609375,10807.259765625,10619.1201171875,10635.650390625,10635.650390625,5132190000
2023-01-10,121.06999969482422,122.76000213623048,114.91999816894533,118.8499984741211,118.8499984741211,167642500,10607.7197265625,10743.669921875,10589.58984375,10742.6298828125,10742.6298828125,4710680000
2023-01-11,122.08999633789062,125.9499969482422,120.51000213623048,123.22000122070312,123.22000122070312,183810800,10794.990234375,10932.4404296875,10762.73046875,10931.669921875,10931.669921875,5284390000
2023-01-12,122.55999755859376,124.12999725341795,117.0,123.55999755859376,123.55999755859376,169400900,10969.259765625,11027.75,10797.1201171875,11001.099609375,11001.099609375,5681240000
2023-01-13,116.5500030517578,122.62999725341795,115.5999984741211,122.4000015258789,122.4000015258789,180714100,10906.3701171875,11084.009765625,10900.16015625,11079.16015625,11079.16015625,5077990000
2023-01-17,125.6999969482422,131.6999969482422,125.0199966430664,131.49000549316406,131.49000549316406,186477000,11070.0,11145.4404296875,11024.7197265625,11095.1103515625,11095.1103515625,5138410000
2023-01-18,136.55999755859375,136.67999267578125,127.01000213623048,128.77999877929688,128.77999877929688,195680300,11170.9501953125,11223.41015625,10952.0498046875,10957.009765625,10957.009765625,5288630000
2023-01-19,127.26000213623048,129.99000549316406,124.30999755859376,127.16999816894533,127.16999816894533,170291900,10890.400390625,10932.51953125,10804.5703125,10852.26953125,10852.26953125,4660800000
2023-01-20,128.67999267578125,133.50999450683594,127.3499984741211,133.4199981689453,133.4199981689453,138858100,10924.66015625,11143.169921875,10885.650390625,11140.4296875,11140.4296875,5980110000
2023-01-23,135.8699951171875,145.3800048828125,134.27000427246094,143.75,143.75,203119200,11171.9404296875,11405.5,11144.0302734375,11364.41015625,11364.41015625,5997810000
2023-01-24,143.0,146.5,141.10000610351562,143.88999938964844,143.88999938964844,158699100,11302.9296875,11378.150390625,11282.650390625,11334.26953125,11334.26953125,5670860000
2023-01-25,141.91000366210938,146.41000366210938,138.07000732421875,144.42999267578125,144.42999267578125,192734300,11146.5302734375,11334.2197265625,11069.1796875,11313.3603515625,11313.3603515625,5485570000
2023-01-26,159.97000122070312,161.4199981689453,154.75999450683594,160.27000427246094,160.27000427246094,234815100,11458.400390625,11516.0498046875,11341.1904296875,11512.41015625,11512.41015625,5732890000
2023-01-27,162.42999267578125,180.67999267578125,161.1699981689453,177.89999389648438,177.89999389648438,306590600,11470.4697265625,11691.8896484375,11470.26953125,11621.7099609375,11621.7099609375,6243800000
2023-01-30,178.0500030517578,179.77000427246094,166.5,166.66000366210938,166.66000366210938,230878800,11512.33984375,11553.3095703125,11388.5400390625,11393.8095703125,11393.8095703125,5122320000
2023-01-31,164.57000732421875,174.3000030517578,162.77999877929688,173.22000122070312,173.22000122070312,196813500,11398.580078125,11586.009765625,11398.3701171875,11584.5498046875,11584.5498046875,5695150000
2023-02-01,173.88999938964844,183.80999755859375,169.92999267578125,181.41000366210935,181.41000366210935,213806300,11573.1396484375,11904.01953125,11500.330078125,11816.3203125,11816.3203125,6336040000
2023-02-02,187.3300018310547,196.75,182.61000061035156,188.27000427246097,188.27000427246097,217448300,12065.150390625,12269.5498046875,12024.1396484375,12200.8203125,12200.8203125,7038210000
2023-02-03,183.9499969482422,199.0,183.69000244140625,189.97999572753903,189.97999572753903,232662000,11946.8603515625,12231.3095703125,11946.8603515625,12006.9501953125,12006.9501953125,5954490000
2023-02-06,193.0099945068359,198.1699981689453,189.9199981689453,194.7599945068359,194.7599945068359,186188100,11904.41015625,11973.41015625,11843.490234375,11887.4501953125,11887.4501953125,5538350000
2023-02-07,196.42999267578125,197.5,189.5500030517578,196.80999755859375,196.80999755859375,186010300,11891.25,12150.2197265625,11836.7802734375,12113.7900390625,12113.7900390625,5720240000
2023-02-08,196.1000061035156,203.0,194.30999755859375,201.2899932861328,201.2899932861328,180673600,12069.1201171875,12096.3896484375,11890.08984375,11910.51953125,11910.51953125,5052870000
2023-02-09,207.77999877929688,214.0,204.77000427246097,207.32000732421875,207.32000732421875,215431400,12069.099609375,12070.9599609375,11745.1103515625,11789.580078125,11789.580078125,5536290000
2023-02-10,202.22999572753903,206.1999969482422,192.88999938964844,196.88999938964844,196.88999938964844,204754100,11714.599609375,11775.7998046875,11630.5400390625,11718.1201171875,11718.1201171875,4885030000
2023-02-13,194.4199981689453,196.3000030517578,187.61000061035156,194.63999938964844,194.63999938964844,172475500,11759.08984375,11910.919921875,11719.73046875,11891.7900390625,11891.7900390625,4752880000
2023-02-14,191.94000244140625,209.82000732421875,189.44000244140625,209.25,209.25,216455700,11808.2001953125,11999.849609375,11760.5595703125,11960.150390625,11960.150390625,5032430000
2023-02-15,211.7599945068359,214.66000366210935,206.11000061035156,214.2400054931641,214.2400054931641,181006400,11905.1201171875,12071.2900390625,11876.8203125,12070.58984375,12070.58984375,5056640000
2023-02-16,210.77999877929688,217.6499938964844,201.83999633789065,202.0399932861328,202.0399932861328,229586500,11896.3095703125,12040.33984375,11853.3603515625,11855.830078125,11855.830078125,5159410000
2023-02-17,199.9900054931641,208.44000244140625,197.5,208.30999755859375,208.30999755859375,213738500,11777.5,11803.2197265625,11673.2099609375,11787.26953125,11787.26953125,4925230000
2023-02-21,204.9900054931641,209.7100067138672,197.22000122070312,197.3699951171875,197.3699951171875,180018600,11640.3701171875,11684.1396484375,11491.1796875,11492.2998046875,11492.2998046875,5002540000
2023-02-22,197.92999267578125,201.9900054931641,191.77999877929688,200.86000061035156,200.86000061035156,191828500,11517.2001953125,11582.51953125,11445.169921875,11507.0703125,11507.0703125,4671270000
2023-02-23,203.91000366210935,205.13999938964844,196.3300018310547,202.07000732421875,202.07000732421875,146360000,11636.9296875,11638.98046875,11432.580078125,11590.400390625,11590.400390625,4714580000
2023-02-24,196.3300018310547,197.6699981689453,192.8000030517578,196.8800048828125,196.8800048828125,142228100,11404.1796875,11434.3603515625,11334.4697265625,11394.9404296875,11394.9404296875,4432650000
2023-02-27,202.02999877929688,209.4199981689453,201.2599945068359,207.6300048828125,207.6300048828125,161028300,11517.1904296875,11565.23046875,11444.599609375,11466.98046875,11466.98046875,4494000000
2023-02-28,210.58999633789065,211.22999572753903,203.75,205.7100067138672,205.7100067138672,153144900,11451.0498046875,11548.23046875,11435.3896484375,11455.5400390625,11455.5400390625,5340950000
2023-03-01,206.2100067138672,207.1999969482422,198.52000427246097,202.77000427246097,202.77000427246097,156852800,11447.580078125,11479.0,11349.8701171875,11379.48046875,11379.48046875,4927530000
2023-03-02,186.7400054931641,193.75,186.0099945068359,190.8999938964844,190.8999938964844,181500700,11273.76953125,11487.58984375,11273.6103515625,11462.98046875,11462.98046875,5313760000
2023-03-03,194.8000030517578,200.47999572753903,192.8800048828125,197.7899932861328,197.7899932861328,154193300,11524.650390625,11699.6298828125,11514.740234375,11689.009765625,11689.009765625,5102210000
2023-03-06,198.5399932861328,198.6000061035156,192.3000030517578,193.80999755859375,193.80999755859375,128100100,11736.8701171875,11827.919921875,11667.48046875,11675.740234375,11675.740234375,4982880000
2023-03-07,191.3800048828125,194.1999969482422,186.1000061035156,187.7100067138672,187.7100067138672,148125800,11670.98046875,11705.9599609375,11512.0302734375,11530.330078125,11530.330078125,5422820000
2023-03-08,185.0399932861328,186.5,180.0,182.0,182.0,151897800,11553.08984375,11601.23046875,11487.75,11576.0,11576.0,5085970000
2023-03-09,180.25,185.17999267578125,172.50999450683594,172.9199981689453,172.9199981689453,170023800,11578.3095703125,11667.1201171875,11319.98046875,11338.349609375,11338.349609375,5061790000
2023-03-10,175.1300048828125,178.2899932861328,168.44000244140625,173.44000244140625,173.44000244140625,191488900,11325.3603515625,11373.8095703125,11093.8603515625,11138.8896484375,11138.8896484375,6193500000
2023-03-13,167.4600067138672,177.35000610351562,163.91000366210938,174.47999572753906,174.47999572753906,167790300,11041.4599609375,11326.73046875,10982.7998046875,11188.83984375,11188.83984375,6201490000
2023-03-14,177.30999755859375,183.8000030517578,177.13999938964844,183.2599945068359,183.2599945068359,143717900,11357.73046875,11467.01953125,11284.9296875,11428.150390625,11428.150390625,5533120000
2023-03-15,180.8000030517578,182.33999633789065,176.02999877929688,180.4499969482422,180.4499969482422,145995600,11291.169921875,11447.900390625,11238.4404296875,11434.0498046875,11434.0498046875,5912430000
2023-03-16,180.3699951171875,185.80999755859375,178.83999633789062,184.1300048828125,184.1300048828125,121136800,11384.8701171875,11733.7998046875,11365.490234375,11717.2802734375,11717.2802734375,5498920000
2023-03-17,184.52000427246097,186.22000122070312,177.3300018310547,180.1300048828125,180.1300048828125,133197100,11696.33984375,11773.1103515625,11562.6298828125,11630.509765625,11630.509765625,7903090000
2023-03-20,178.0800018310547,186.44000244140625,176.35000610351562,183.25,183.25,129684400,11614.3896484375,11695.5498046875,11550.6904296875,11675.5400390625,11675.5400390625,4970630000
2023-03-21,188.27999877929688,198.0,188.0399932861328,197.5800018310547,197.5800018310547,153391400,11764.7900390625,11879.16015625,11724.91015625,11860.1103515625,11860.1103515625,4829870000
2023-03-22,199.3000030517578,200.66000366210935,190.9499969482422,191.1499938964844,191.1499938964844,150376400,11857.5,12013.990234375,11666.849609375,11669.9599609375,11669.9599609375,4981590000
2023-03-23,195.2599945068359,199.30999755859375,188.6499938964844,192.22000122070312,192.22000122070312,144193900,11811.3203125,11962.6904296875,11684.51953125,11787.400390625,11787.400390625,4917460000
2023-03-24,191.6499938964844,192.36000061035156,187.1499938964844,190.41000366210935,190.41000366210935,116312400,11747.6201171875,11826.23046875,11670.669921875,11823.9599609375,11823.9599609375,4363650000
2023-03-27,194.4199981689453,197.38999938964844,189.94000244140625,191.80999755859375,191.80999755859375,120851600,11868.5400390625,11903.2099609375,11739.0498046875,11768.83984375,11768.83984375,4330320000
2023-03-28,192.0,192.3500061035156,185.42999267578125,189.19000244140625,189.19000244140625,98654600,11752.759765625,11752.759765625,11635.0302734375,11716.080078125,11716.080078125,4036910000
2023-03-29,193.1300048828125,195.2899932861328,189.44000244140625,193.8800048828125,193.8800048828125,123660000,11855.58984375,11941.599609375,11823.349609375,11926.240234375,11926.240234375,4493540000
2023-03-30,195.5800018310547,197.3300018310547,194.4199981689453,195.27999877929688,195.27999877929688,110252200,12010.4501953125,12044.7900390625,11953.3701171875,12013.4697265625,12013.4697265625,4738880000
2023-03-31,197.52999877929688,207.7899932861328,197.1999969482422,207.4600067138672,207.4600067138672,170222100,12031.5400390625,12227.9296875,12030.4404296875,12221.91015625,12221.91015625,5521150000
2023-04-03,199.91000366210935,202.69000244140625,192.1999969482422,194.77000427246097,194.77000427246097,169545900,12146.08984375,12196.33984375,12086.51953125,12189.4501953125,12189.4501953125,4816440000
2023-04-04,197.32000732421875,198.7400054931641,190.32000732421875,192.5800018310547,192.5800018310547,126463800,12208.490234375,12224.6796875,12081.8095703125,12126.330078125,12126.330078125,4298760000
2023-04-05,190.52000427246097,190.67999267578125,183.7599945068359,185.52000427246097,185.52000427246097,133882500,12081.759765625,12086.75,11931.849609375,11996.8603515625,11996.8603515625,4378590000
2023-04-06,183.0800018310547,186.38999938964844,179.74000549316406,185.05999755859375,185.05999755859375,123857900,11939.080078125,12098.5,11898.3603515625,12087.9599609375,12087.9599609375,3862800000
2023-04-10,179.94000244140625,185.1000061035156,176.11000061035156,184.5099945068359,184.5099945068359,142154600,11975.1298828125,12084.9501953125,11924.2001953125,12084.3603515625,12084.3603515625,4334070000
2023-04-11,186.69000244140625,189.19000244140625,185.6499938964844,186.7899932861328,186.7899932861328,115770900,12080.240234375,12091.26953125,12011.400390625,12031.8798828125,12031.8798828125,4676960000
2023-04-12,190.7400054931641,191.5800018310547,180.30999755859375,180.5399932861328,180.5399932861328,150256300,12110.8701171875,12134.5,11916.5400390625,11929.33984375,11929.33984375,4909770000
2023-04-13,182.9600067138672,186.5,180.94000244140625,185.8999938964844,185.8999938964844,112933000,11997.419921875,12178.7998046875,11995.9404296875,12166.26953125,12166.26953125,4942990000
2023-04-14,183.9499969482422,186.27999877929688,182.0099945068359,185.0,185.0,96438700,12117.91015625,12205.7197265625,12026.5498046875,12123.4697265625,12123.4697265625,4655740000
2023-04-17,186.32000732421875,189.69000244140625,182.69000244140625,187.0399932861328,187.0399932861328,116662200,12108.23046875,12159.01953125,12064.099609375,12157.7197265625,12157.7197265625,4823180000
2023-04-18,187.1499938964844,187.69000244140625,183.5800018310547,184.30999755859375,184.30999755859375,92067000,12234.5595703125,12245.4296875,12110.23046875,12153.41015625,12153.41015625,4851810000
2023-04-19,179.10000610351562,183.5,177.64999389648438,180.58999633789065,180.58999633789065,125732700,12063.6796875,12191.099609375,12060.169921875,12157.23046875,12157.23046875,4972700000
2023-04-20,166.1699981689453,169.6999969482422,160.55999755859375,162.99000549316406,162.99000549316406,210970800,12039.080078125,12155.9599609375,12011.9501953125,12059.5595703125,12059.5595703125,4590530000
2023-04-21,164.8000030517578,166.0,161.32000732421875,165.0800018310547,165.0800018310547,123539000,12046.0302734375,12097.150390625,11986.8203125,12072.4599609375,12072.4599609375,4868050000
2023-04-24,164.64999389648438,165.64999389648438,158.61000061035156,162.5500030517578,162.5500030517578,140006600,12053.4697265625,12103.580078125,11960.2998046875,12037.2001953125,12037.2001953125,4854050000
2023-04-25,159.82000732421875,163.47000122070312,158.75,160.6699981689453,160.6699981689453,121999300,11968.8095703125,11990.4599609375,11798.76953125,11799.16015625,11799.16015625,4806020000
2023-04-26,160.2899932861328,160.6699981689453,153.13999938964844,153.75,153.75,153364100,11913.23046875,11967.990234375,11833.0703125,11854.349609375,11854.349609375,5281970000
2023-04-27,152.63999938964844,160.47999572753906,152.3699951171875,160.19000244140625,160.19000244140625,127015200,11972.150390625,12154.009765625,11950.919921875,12142.240234375,12142.240234375,5253710000
2023-04-28,160.89999389648438,165.0,157.32000732421875,164.30999755859375,164.30999755859375,122515800,12117.5400390625,12227.7197265625,12082.5703125,12226.580078125,12226.580078125,5331380000
2023-05-01,163.1699981689453,163.27999877929688,158.8300018310547,161.8300018310547,161.8300018310547,109015000,12210.0498046875,12261.3203125,12181.080078125,12212.599609375,12212.599609375,5168430000
2023-05-02,161.8800048828125,165.49000549316406,158.92999267578125,160.30999755859375,160.30999755859375,128259700,12198.01953125,12206.580078125,12015.23046875,12080.509765625,12080.509765625,5501410000
2023-05-03,160.00999450683594,165.0,159.91000366210938,160.61000061035156,160.61000061035156,119728000,12097.0400390625,12212.5498046875,12022.4599609375,12025.330078125,12025.330078125,5782160000
2023-05-04,162.7100067138672,162.9499969482422,159.64999389648438,161.1999969482422,161.1999969482422,95108500,11997.33984375,12033.150390625,11925.3701171875,11966.400390625,11966.400390625,4745780000
2023-05-05,163.97000122070312,170.7899932861328,163.50999450683594,170.05999755859375,170.05999755859375,107607300,12073.0302734375,12264.830078125,12065.7197265625,12235.41015625,12235.41015625,4574790000
2023-05-08,173.72000122070312,173.8000030517578,169.19000244140625,171.7899932861328,171.7899932861328,112249400,12231.6796875,12264.990234375,12178.259765625,12256.919921875,12256.919921875,4216360000
2023-05-09,168.9499969482422,169.82000732421875,166.55999755859375,169.14999389648438,169.14999389648438,88965000,12195.7802734375,12216.1298828125,12174.0595703125,12179.5498046875,12179.5498046875,4126780000
2023-05-10,172.5500030517578,174.42999267578125,166.67999267578125,168.5399932861328,168.5399932861328,119840700,12286.66015625,12337.6904296875,12180.8603515625,12306.4404296875,12306.4404296875,4948260000
2023-05-11,168.6999969482422,173.57000732421875,166.7899932861328,172.0800018310547,172.0800018310547,103889900,12321.259765625,12347.3798828125,12255.4404296875,12328.509765625,12328.509765625,4489490000
2023-05-12,176.07000732421875,177.3800048828125,167.22999572753906,167.97999572753906,167.97999572753906,157849600,12350.51953125,12364.650390625,12209.580078125,12284.740234375,12284.740234375,4170000000
2023-05-15,167.66000366210938,169.75999450683594,164.5500030517578,166.35000610351562,166.35000610351562,105592500,12301.169921875,12376.400390625,12263.349609375,12365.2099609375,12365.2099609375,3979290000
2023-05-16,165.64999389648438,169.52000427246094,164.35000610351562,166.52000427246094,166.52000427246094,98288800,12327.0498046875,12403.8095703125,12324.51953125,12343.0498046875,12343.0498046875,4067510000
2023-05-17,168.41000366210938,174.5,167.19000244140625,173.86000061035156,173.86000061035156,125473600,12388.580078125,12514.0703125,12335.01953125,12500.5703125,12500.5703125,4501820000
2023-05-18,174.22000122070312,177.05999755859375,172.4499969482422,176.88999938964844,176.88999938964844,109520300,12513.8701171875,12698.5,12512.259765625,12688.83984375,12688.83984375,4532890000
2023-05-19,177.1699981689453,181.9499969482422,176.30999755859375,180.13999938964844,180.13999938964844,136196700,12709.4599609375,12731.73046875,12624.0595703125,12657.900390625,12657.900390625,3935780000
2023-05-22,180.6999969482422,189.32000732421875,180.11000061035156,188.8699951171875,188.8699951171875,132001400,12664.4404296875,12756.23046875,12655.259765625,12720.7802734375,12720.7802734375,4278920000
2023-05-23,186.1999969482422,192.9600067138672,185.2599945068359,185.77000427246097,185.77000427246097,156952100,12652.8798828125,12709.740234375,12554.4296875,12560.25,12560.25,4347440000
2023-05-24,182.22999572753903,184.22000122070312,178.22000122070312,182.8999938964844,182.8999938964844,137605100,12481.8896484375,12529.6298828125,12415.849609375,12484.16015625,12484.16015625,4088270000
2023-05-25,186.5399932861328,186.77999877929688,180.5800018310547,184.47000122070312,184.47000122070312,96870700,12706.4404296875,12736.919921875,12604.8896484375,12698.08984375,12698.08984375,4651640000
2023-05-26,184.6199951171875,198.6000061035156,184.52999877929688,193.1699981689453,193.1699981689453,162061500,12736.419921875,13001.91015625,12729.740234375,12975.6904296875,12975.6904296875,4434070000
2023-05-30,200.1000061035156,204.47999572753903,197.52999877929688,201.16000366210935,201.16000366210935,128818700,13109.099609375,13154.2900390625,12968.1201171875,13017.4296875,13017.4296875,4843470000
2023-05-31,199.77999877929688,203.9499969482422,195.1199951171875,203.92999267578125,203.92999267578125,150711700,12968.3798828125,13029.080078125,12889.3701171875,12935.2900390625,12935.2900390625,5905760000
2023-06-01,202.58999633789065,209.8000030517578,199.3699951171875,207.52000427246097,207.52000427246097,148029900,12944.4599609375,13141.830078125,12903.6298828125,13100.98046875,13100.98046875,4610310000
2023-06-02,210.1499938964844,217.25,209.75,213.97000122070312,213.97000122070312,164398400,13190.48046875,13256.2099609375,13125.8603515625,13240.76953125,13240.76953125,4426760000
2023-06-05,217.8000030517578,221.2899932861328,214.52000427246097,217.61000061035156,217.61000061035156,151143100,13238.48046875,13330.650390625,13194.9501953125,13229.4296875,13229.4296875,4344280000
2023-06-06,216.13999938964844,221.91000366210935,212.52999877929688,221.30999755859375,221.30999755859375,146911600,13199.58984375,13306.2099609375,13165.650390625,13276.419921875,13276.419921875,4810910000
2023-06-07,228.0,230.8300018310547,223.1999969482422,224.57000732421875,224.57000732421875,185710800,13295.259765625,13361.900390625,13089.48046875,13104.900390625,13104.900390625,5270600000
2023-06-08,224.22000122070312,235.22999572753903,223.0099945068359,234.86000061035156,234.86000061035156,164489700,13113.26953125,13248.599609375,13101.1796875,13238.51953125,13238.51953125,4280160000
2023-06-09,249.07000732421875,252.4199981689453,242.02000427246097,244.3999938964844,244.3999938964844,200242400,13312.3896484375,13385.9501953125,13229.330078125,13259.1396484375,13259.1396484375,4412710000
2023-06-12,247.94000244140625,250.97000122070312,244.58999633789065,249.8300018310547,249.8300018310547,150337900,13326.3701171875,13465.91015625,13302.580078125,13461.919921875,13461.919921875,4722680000
2023-06-13,253.5099945068359,259.67999267578125,251.33999633789065,258.7099914550781,258.7099914550781,162384300,13566.5302734375,13594.400390625,13473.1904296875,13573.3203125,13573.3203125,5522100000
2023-06-14,260.1700134277344,261.57000732421875,250.5,256.7900085449219,256.7900085449219,170575500,13570.5595703125,13661.740234375,13455.990234375,13626.48046875,13626.48046875,5772550000
2023-06-15,248.3999938964844,258.95001220703125,247.2899932861328,255.8999938964844,255.8999938964844,160171200,13572.8798828125,13828.169921875,13561.3701171875,13782.8203125,13782.8203125,5667520000
2023-06-16,258.9200134277344,263.6000061035156,257.2099914550781,260.5400085449219,260.5400085449219,167915600,13859.0703125,13864.0595703125,13680.9501953125,13689.5703125,13689.5703125,8076530000
2023-06-20,261.5,274.75,261.1199951171875,274.45001220703125,274.45001220703125,165611200,13642.2900390625,13711.1796875,13561.83984375,13667.2900390625,13667.2900390625,5237710000
2023-06-21,275.1300048828125,276.989990234375,257.7799987792969,259.4599914550781,259.4599914550781,211797100,13620.8701171875,13638.5703125,13460.9404296875,13502.2001953125,13502.2001953125,5194640000
2023-06-22,250.77000427246097,265.0,248.25,264.6099853515625,264.6099853515625,166875900,13443.41015625,13631.849609375,13441.5595703125,13630.6103515625,13630.6103515625,4499550000
2023-06-23,259.2900085449219,262.45001220703125,252.8000030517578,256.6000061035156,256.6000061035156,177460800,13484.099609375,13572.1904296875,13442.650390625,13492.51953125,13492.51953125,7734500000
2023-06-26,250.07000732421875,258.3699951171875,240.6999969482422,241.0500030517578,241.0500030517578,179990600,13468.740234375,13573.5703125,13334.419921875,13335.7802734375,13335.7802734375,4430600000
2023-06-27,243.2400054931641,250.38999938964844,240.8500061035156,250.2100067138672,250.2100067138672,164968200,13389.25,13578.7998046875,13366.9697265625,13555.669921875,13555.669921875,5053660000
2023-06-28,249.6999969482422,259.8800048828125,248.88999938964844,256.239990234375,256.239990234375,159770800,13506.01953125,13654.1396484375,13495.73046875,13591.75,13591.75,4533270000
2023-06-29,258.0299987792969,260.739990234375,253.61000061035156,257.5,257.5,131283400,13592.3603515625,13618.5302734375,13540.259765625,13591.330078125,13591.330078125,4388140000
2023-06-30,260.6000061035156,264.45001220703125,259.8900146484375,261.7699890136719,261.7699890136719,112620800,13719.98046875,13816.6796875,13716.16015625,13787.919921875,13787.919921875,4661120000
2023-07-03,276.489990234375,284.25,275.1099853515625,279.82000732421875,279.82000732421875,119685900,13798.7001953125,13839.08984375,13773.41015625,13816.76953125,13816.76953125,2902300000
2023-07-05,278.82000732421875,283.8500061035156,277.6000061035156,282.4800109863281,282.4800109863281,131530900,13772.099609375,13844.5,13764.25,13791.650390625,13791.650390625,5339340000
2023-07-06,278.0899963378906,279.9700012207031,272.8800048828125,276.5400085449219,276.5400085449219,120332100,13653.169921875,13689.51953125,13567.25,13679.0400390625,13679.0400390625,6113080000
2023-07-07,278.42999267578125,280.7799987792969,273.7699890136719,274.42999267578125,274.42999267578125,113879200,13668.0703125,13804.509765625,13656.73046875,13660.7197265625,13660.7197265625,5098120000
2023-07-10,276.4700012207031,277.5199890136719,265.1000061035156,269.6099853515625,269.6099853515625,119425400,13645.3701171875,13692.41015625,13584.8701171875,13685.48046875,13685.48046875,5275390000
2023-07-11,268.6499938964844,270.8999938964844,266.3699951171875,269.7900085449219,269.7900085449219,91972400,13709.8095703125,13774.830078125,13643.3203125,13760.7001953125,13760.7001953125,4840950000
2023-07-12,276.3299865722656,276.5199890136719,271.4599914550781,271.989990234375,271.989990234375,95672100,13915.6396484375,13963.4501953125,13842.1298828125,13918.9599609375,13918.9599609375,5230620000
2023-07-13,274.5899963378906,279.45001220703125,270.6000061035156,277.8999938964844,277.8999938964844,112681500,14021.150390625,14163.7998046875,14012.240234375,14138.5703125,14138.5703125,5183560000
2023-07-14,277.010009765625,285.29998779296875,276.30999755859375,281.3800048828125,281.3800048828125,120062400,14166.66015625,14232.1103515625,14081.9599609375,14113.7001953125,14113.7001953125,5366890000
2023-07-17,286.6300048828125,292.2300109863281,283.57000732421875,290.3800048828125,290.3800048828125,131569600,14149.919921875,14274.41015625,14138.009765625,14244.9501953125,14244.9501953125,4593160000
2023-07-18,290.1499938964844,295.260009765625,286.010009765625,293.3399963378906,293.3399963378906,112120300,14212.25,14396.6904296875,14176.1103515625,14353.6396484375,14353.6396484375,4824070000
2023-07-19,296.0400085449219,299.2900085449219,289.5199890136719,291.260009765625,291.260009765625,142355400,14398.5302734375,14446.5498046875,14317.08984375,14358.01953125,14358.01953125,5112420000
2023-07-20,279.55999755859375,280.92999267578125,261.20001220703125,262.8999938964844,262.8999938964844,175158300,14273.2900390625,14309.919921875,14030.6201171875,14063.3095703125,14063.3095703125,5128020000
2023-07-21,268.0,268.0,255.8000030517578,260.0199890136719,260.0199890136719,161796100,14148.1796875,14179.009765625,14020.4501953125,14032.8095703125,14032.8095703125,5254180000
2023-07-24,255.8500061035156,269.8500061035156,254.1199951171875,269.05999755859375,269.05999755859375,136508500,14081.6298828125,14110.150390625,13997.1298828125,14058.8701171875,14058.8701171875,4083070000
2023-07-25,272.3800048828125,272.8999938964844,265.0,265.2799987792969,265.2799987792969,112757300,14093.240234375,14201.91015625,14092.51953125,14144.5595703125,14144.5595703125,3812470000
2023-07-26,263.25,268.0400085449219,261.75,264.3500061035156,264.3500061035156,95856200,14123.51953125,14187.349609375,14041.9501953125,14127.2802734375,14127.2802734375,4322000000
2023-07-27,268.30999755859375,269.1300048828125,255.3000030517578,255.7100067138672,255.7100067138672,103697300,14319.16015625,14360.2001953125,14006.9296875,14050.1103515625,14050.1103515625,5115840000
2023-07-28,259.8599853515625,267.25,258.2300109863281,266.44000244140625,266.44000244140625,111446000,14199.830078125,14344.349609375,14188.099609375,14316.66015625,14316.66015625,4453520000
2023-07-31,267.4800109863281,269.0799865722656,263.7799987792969,267.42999267578125,267.42999267578125,84582200,14337.900390625,14370.91015625,14292.75,14346.01953125,14346.01953125,4934440000
2023-08-01,266.260009765625,266.4700012207031,260.25,261.07000732421875,261.07000732421875,83166000,14274.9296875,14309.2099609375,14215.6396484375,14283.91015625,14283.91015625,4633770000
2023-08-02,255.57000732421875,259.5199890136719,250.4900054931641,254.11000061035156,254.11000061035156,101752900,14132.73046875,14133.849609375,13914.8095703125,13973.4501953125,13973.4501953125,5481960000
2023-08-03,252.0399932861328,260.489990234375,252.0,259.32000732421875,259.32000732421875,97569100,13899.759765625,14032.2802734375,13881.349609375,13959.7197265625,13959.7197265625,6036970000
2023-08-04,260.9700012207031,264.7699890136719,253.11000061035156,253.86000061035156,253.86000061035156,99539900,14025.9599609375,14119.2197265625,13897.9296875,13909.240234375,13909.240234375,5349450000
2023-08-07,251.4499969482422,253.6499938964844,242.7599945068359,251.4499969482422,251.4499969482422,111097900,13972.4501953125,13997.150390625,13864.919921875,13994.400390625,13994.400390625,4892330000
2023-08-08,247.4499969482422,250.9199981689453,245.0099945068359,249.6999969482422,249.6999969482422,96642200,13875.4501953125,13899.740234375,13769.33984375,13884.3203125,13884.3203125,5284550000
2023-08-09,250.8699951171875,251.1000061035156,241.8999938964844,242.19000244140625,242.19000244140625,101596300,13897.6103515625,13898.5400390625,13698.3896484375,13722.01953125,13722.01953125,5591360000
2023-08-10,245.3999938964844,251.8000030517578,243.0,245.33999633789065,245.33999633789065,109498600,13818.25,13947.16015625,13686.509765625,13737.990234375,13737.990234375,5299080000
2023-08-11,241.77000427246097,243.7899932861328,238.02000427246097,242.6499938964844,242.6499938964844,99038600,13633.650390625,13720.330078125,13609.98046875,13644.849609375,13644.849609375,4638880000
2023-08-14,235.6999969482422,240.66000366210935,233.75,239.7599945068359,239.7599945068359,98595300,13599.0,13789.16015625,13582.490234375,13788.330078125,13788.330078125,4272020000
2023-08-15,238.72999572753903,240.5,232.61000061035156,232.9600067138672,232.9600067138672,88197600,13760.48046875,13774.98046875,13611.9404296875,13631.0498046875,13631.0498046875,4473320000
2023-08-16,228.02000427246097,233.97000122070312,225.3800048828125,225.6000061035156,225.6000061035156,112484500,13593.169921875,13644.3203125,13473.0302734375,13474.6298828125,13474.6298828125,6243760000
2023-08-17,226.05999755859375,226.7400054931641,218.8300018310547,219.22000122070312,219.22000122070312,120718400,13527.2998046875,13535.08984375,13303.4501953125,13316.9296875,13316.9296875,5280180000
2023-08-18,214.1199951171875,217.5800018310547,212.36000061035156,215.4900054931641,215.4900054931641,136276600,13190.01953125,13335.8701171875,13161.759765625,13290.7802734375,13290.7802734375,4801910000
2023-08-21,221.5500030517578,232.1300048828125,220.5800018310547,231.27999877929688,231.27999877929688,135702700,13347.259765625,13516.8603515625,13325.58984375,13497.58984375,13497.58984375,4363070000
2023-08-22,240.25,240.82000732421875,229.5500030517578,233.19000244140625,233.19000244140625,130442800,13593.9501953125,13598.76953125,13484.3798828125,13505.8701171875,13505.8701171875,4282430000
2023-08-23,229.33999633789065,238.97999572753903,229.2899932861328,236.86000061035156,236.86000061035156,101077600,13532.4296875,13757.0,13532.4296875,13721.0302734375,13721.0302734375,4127850000
2023-08-24,238.66000366210935,238.9199981689453,228.17999267578125,230.0399932861328,230.0399932861328,99777400,13834.3095703125,13834.6904296875,13462.83984375,13463.9697265625,13463.9697265625,4383820000
2023-08-25,231.30999755859375,239.0,230.3500061035156,238.58999633789065,238.58999633789065,106612200,13514.3701171875,13633.419921875,13376.349609375,13590.650390625,13590.650390625,3970060000
2023-08-28,242.5800018310547,244.3800048828125,235.3500061035156,238.82000732421875,238.82000732421875,107673700,13695.3603515625,13735.98046875,13626.6396484375,13705.1298828125,13705.1298828125,3666680000
2023-08-29,238.5800018310547,257.4800109863281,237.77000427246097,257.17999267578125,257.17999267578125,134047600,13687.23046875,13959.8095703125,13677.0595703125,13943.759765625,13943.759765625,4748180000
2023-08-30,254.1999969482422,260.510009765625,250.58999633789065,256.8999938964844,256.8999938964844,121988400,13961.76953125,14050.8203125,13924.2001953125,14019.3095703125,14019.3095703125,4364600000
2023-08-31,255.97999572753903,261.17999267578125,255.0500030517578,258.0799865722656,258.0799865722656,108861700,14041.5400390625,14114.669921875,14010.48046875,14034.9697265625,14034.9697265625,4568610000
2023-09-01,257.260009765625,259.0799865722656,242.0099945068359,245.0099945068359,245.0099945068359,132541600,14129.9599609375,14149.6201171875,13982.419921875,14031.8095703125,14031.8095703125,4033960000
2023-09-05,245.0,258.0,244.86000061035156,256.489990234375,256.489990234375,129469600,13994.5400390625,14060.849609375,13945.650390625,14020.9501953125,14020.9501953125,4379790000
2023-09-06,255.13999938964844,255.38999938964844,245.05999755859375,251.9199981689453,251.9199981689453,116959800,13988.8095703125,14001.9501953125,13802.419921875,13872.4697265625,13872.4697265625,4215320000
2023-09-07,245.07000732421875,252.80999755859375,243.27000427246097,251.4900054931641,251.4900054931641,115312900,13675.1103515625,13774.6298828125,13642.4697265625,13748.830078125,13748.830078125,4320830000
2023-09-08,251.22000122070312,256.5199890136719,246.6699981689453,248.5,248.5,118367700,13754.7099609375,13843.3701171875,13733.1796875,13761.5302734375,13761.5302734375,4160360000
2023-09-11,264.2699890136719,274.8500061035156,260.6099853515625,273.5799865722656,273.5799865722656,174667900,13884.0302734375,13937.4697265625,13805.1298828125,13917.8896484375,13917.8896484375,4538870000
2023-09-12,270.760009765625,278.3900146484375,266.6000061035156,267.4800109863281,267.4800109863281,135999900,13858.9404296875,13913.599609375,13763.6904296875,13773.6103515625,13773.6103515625,4595490000
2023-09-13,270.07000732421875,274.9800109863281,268.1000061035156,271.29998779296875,271.29998779296875,111673700,13773.669921875,13868.5703125,13733.8203125,13813.58984375,13813.58984375,4840310000
2023-09-14,271.32000732421875,276.7099914550781,270.4200134277344,276.0400085449219,276.0400085449219,107709800,13889.759765625,13957.5703125,13810.66015625,13926.0498046875,13926.0498046875,4649010000
2023-09-15,277.54998779296875,278.9800109863281,271.0,274.3900146484375,274.3900146484375,133692300,13889.2001953125,13895.75,13684.240234375,13708.330078125,13708.330078125,8162210000
2023-09-18,271.1600036621094,271.44000244140625,263.760009765625,265.2799987792969,265.2799987792969,101543300,13669.9599609375,13751.2802734375,13663.4599609375,13710.240234375,13710.240234375,4855880000
2023-09-19,264.3500061035156,267.8500061035156,261.20001220703125,266.5,266.5,103704000,13649.4404296875,13705.150390625,13578.8701171875,13678.1904296875,13678.1904296875,4453460000
2023-09-20,267.0400085449219,273.92999267578125,262.4599914550781,262.5899963378906,262.5899963378906,122514600,13710.259765625,13727.8095703125,13467.2802734375,13469.1298828125,13469.1298828125,4782440000
2023-09-21,257.8500061035156,260.8599853515625,254.2100067138672,255.6999969482422,255.6999969482422,119951500,13328.0595703125,13362.23046875,13222.5595703125,13223.98046875,13223.98046875,5014890000
2023-09-22,257.3999938964844,257.7900085449219,244.47999572753903,244.8800048828125,244.8800048828125,127524100,13287.169921875,13353.2197265625,13200.6396484375,13211.8095703125,13211.8095703125,4302700000
2023-09-25,243.3800048828125,247.1000061035156,238.30999755859375,246.9900054931641,246.9900054931641,104636600,13172.5400390625,13277.830078125,13132.0,13271.3203125,13271.3203125,4100290000
2023-09-26,242.97999572753903,249.5500030517578,241.66000366210935,244.1199951171875,244.1199951171875,101993600,13180.9599609375,13199.1298828125,13033.400390625,13063.6103515625,13063.6103515625,4693540000
2023-09-27,244.2599945068359,245.3300018310547,234.5800018310547,240.5,240.5,136597200,13115.3603515625,13156.3701171875,12963.16015625,13092.849609375,13092.849609375,4841410000
2023-09-28,240.02000427246097,247.5500030517578,238.6499938964844,246.3800048828125,246.3800048828125,117058900,13043.3701171875,13270.9697265625,13025.1103515625,13201.2802734375,13201.2802734375,4648390000
2023-09-29,250.0,254.77000427246097,246.3500061035156,250.22000122070312,250.22000122070312,128522700,13337.7099609375,13382.98046875,13177.08984375,13219.3203125,13219.3203125,5138500000
2023-10-02,244.80999755859375,254.27999877929688,242.6199951171875,251.6000061035156,251.6000061035156,123810400,13217.98046875,13364.0302734375,13204.080078125,13307.76953125,13307.76953125,4554700000
2023-10-03,248.61000061035156,250.02000427246097,244.4499969482422,246.52999877929688,246.52999877929688,101985300,13229.6796875,13280.0400390625,13008.599609375,13059.4697265625,13059.4697265625,4684310000
2023-10-04,248.13999938964844,261.8599853515625,247.6000061035156,261.1600036621094,261.1600036621094,129721600,13092.919921875,13258.759765625,13072.509765625,13236.009765625,13236.009765625,4308070000
2023-10-05,260.0,263.6000061035156,256.25,260.04998779296875,260.04998779296875,119159200,13228.1201171875,13251.1796875,13087.5703125,13219.830078125,13219.830078125,4167470000
2023-10-06,253.97999572753903,261.6499938964844,250.6499938964844,260.5299987792969,260.5299987792969,118121800,13127.6796875,13472.26953125,13099.0302734375,13431.33984375,13431.33984375,4309420000
2023-10-09,255.30999755859375,261.3599853515625,252.0500030517578,259.6700134277344,259.6700134277344,101377900,13326.2197265625,13509.2998046875,13277.48046875,13484.240234375,13484.240234375,3835930000
2023-10-10,257.75,268.94000244140625,257.6499938964844,263.6199951171875,263.6199951171875,122656000,13505.8095703125,13659.6298828125,13491.8095703125,13562.83984375,13562.83984375,4301350000
2023-10-11,266.20001220703125,268.6000061035156,260.8999938964844,262.989990234375,262.989990234375,103706300,13619.2099609375,13671.1103515625,13549.2900390625,13659.6796875,13659.6796875,4160440000
2023-10-12,262.9200134277344,265.4100036621094,256.6300048828125,258.8699951171875,258.8699951171875,111508100,13672.4697265625,13714.1396484375,13491.5595703125,13574.2197265625,13574.2197265625,4858620000
2023-10-13,258.8999938964844,259.6000061035156,250.22000122070312,251.1199951171875,251.1199951171875,102073800,13613.58984375,13619.5400390625,13361.849609375,13407.23046875,13407.23046875,4251550000
2023-10-16,250.0500030517578,255.3999938964844,248.47999572753903,253.9199981689453,253.9199981689453,88917200,13453.8095703125,13598.0498046875,13447.169921875,13567.98046875,13567.98046875,4308690000
2023-10-17,250.1000061035156,257.17999267578125,247.0800018310547,254.8500061035156,254.8500061035156,93562900,13419.8701171875,13602.25,13364.740234375,13533.75,13533.75,4417640000
2023-10-18,252.6999969482422,254.6300048828125,242.0800018310547,242.67999267578125,242.67999267578125,125147800,13439.6796875,13499.740234375,13275.2998046875,13314.2998046875,13314.2998046875,4617140000
2023-10-19,225.9499969482422,230.61000061035156,216.77999877929688,220.11000061035156,220.11000061035156,170772700,13354.7998046875,13404.73046875,13157.330078125,13186.1796875,13186.1796875,5014790000
2023-10-20,217.0099945068359,218.86000061035156,210.4199981689453,211.9900054931641,211.9900054931641,138010100,13157.76953125,13177.349609375,12977.4296875,12983.8095703125,12983.8095703125,4622840000
2023-10-23,210.0,216.97999572753903,202.5099945068359,212.0800018310547,212.0800018310547,150683400,12930.849609375,13143.2197265625,12848.830078125,13018.330078125,13018.330078125,4669060000
2023-10-24,216.5,222.0500030517578,214.11000061035156,216.52000427246097,216.52000427246097,118231100,13084.990234375,13170.3896484375,13022.849609375,13139.8701171875,13139.8701171875,4604720000
2023-10-25,215.8800048828125,220.1000061035156,212.1999969482422,212.4199981689453,212.4199981689453,107065100,13039.8603515625,13042.51953125,12804.2998046875,12821.2197265625,12821.2197265625,4599850000
2023-10-26,211.32000732421875,214.8000030517578,204.8800048828125,205.7599945068359,205.7599945068359,115112600,12768.9697265625,12818.1396484375,12543.8603515625,12595.6103515625,12595.6103515625,4894900000
2023-10-27,210.6000061035156,212.41000366210935,205.77000427246097,207.3000030517578,207.3000030517578,94881200,12718.6904296875,12772.4296875,12600.5703125,12643.009765625,12643.009765625,4172100000
2023-10-30,209.27999877929688,210.8800048828125,194.6699981689453,197.36000061035156,197.36000061035156,136448200,12750.4697265625,12842.9599609375,12691.5595703125,12789.48046875,12789.48046875,4149320000
2023-10-31,196.1199951171875,202.8000030517578,194.07000732421875,200.83999633789065,200.83999633789065,118068300,12786.6201171875,12859.400390625,12697.0400390625,12851.240234375,12851.240234375,4315630000
2023-11-01,204.0399932861328,205.9900054931641,197.8500061035156,205.66000366210935,205.66000366210935,121661700,12887.0595703125,13072.419921875,12875.2001953125,13061.4697265625,13061.4697265625,4545120000
2023-11-02,212.97000122070312,219.1999969482422,211.4499969482422,218.5099945068359,218.5099945068359,125987600,13230.490234375,13302.1796875,13177.6396484375,13294.1904296875,13294.1904296875,4962950000
2023-11-03,221.1499938964844,226.3699951171875,218.3999938964844,219.9600067138672,219.9600067138672,119534800,13362.849609375,13520.2802734375,13344.73046875,13478.2802734375,13478.2802734375,4918750000
2023-11-06,223.97999572753903,226.32000732421875,215.0,219.27000427246097,219.27000427246097,117335800,13514.080078125,13551.6201171875,13435.990234375,13518.7802734375,13518.7802734375,4345850000
2023-11-07,219.97999572753903,223.1199951171875,215.72000122070312,222.17999267578125,222.17999267578125,116900100,13555.7900390625,13675.4599609375,13516.5595703125,13639.8603515625,13639.8603515625,4354460000
2023-11-08,223.1499938964844,224.1499938964844,217.63999938964844,222.11000061035156,222.11000061035156,106584800,13660.2197265625,13684.8701171875,13573.580078125,13650.41015625,13650.41015625,4685550000
2023-11-09,219.75,220.8000030517578,206.67999267578125,209.97999572753903,209.97999572753903,142110500,13693.7001953125,13697.8203125,13506.01953125,13521.4501953125,13521.4501953125,5313970000
2023-11-10,210.02999877929688,215.3800048828125,205.69000244140625,214.6499938964844,214.6499938964844,130994000,13571.1904296875,13802.5302734375,13556.349609375,13798.1103515625,13798.1103515625,4722140000
2023-11-13,215.6000061035156,225.3999938964844,211.61000061035156,223.7100067138672,223.7100067138672,140447600,13745.9599609375,13805.1103515625,13687.7802734375,13767.740234375,13767.740234375,4349590000
2023-11-14,235.02999877929688,238.13999938964844,230.72000122070312,237.41000366210935,237.41000366210935,149771600,14015.3701171875,14124.0595703125,14003.1396484375,14094.3798828125,14094.3798828125,5332490000
2023-11-15,239.2899932861328,246.6999969482422,236.4499969482422,242.83999633789065,242.83999633789065,150354000,14147.26953125,14194.3603515625,14060.7001953125,14103.83984375,14103.83984375,5063830000
2023-11-16,239.4900054931641,240.8800048828125,230.9600067138672,233.58999633789065,233.58999633789065,136816800,14066.8798828125,14130.4501953125,14033.7900390625,14113.669921875,14113.669921875,4545180000
2023-11-17,232.0,237.38999938964844,226.5399932861328,234.3000030517578,234.3000030517578,142532800,14101.4404296875,14154.3203125,14063.9296875,14125.48046875,14125.48046875,4408640000
2023-11-20,234.0399932861328,237.1000061035156,231.02000427246097,235.6000061035156,235.6000061035156,116320100,14134.75,14309.7998046875,14134.2001953125,14284.5302734375,14284.5302734375,4561810000
2023-11-21,235.0399932861328,243.6199951171875,233.33999633789065,241.1999969482422,241.1999969482422,122288000,14217.23046875,14237.5,14146.3095703125,14199.98046875,14199.98046875,4128600000
2023-11-22,242.0399932861328,244.0099945068359,231.3999938964844,234.2100067138672,234.2100067138672,117950600,14283.8203125,14359.6103515625,14226.6298828125,14265.8603515625,14265.8603515625,3855240000
2023-11-24,233.75,238.75,232.3300018310547,235.4499969482422,235.4499969482422,65125200,14238.0400390625,14270.2802734375,14214.1298828125,14250.849609375,14250.849609375,2541840000
2023-11-27,236.88999938964844,238.3300018310547,232.1000061035156,236.0800018310547,236.0800018310547,112031800,14239.3095703125,14305.7099609375,14205.240234375,14241.01953125,14241.01953125,4205880000
2023-11-28,236.67999267578125,247.0,234.0099945068359,246.72000122070312,246.72000122070312,148549900,14224.6298828125,14303.66015625,14195.7197265625,14281.759765625,14281.759765625,4474400000
2023-11-29,249.2100067138672,252.75,242.7599945068359,244.13999938964844,244.13999938964844,135401300,14367.1103515625,14423.2197265625,14247.8896484375,14258.490234375,14258.490234375,4890220000
2023-11-30,245.13999938964844,245.22000122070312,236.91000366210935,240.0800018310547,240.0800018310547,132353200,14265.0498046875,14289.2001953125,14127.0498046875,14226.2197265625,14226.2197265625,5678070000
2023-12-01,233.13999938964844,240.19000244140625,231.8999938964844,238.8300018310547,238.8300018310547,121331700,14181.349609375,14311.9501953125,14135.0,14305.0302734375,14305.0302734375,5607000000
2023-12-04,235.75,239.3699951171875,233.2899932861328,235.5800018310547,235.5800018310547,104099800,14168.66015625,14197.51953125,14058.51953125,14185.490234375,14185.490234375,6270020000
2023-12-05,233.8699951171875,246.66000366210935,233.6999969482422,238.72000122070312,238.72000122070312,137971100,14126.400390625,14285.66015625,14121.759765625,14229.91015625,14229.91015625,6179120000
2023-12-06,242.9199981689453,246.57000732421875,239.1699981689453,239.3699951171875,239.3699951171875,126436200,14325.6201171875,14327.6298828125,14138.509765625,14146.7099609375,14146.7099609375,5167030000
2023-12-07,241.5500030517578,244.0800018310547,236.97999572753903,242.63999938964844,242.63999938964844,107142300,14230.4296875,14353.1103515625,14220.8701171875,14339.990234375,14339.990234375,5694310000
2023-12-08,240.27000427246097,245.27000427246097,239.27000427246097,243.83999633789065,243.83999633789065,103126800,14279.4599609375,14416.919921875,14264.9599609375,14403.9697265625,14403.9697265625,5430840000
2023-12-11,242.7400054931641,243.44000244140625,237.4499969482422,239.7400054931641,239.7400054931641,97913900,14340.1298828125,14436.080078125,14324.5703125,14432.490234375,14432.490234375,5607820000
2023-12-12,238.5500030517578,238.9900054931641,233.8699951171875,237.0099945068359,237.0099945068359,95328300,14423.009765625,14533.400390625,14385.3896484375,14533.400390625,14533.400390625,4950100000
2023-12-13,234.19000244140625,240.3000030517578,228.1999969482422,239.2899932861328,239.2899932861328,146286300,14555.6796875,14743.5498046875,14517.51953125,14733.9599609375,14733.9599609375,6732040000
2023-12-14,241.22000122070312,253.8800048828125,240.7899932861328,251.0500030517578,251.0500030517578,160829200,14798.7197265625,14855.6201171875,14642.23046875,14761.5595703125,14761.5595703125,8033170000
2023-12-15,251.2100067138672,254.1300048828125,248.3000030517578,253.5,253.5,135932800,14797.4599609375,14848.400390625,14753.16015625,14813.919921875,14813.919921875,8377630000
2023-12-18,253.77999877929688,258.739990234375,251.36000061035156,252.0800018310547,252.0800018310547,116416500,14814.01953125,14938.0400390625,14811.8203125,14904.8095703125,14904.8095703125,5866080000
2023-12-19,253.47999572753903,258.3399963378906,253.0099945068359,257.2200012207031,257.2200012207031,106737400,14923.01953125,15003.7998046875,14921.599609375,15003.2197265625,15003.2197265625,5757180000
2023-12-20,256.4100036621094,259.8399963378906,247.0,247.13999938964844,247.13999938964844,125097000,14973.3603515625,15069.2900390625,14776.2900390625,14777.9404296875,14777.9404296875,6294700000
2023-12-21,251.8999938964844,254.8000030517578,248.5500030517578,254.5,254.5,109594200,14923.1396484375,14970.8095703125,14837.4697265625,14963.8701171875,14963.8701171875,5465640000
2023-12-22,256.760009765625,258.2200012207031,251.3699951171875,252.5399932861328,252.5399932861328,93370100,15006.1796875,15047.1904296875,14927.1201171875,14992.9697265625,14992.9697265625,4796600000
2023-12-26,254.4900054931641,257.9700012207031,252.91000366210935,256.6099853515625,256.6099853515625,86892400,15028.6904296875,15101.1796875,15024.0595703125,15074.5703125,15074.5703125,6120600000
2023-12-27,258.3500061035156,263.3399963378906,257.5199890136719,261.44000244140625,261.44000244140625,106494400,15089.66015625,15114.080078125,15051.669921875,15099.1796875,15099.1796875,7480170000
2023-12-28,263.6600036621094,265.1300048828125,252.7100067138672,253.17999267578125,253.17999267578125,113619900,15142.08984375,15150.0703125,15087.2197265625,15095.1396484375,15095.1396484375,5090570000
2023-12-29,255.1000061035156,255.19000244140625,247.42999267578125,248.47999572753903,248.47999572753903,100891600,15099.2001953125,15111.41015625,14955.3701171875,15011.349609375,15011.349609375,5441060000
2024-01-02,250.0800018310547,251.25,244.41000366210935,248.4199981689453,248.4199981689453,104654200,14873.7001953125,14887.7998046875,14682.3798828125,14765.9404296875,14765.9404296875,5791170000
2024-01-03,244.97999572753903,245.67999267578125,236.32000732421875,238.4499969482422,238.4499969482422,121082600,14641.4697265625,14694.580078125,14577.4404296875,14592.2099609375,14592.2099609375,5449950000
2024-01-04,239.25,242.6999969482422,237.72999572753903,237.92999267578125,237.92999267578125,102629300,14532.23046875,14632.76953125,14504.7802734375,14510.2998046875,14510.2998046875,5289220000
2024-01-05,236.86000061035156,240.1199951171875,234.8999938964844,237.4900054931641,237.4900054931641,92488900,14500.1103515625,14625.1904296875,14477.5703125,14524.0703125,14524.0703125,5232820000
2024-01-08,236.13999938964844,241.25,235.3000030517578,240.4499969482422,240.4499969482422,85166600,14564.4697265625,14846.900390625,14560.2001953125,14843.76953125,14843.76953125,6337770000
2024-01-09,238.11000061035156,238.9600067138672,232.0399932861328,234.9600067138672,234.9600067138672,96705700,14744.1298828125,14894.3203125,14716.7099609375,14857.7099609375,14857.7099609375,5068410000
2024-01-10,235.1000061035156,235.5,231.2899932861328,233.94000244140625,233.94000244140625,91628500,14877.7001953125,14998.2001953125,14842.7001953125,14969.650390625,14969.650390625,4404590000
2024-01-11,230.57000732421875,230.92999267578125,225.3699951171875,227.22000122070312,227.22000122070312,105873600,15020.9501953125,15063.6103515625,14800.3798828125,14970.1904296875,14970.1904296875,5044690000
2024-01-12,220.0800018310547,225.33999633789065,217.1499938964844,218.88999938964844,218.88999938964844,123043800,15001.009765625,15047.25,14931.8798828125,14972.759765625,14972.759765625,4958940000
2024-01-16,215.1000061035156,223.4900054931641,212.17999267578125,219.91000366210935,219.91000366210935,115355000,14908.259765625,15004.349609375,14863.8095703125,14944.349609375,14944.349609375,6386180000
2024-01-17,214.86000061035156,215.6699981689453,212.0099945068359,215.5500030517578,215.5500030517578,103164400,14814.76953125,14865.759765625,14706.23046875,14855.6201171875,14855.6201171875,5181740000
2024-01-18,216.8800048828125,217.4499969482422,208.7400054931641,211.8800048828125,211.8800048828125,108595400,14994.51953125,15066.8095703125,14911.1103515625,15055.650390625,15055.650390625,5587440000
2024-01-19,209.9900054931641,213.19000244140625,207.55999755859375,212.19000244140625,212.19000244140625,102260300,15122.3798828125,15310.9697265625,15087.2001953125,15310.9697265625,15310.9697265625,5604950000
2024-01-22,212.2599945068359,217.8000030517578,206.27000427246097,208.8000030517578,208.8000030517578,117952500,15393.0498046875,15438.849609375,15333.6298828125,15360.2900390625,15360.2900390625,5456240000
2024-01-23,211.3000030517578,215.6499938964844,207.75,209.13999938964844,209.13999938964844,106605900,15391.41015625,15432.349609375,15337.23046875,15425.9404296875,15425.9404296875,5207680000
2024-01-24,211.8800048828125,212.72999572753903,206.77000427246097,207.8300018310547,207.8300018310547,123369900,15560.6103515625,15629.0703125,15468.91015625,15481.919921875,15481.919921875,4983210000
2024-01-25,189.6999969482422,193.0,180.05999755859375,182.6300048828125,182.6300048828125,198076800,15555.6201171875,15597.25,15430.6796875,15510.5,15510.5,5281570000
2024-01-26,185.5,186.77999877929688,182.1000061035156,183.25,183.25,107343200,15474.849609375,15538.83984375,15433.0400390625,15455.3603515625,15455.3603515625,4510530000
2024-01-29,185.6300048828125,191.47999572753903,183.6699981689453,190.92999267578125,190.92999267578125,125013100,15470.66015625,15630.580078125,15449.8701171875,15628.0400390625,15628.0400390625,4979310000
2024-01-30,195.3300018310547,196.36000061035156,190.61000061035156,191.58999633789065,191.58999633789065,109982300,15604.080078125,15619.23046875,15484.669921875,15509.900390625,15509.900390625,4719240000
2024-01-31,187.0,193.97000122070312,185.8500061035156,187.2899932861328,187.2899932861328,103221400,15324.1904296875,15405.5595703125,15158.490234375,15164.009765625,15164.009765625,5875610000
2024-02-01,188.5,189.8800048828125,184.27999877929688,188.86000061035156,188.86000061035156,91843300,15254.01953125,15372.1298828125,15208.8798828125,15361.6396484375,15361.6396484375,5046920000
2024-02-02,185.0399932861328,188.69000244140625,182.0,187.91000366210935,187.91000366210935,110612700,15403.16015625,15664.2099609375,15366.7802734375,15628.9501953125,15628.9501953125,4800690000
2024-02-05,184.2599945068359,184.67999267578125,175.00999450683594,181.05999755859375,181.05999755859375,134294400,15613.990234375,15637.8798828125,15471.6796875,15597.6796875,15597.6796875,4831020000
2024-02-06,177.2100067138672,186.4900054931641,177.11000061035156,185.1000061035156,185.1000061035156,122676000,15638.1904296875,15652.75,15515.25,15609.0,15609.0,4759640000
2024-02-07,188.17999267578125,189.7899932861328,182.67999267578125,187.5800018310547,187.5800018310547,111535200,15690.349609375,15770.6796875,15645.8095703125,15756.6396484375,15756.6396484375,4567580000
2024-02-08,189.0,191.6199951171875,185.5800018310547,189.55999755859375,189.55999755859375,83034000,15762.23046875,15813.26953125,15739.1796875,15793.7099609375,15793.7099609375,5675850000
2024-02-09,190.17999267578125,194.1199951171875,189.47999572753903,193.57000732421875,193.57000732421875,84476300,15842.3798828125,16007.2900390625,15831.759765625,15990.66015625,15990.66015625,5797260000
2024-02-12,192.11000061035156,194.72999572753903,187.27999877929688,188.1300048828125,188.1300048828125,95498600,15980.6201171875,16080.0703125,15917.8701171875,15942.5498046875,15942.5498046875,5458490000
2024-02-13,183.9900054931641,187.2599945068359,182.11000061035156,184.02000427246097,184.02000427246097,86759500,15598.8798828125,15770.419921875,15551.4404296875,15655.599609375,15655.599609375,5599860000
2024-02-14,185.3000030517578,188.88999938964844,183.3500061035156,188.7100067138672,188.7100067138672,81203000,15781.7099609375,15865.509765625,15683.9404296875,15859.150390625,15859.150390625,5092660000
2024-02-15,189.16000366210935,200.8800048828125,188.86000061035156,200.4499969482422,200.4499969482422,120831800,15865.2998046875,15911.2197265625,15779.7197265625,15906.169921875,15906.169921875,6049100000
2024-02-16,202.05999755859375,203.1699981689453,197.3999938964844,199.9499969482422,199.9499969482422,111346700,15910.4296875,15917.41015625,15752.01953125,15775.650390625,15775.650390625,5223800000
2024-02-20,196.1300048828125,198.6000061035156,189.1300048828125,193.7599945068359,193.7599945068359,104545800,15679.83984375,15730.4697265625,15508.5,15630.7802734375,15630.7802734375,5595700000
2024-02-21,193.36000061035156,199.44000244140625,191.9499969482422,194.77000427246097,194.77000427246097,103500300,15532.1201171875,15583.6796875,15451.650390625,15580.8701171875,15580.8701171875,4845740000
2024-02-22,194.0,198.32000732421875,191.36000061035156,197.41000366210935,197.41000366210935,92739500,15904.48046875,16061.8203125,15869.240234375,16041.6201171875,16041.6201171875,5653930000
2024-02-23,195.30999755859375,197.57000732421875,191.5,191.97000122070312,191.97000122070312,78841900,16094.7998046875,16134.2197265625,15954.5,15996.8203125,15996.8203125,5077910000
2024-02-26,192.2899932861328,201.77999877929688,192.0,199.3999938964844,199.3999938964844,111747100,16014.4501953125,16054.900390625,15973.900390625,15976.25,15976.25,5417630000
2024-02-27,204.0399932861328,205.6000061035156,198.2599945068359,199.72999572753903,199.72999572753903,108645400,16013.98046875,16046.099609375,15940.509765625,16035.2998046875,16035.2998046875,5423020000
2024-02-28,200.4199981689453,205.3000030517578,198.44000244140625,202.0399932861328,202.0399932861328,99806200,15969.1396484375,16003.5595703125,15924.7197265625,15947.740234375,15947.740234375,5581690000
2024-02-29,204.17999267578125,205.27999877929688,198.4499969482422,201.8800048828125,201.8800048828125,85907000,16059.33984375,16115.9599609375,15931.7001953125,16091.919921875,16091.919921875,6265340000
2024-03-01,200.52000427246097,204.52000427246097,198.5,202.63999938964844,202.63999938964844,82243100,16109.830078125,16302.240234375,16096.599609375,16274.9404296875,16274.9404296875,5457910000
2024-03-04,198.72999572753903,199.75,186.72000122070312,188.13999938964844,188.13999938964844,134334900,16264.2099609375,16289.0595703125,16199.0595703125,16207.509765625,16207.509765625,5725470000
2024-03-05,183.0500030517578,184.58999633789065,177.57000732421875,180.7400054931641,180.7400054931641,119660800,16077.740234375,16087.5703125,15862.6298828125,15939.58984375,15939.58984375,6356800000
2024-03-06,179.99000549316406,181.5800018310547,173.6999969482422,176.5399932861328,176.5399932861328,107920900,16092.0,16128.5595703125,15956.66015625,16031.5400390625,16031.5400390625,5511370000
2024-03-07,174.35000610351562,180.0399932861328,173.6999969482422,178.64999389648438,178.64999389648438,102129000,16147.3203125,16309.01953125,16096.009765625,16273.3798828125,16273.3798828125,5072790000
2024-03-08,181.5,182.72999572753903,174.6999969482422,175.33999633789062,175.33999633789062,85544600,16322.099609375,16449.69921875,16059.5,16085.1103515625,16085.1103515625,5411790000
2024-03-11,175.4499969482422,182.8699951171875,174.8000030517578,177.77000427246094,177.77000427246094,85391500,16052.6298828125,16085.9501953125,15978.0400390625,16019.26953125,16019.26953125,4917620000
2024-03-12,177.77000427246094,179.42999267578125,172.41000366210938,177.5399932861328,177.5399932861328,87391700,16116.98046875,16275.4501953125,15992.98046875,16265.6396484375,16265.6396484375,5100330000
2024-03-13,173.0500030517578,176.0500030517578,169.14999389648438,169.47999572753906,169.47999572753906,106524500,16220.1103515625,16233.2998046875,16143.33984375,16177.76953125,16177.76953125,4839000000
2024-03-14,167.77000427246094,171.1699981689453,160.50999450683594,162.5,162.5,126325700,16209.1904296875,16245.3203125,16039.6796875,16128.5302734375,16128.5302734375,5450980000
2024-03-15,163.16000366210938,165.17999267578125,160.75999450683594,163.57000732421875,163.57000732421875,97146800,16043.580078125,16055.330078125,15925.91015625,15973.169921875,15973.169921875,8261950000
2024-03-18,170.02000427246094,174.72000122070312,165.89999389648438,173.8000030517578,173.8000030517578,108214400,16154.919921875,16247.58984375,16094.169921875,16103.4501953125,16103.4501953125,5025040000
2024-03-19,172.36000061035156,172.82000732421875,167.4199981689453,171.32000732421875,171.32000732421875,77271400,16031.9296875,16175.58984375,15951.8603515625,16166.7900390625,16166.7900390625,4758740000
2024-03-20,173.0,176.25,170.82000732421875,175.66000366210938,175.66000366210938,83846700,16185.759765625,16377.4404296875,16127.48046875,16369.41015625,16369.41015625,5298380000
2024-03-21,176.38999938964844,178.17999267578125,171.8000030517578,172.82000732421875,172.82000732421875,73178000,16517.240234375,16538.859375,16393.900390625,16401.83984375,16401.83984375,5134740000
2024-03-22,166.69000244140625,171.1999969482422,166.3000030517578,170.8300018310547,170.8300018310547,75580600,16387.830078125,16467.619140625,16361.0,16428.8203125,16428.8203125,4339930000
2024-03-25,168.75999450683594,175.24000549316406,168.72999572753906,172.6300048828125,172.6300048828125,74228600,16335.2998046875,16441.169921875,16315.7197265625,16384.470703125,16384.470703125,4636940000
2024-03-26,178.5800018310547,184.25,177.3800048828125,177.6699981689453,177.6699981689453,113186200,16446.849609375,16476.380859375,16312.9501953125,16315.7001953125,16315.7001953125,5144260000
2024-03-27,181.41000366210935,181.91000366210935,176.0,179.8300018310547,179.8300018310547,81804000,16424.759765625,16431.8203125,16279.169921875,16399.51953125,16399.51953125,4768930000
2024-03-28,177.4499969482422,179.57000732421875,175.3000030517578,175.7899932861328,175.7899932861328,77654800,16377.23046875,16420.919921875,16347.3798828125,16379.4599609375,16379.4599609375,5174450000
2024-04-01,176.1699981689453,176.75,170.2100067138672,175.22000122070312,175.22000122070312,81562100,16397.05078125,16490.650390625,16327.8896484375,16396.830078125,16396.830078125,4798390000
2024-04-02,164.75,167.69000244140625,163.42999267578125,166.6300048828125,166.6300048828125,116650600,16199.240234375,16251.41015625,16137.240234375,16240.4501953125,16240.4501953125,4710280000
2024-04-03,164.02000427246094,168.82000732421875,163.27999877929688,168.3800048828125,168.3800048828125,82950100,16178.7998046875,16340.740234375,16169.3095703125,16277.4599609375,16277.4599609375,5151500000
2024-04-04,170.07000732421875,177.19000244140625,168.00999450683594,171.11000061035156,171.11000061035156,123162000,16418.5703125,16468.0390625,16046.5595703125,16049.080078125,16049.080078125,5368700000
2024-04-05,169.0800018310547,170.86000061035156,160.50999450683594,164.89999389648438,164.89999389648438,143157600,16095.400390625,16326.5,16080.48046875,16248.51953125,16248.51953125,4578130000
2024-04-08,169.33999633789062,174.5,167.7899932861328,172.97999572753906,172.97999572753906,104423300,16285.1796875,16323.599609375,16220.7197265625,16253.9599609375,16253.9599609375,4386700000
2024-04-09,172.91000366210938,179.22000122070312,171.9199981689453,176.8800048828125,176.8800048828125,102951700,16328.759765625,16348.1796875,16141.150390625,16306.6396484375,16306.6396484375,4869190000
2024-04-10,173.0399932861328,174.92999267578125,170.00999450683594,171.75999450683594,171.75999450683594,84532400,16104.009765625,16200.099609375,16092.01953125,16170.3603515625,16170.3603515625,5308250000
2024-04-11,172.5500030517578,175.8800048828125,168.50999450683594,174.60000610351562,174.60000610351562,94516000,16236.2001953125,16464.599609375,16154.650390625,16442.19921875,16442.19921875,4714750000
2024-04-12,172.33999633789062,173.80999755859375,170.36000061035156,171.0500030517578,171.0500030517578,64722700,16293.0302734375,16341.4599609375,16125.330078125,16175.08984375,16175.08984375,4552740000
2024-04-15,170.24000549316406,170.69000244140625,161.3800048828125,161.47999572753906,161.47999572753906,100245300,16276.4697265625,16295.26953125,15863.8798828125,15885.01953125,15885.01953125,4910550000
2024-04-16,156.74000549316406,158.19000244140625,153.75,157.11000061035156,157.11000061035156,97000000,15856.3798828125,15965.7900390625,15822.01953125,15865.25,15865.25,5001860000
2024-04-17,157.63999938964844,158.3300018310547,153.77999877929688,155.4499969482422,155.4499969482422,82439700,15942.2900390625,15957.0302734375,15654.509765625,15683.3701171875,15683.3701171875,4991470000
2024-04-18,151.25,152.1999969482422,148.6999969482422,149.92999267578125,149.92999267578125,96098800,15705.6904296875,15786.1201171875,15587.5,15601.5,15601.5,4932540000
2024-04-19,148.97000122070312,150.94000244140625,146.22000122070312,147.0500030517578,147.0500030517578,87074500,15547.099609375,15576.7001953125,15222.7802734375,15282.009765625,15282.009765625,5316010000
2024-04-22,140.55999755859375,144.44000244140625,138.8000030517578,142.0500030517578,142.0500030517578,107097600,15396.1298828125,15539.0,15265.66015625,15451.3095703125,15451.3095703125,4616730000
2024-04-23,143.3300018310547,147.25999450683594,141.11000061035156,144.67999267578125,144.67999267578125,124545100,15525.5498046875,15730.349609375,15510.58984375,15696.6396484375,15696.6396484375,4951670000
2024-04-24,162.83999633789062,167.97000122070312,157.50999450683594,162.1300048828125,162.1300048828125,181178000,15805.599609375,15839.0,15634.4404296875,15712.75,15712.75,4735870000
2024-04-25,158.9600067138672,170.8800048828125,158.36000061035156,170.17999267578125,170.17999267578125,126427500,15375.259765625,15644.509765625,15343.91015625,15611.759765625,15611.759765625,4743640000
2024-04-26,168.85000610351562,172.1199951171875,166.3699951171875,168.2899932861328,168.2899932861328,109815700,15821.33984375,15981.0,15770.7197265625,15927.900390625,15927.900390625,4694400000
2024-04-29,188.4199981689453,198.8699951171875,184.5399932861328,194.0500030517578,194.0500030517578,243869700,16007.0,16021.490234375,15885.8896484375,15983.080078125,15983.080078125,4972520000
2024-04-30,186.97999572753903,190.9499969482422,182.83999633789065,183.27999877929688,183.27999877929688,127031800,15920.8896484375,15979.3603515625,15655.669921875,15657.8203125,15657.8203125,5229400000
2024-05-01,182.0,185.86000061035156,179.00999450683594,179.99000549316406,179.99000549316406,92829700,15646.08984375,15926.2197265625,15557.6396484375,15605.48046875,15605.48046875,5277790000
2024-05-02,182.86000061035156,184.6000061035156,176.02000427246094,180.00999450683594,180.00999450683594,89148000,15758.1103515625,15862.7900390625,15604.73046875,15840.9599609375,15840.9599609375,4901610000
2024-05-03,182.1000061035156,184.77999877929688,178.4199981689453,181.19000244140625,181.19000244140625,75491500,16147.48046875,16204.7099609375,16068.33984375,16156.330078125,16156.330078125,4887310000
2024-05-06,183.8000030517578,187.55999755859375,182.1999969482422,184.7599945068359,184.7599945068359,84390300,16208.5400390625,16350.080078125,16197.8603515625,16349.25,16349.25,4460130000
2024-05-07,182.3999938964844,183.2599945068359,177.39999389648438,177.80999755859375,177.80999755859375,75045900,16358.33984375,16397.390625,16303.83984375,16332.5595703125,16332.5595703125,5041870000
2024-05-08,171.58999633789062,176.05999755859375,170.14999389648438,174.72000122070312,174.72000122070312,79969500,16226.0703125,16341.650390625,16226.0703125,16302.759765625,16302.759765625,4530190000
2024-05-09,175.00999450683594,175.6199951171875,171.3699951171875,171.97000122070312,171.97000122070312,65950300,16323.740234375,16362.7900390625,16241.98046875,16346.259765625,16346.259765625,4505120000
2024-05-10,173.0500030517578,173.05999755859375,167.75,168.47000122070312,168.47000122070312,72627200,16389.01953125,16437.390625,16293.51953125,16340.8701171875,16340.8701171875,4402110000
2024-05-13,170.0,175.39999389648438,169.0,171.88999938964844,171.88999938964844,67018900,16400.310546875,16407.05078125,16334.8603515625,16388.240234375,16388.240234375,4452750000
2024-05-14,174.5,179.49000549316406,174.07000732421875,177.5500030517578,177.5500030517578,86407400,16391.16015625,16526.26953125,16386.4296875,16511.1796875,16511.1796875,7270240000
2024-05-15,179.89999389648438,180.0,173.11000061035156,173.99000549316406,173.99000549316406,79663000,16601.140625,16749.740234375,16544.08984375,16742.390625,16742.390625,8538990000
2024-05-16,174.10000610351562,175.7899932861328,171.42999267578125,174.83999633789062,174.83999633789062,59812200,16738.109375,16797.830078125,16693.44921875,16698.3203125,16698.3203125,11932600000
2024-05-17,173.5500030517578,179.6300048828125,172.75,177.4600067138672,177.4600067138672,77445800,16708.490234375,16726.41015625,16613.83984375,16685.970703125,16685.970703125,9587280000
2024-05-20,177.55999755859375,177.75,173.52000427246094,174.9499969482422,174.9499969482422,61727400,16702.01953125,16823.830078125,16695.689453125,16794.869140625,16794.869140625,6861320000
2024-05-21,175.50999450683594,186.8800048828125,174.7100067138672,186.6000061035156,186.6000061035156,115266500,16736.099609375,16839.01953125,16719.970703125,16832.619140625,16832.619140625,6245090000
2024-05-22,182.8500061035156,183.8000030517578,178.1199951171875,180.11000061035156,180.11000061035156,88313500,16839.01953125,16855.26953125,16712.08984375,16801.5390625,16801.5390625,7277340000
2024-05-23,181.8000030517578,181.8999938964844,173.25999450683594,173.74000549316406,173.74000549316406,71975500,16996.390625,16996.390625,16678.369140625,16736.029296875,16736.029296875,7752800000
2024-05-24,174.83999633789062,180.0800018310547,173.72999572753906,179.24000549316406,179.24000549316406,65584500,16786.7890625,16947.80078125,16771.580078125,16920.7890625,16920.7890625,5836040000
2024-05-28,176.39999389648438,178.25,173.16000366210938,176.75,176.75,59736600,16988.310546875,17032.66015625,16917.509765625,17019.880859375,17019.880859375,6293380000
2024-05-29,174.19000244140625,178.14999389648438,173.92999267578125,176.19000244140625,176.19000244140625,54782600,16879.349609375,16989.599609375,16873.970703125,16920.580078125,16920.580078125,6652480000
2024-05-30,178.5800018310547,182.6699981689453,175.3800048828125,178.7899932861328,178.7899932861328,77618400,16878.630859375,16900.4609375,16690.359375,16737.080078125,16737.080078125,6659290000
2024-05-31,178.5,180.32000732421875,173.82000732421875,178.0800018310547,178.0800018310547,67314600,16771.900390625,16789.26953125,16445.5390625,16735.01953125,16735.01953125,6674090000
2024-06-03,178.1300048828125,182.63999938964844,174.49000549316406,176.2899932861328,176.2899932861328,68568900,16865.69921875,16909.890625,16646.4296875,16828.669921875,16828.669921875,5422040000
2024-06-04,174.77999877929688,177.75999450683594,174.0,174.77000427246094,174.77000427246094,60056300,16823.880859375,16891.869140625,16750.390625,16857.05078125,16857.05078125,4917350000
2024-06-05,175.35000610351562,176.14999389648438,172.1300048828125,175.0,175.0,57953800,16974.48046875,17187.919921875,16955.560546875,17187.900390625,17187.900390625,5325000000
2024-06-06,174.60000610351562,179.72999572753906,172.72999572753906,177.94000244140625,177.94000244140625,69887000,17204.869140625,17235.73046875,17123.58984375,17173.119140625,17173.119140625,4960580000
2024-06-07,176.1300048828125,179.35000610351562,175.5800018310547,177.47999572753906,177.47999572753906,56244900,17124.140625,17229.310546875,17090.0390625,17133.130859375,17133.130859375,4755650000
2024-06-10,176.05999755859375,178.57000732421875,173.1699981689453,173.7899932861328,173.7899932861328,50774600,17083.44921875,17213.44921875,17057.33984375,17192.529296875,17192.529296875,5207110000
2024-06-11,173.9199981689453,174.75,167.41000366210938,170.66000366210938,170.66000366210938,64761900,17160.419921875,17345.05078125,17107.990234375,17343.55078125,17343.55078125,5009220000
2024-06-12,171.1199951171875,180.5500030517578,169.8000030517578,177.2899932861328,177.2899932861328,90389400,17502.150390625,17725.390625,17490.640625,17608.439453125,17608.439453125,5560630000
2024-06-13,188.38999938964844,191.0800018310547,181.22999572753903,182.47000122070312,182.47000122070312,118984100,17715.26953125,17741.80078125,17566.3203125,17667.560546875,17667.560546875,4916020000
2024-06-14,185.8000030517578,186.0,176.9199981689453,178.00999450683594,178.00999450683594,82038200,17621.1796875,17693.4296875,17590.80078125,17688.880859375,17688.880859375,4973820000
2024-06-17,177.9199981689453,188.80999755859375,177.0,187.44000244140625,187.44000244140625,109786100,17697.30078125,17935.990234375,17636.359375,17857.01953125,17857.01953125,6061200000
2024-06-18,186.55999755859375,187.1999969482422,182.3699951171875,184.86000061035156,184.86000061035156,68982300,17856.759765625,17890.51953125,17796.880859375,17862.23046875,17862.23046875,5796180000
2024-06-20,184.67999267578125,185.2100067138672,179.66000366210938,181.57000732421875,181.57000732421875,55893100,17913.939453125,17936.7890625,17650.689453125,17721.58984375,17721.58984375,6289300000
2024-06-21,182.3000030517578,183.9499969482422,180.69000244140625,183.0099945068359,183.0099945068359,61937300,17681.009765625,17787.33984375,17620.5703125,17689.359375,17689.359375,8589160000
2024-06-24,184.97000122070312,188.8000030517578,182.5500030517578,182.5800018310547,182.5800018310547,61992100,17640.259765625,17730.119140625,17494.01953125,17496.8203125,17496.8203125,5503210000
2024-06-25,184.3999938964844,187.97000122070312,182.0099945068359,187.3500061035156,187.3500061035156,62905700,17572.16015625,17734.33984375,17546.630859375,17717.650390625,17717.650390625,4848280000
2024-06-26,186.5399932861328,197.7599945068359,186.36000061035156,196.3699951171875,196.3699951171875,95737100,17697.26953125,17813.55078125,17687.0703125,17805.16015625,17805.16015625,5294310000
2024-06-27,195.1699981689453,198.72000122070312,194.0500030517578,197.4199981689453,197.4199981689453,72746500,17793.94921875,17892.779296875,17765.419921875,17858.6796875,17858.6796875,5382060000
2024-06-28,199.5500030517578,203.1999969482422,195.2599945068359,197.8800048828125,197.8800048828125,95438100,17891.099609375,18035.0,17723.830078125,17732.599609375,17732.599609375,8960940000
2024-07-01,201.02000427246097,213.22999572753903,200.8500061035156,209.86000061035156,209.86000061035156,135691400,17773.900390625,17894.279296875,17657.640625,17879.30078125,17879.30078125,5189990000
2024-07-02,218.88999938964844,231.3000030517578,218.05999755859375,231.2599945068359,231.2599945068359,205047900,17808.0390625,18031.2890625,17802.240234375,18028.759765625,18028.759765625,4526550000
2024-07-03,234.55999755859375,248.3500061035156,234.25,246.38999938964844,246.38999938964844,166561500,18016.119140625,18188.30078125,18016.119140625,18188.30078125,18188.30078125,3713960000
2024-07-05,249.80999755859375,252.3699951171875,242.4600067138672,251.52000427246097,251.52000427246097,154501200,18200.599609375,18366.310546875,18197.140625,18352.759765625,18352.759765625,4851000000
2024-07-08,247.7100067138672,259.44000244140625,244.57000732421875,252.94000244140625,252.94000244140625,157219600,18371.859375,18416.939453125,18342.599609375,18403.740234375,18403.740234375,5286260000
2024-07-09,251.0,265.6099853515625,250.3000030517578,262.3299865722656,262.3299865722656,160210900,18465.01953125,18511.890625,18381.599609375,18429.2890625,18429.2890625,4839140000
2024-07-10,262.79998779296875,267.5899963378906,257.8599853515625,263.260009765625,263.260009765625,128519400,18512.08984375,18655.189453125,18467.580078125,18647.44921875,18647.44921875,5228240000
2024-07-11,263.29998779296875,271.0,239.6499938964844,241.02999877929688,241.02999877929688,221707300,18659.25,18671.0703125,18238.779296875,18283.41015625,18283.41015625,6366620000
2024-07-12,235.8000030517578,251.83999633789065,233.08999633789065,248.22999572753903,248.22999572753903,155955800,18303.640625,18556.73046875,18293.599609375,18398.44921875,18398.44921875,5845930000
2024-07-15,255.97000122070312,265.6000061035156,251.72999572753903,252.63999938964844,252.63999938964844,146912900,18485.91015625,18641.529296875,18397.830078125,18472.5703125,18472.5703125,5450350000
2024-07-16,255.30999755859375,258.6199951171875,245.8000030517578,256.55999755859375,256.55999755859375,126332500,18534.26953125,18576.830078125,18386.0703125,18509.33984375,18509.33984375,5812930000
2024-07-17,252.72999572753903,258.4700012207031,246.17999267578125,248.5,248.5,115584800,18188.189453125,18223.240234375,17972.869140625,17996.919921875,17996.919921875,6007280000
2024-07-18,251.08999633789065,257.1400146484375,247.1999969482422,249.22999572753903,249.22999572753903,110869000,18119.150390625,18130.869140625,17759.5390625,17871.220703125,17871.220703125,5977260000
2024-07-19,247.7899932861328,249.44000244140625,236.8300018310547,239.1999969482422,239.1999969482422,87403900,17835.58984375,17935.140625,17691.4296875,17726.939453125,17726.939453125,4992930000
2024-07-22,244.2100067138672,253.2100067138672,243.75,251.5099945068359,251.5099945068359,101225400,17923.650390625,18040.990234375,17839.759765625,18007.5703125,18007.5703125,5093620000
2024-07-23,253.6000061035156,255.7599945068359,245.6300048828125,246.3800048828125,246.3800048828125,111928200,17982.740234375,18128.380859375,17968.099609375,17997.349609375,17997.349609375,4938000000
2024-07-24,225.4199981689453,225.9900054931641,214.7100067138672,215.9900054931641,215.9900054931641,167942900,17733.91015625,17747.060546875,17313.51953125,17342.41015625,17342.41015625,6735560000
2024-07-25,216.8000030517578,226.0,216.22999572753903,220.25,220.25,100636500,17352.640625,17544.4609375,17033.9609375,17181.720703125,17181.720703125,6114350000
2024-07-26,221.19000244140625,222.27999877929688,215.3300018310547,219.8000030517578,219.8000030517578,94604100,17331.94921875,17454.5703125,17239.990234375,17357.880859375,17357.880859375,5281560000
2024-07-29,224.8999938964844,234.27000427246097,224.6999969482422,232.1000061035156,232.1000061035156,129201800,17444.390625,17535.3203125,17299.830078125,17370.19921875,17370.19921875,4897230000
2024-07-30,232.25,232.41000366210935,220.0,222.6199951171875,222.6199951171875,100560300,17424.099609375,17468.560546875,17015.380859375,17147.419921875,17147.419921875,5564310000
2024-07-31,227.8999938964844,234.67999267578125,226.7899932861328,232.07000732421875,232.07000732421875,67497000,17499.23046875,17693.98046875,17438.599609375,17599.400390625,17599.400390625,6292560000
2024-08-01,227.69000244140625,231.8699951171875,214.3300018310547,216.86000061035156,216.86000061035156,83861900,17647.029296875,17791.580078125,17051.419921875,17194.150390625,17194.150390625,6664550000
2024-08-02,214.8800048828125,216.1300048828125,205.77999877929688,207.6699981689453,207.6699981689453,82880100,16780.44921875,16920.630859375,16582.7890625,16776.16015625,16776.16015625,6313870000
2024-08-05,185.22000122070312,203.8800048828125,182.0,198.8800048828125,198.8800048828125,100308800,15712.5302734375,16453.4609375,15708.5400390625,16200.080078125,16200.080078125,6852190000
2024-08-06,200.75,202.8999938964844,192.6699981689453,200.63999938964844,200.63999938964844,73783900,16261.3603515625,16620.310546875,16137.650390625,16366.849609375,16366.849609375,5908930000
2024-08-07,200.77000427246097,203.4900054931641,191.47999572753903,191.7599945068359,191.7599945068359,71159800,16622.310546875,16709.810546875,16179.5302734375,16195.8095703125,16195.8095703125,5913620000
2024-08-08,195.6999969482422,200.6999969482422,192.0399932861328,198.83999633789065,198.83999633789065,65033900,16408.26953125,16694.25,16262.9296875,16660.01953125,16660.01953125,5815880000
2024-08-09,197.0500030517578,200.8800048828125,195.11000061035156,200.0,200.0,58648300,16636.51953125,16789.220703125,16574.5703125,16745.30078125,16745.30078125,5783410000
2024-08-12,199.02000427246097,199.2599945068359,194.6699981689453,197.4900054931641,197.4900054931641,64044900,16793.640625,16895.7890625,16699.390625,16780.609375,16780.609375,4890850000
2024-08-13,198.47000122070312,208.4900054931641,197.05999755859375,207.8300018310547,207.8300018310547,76247400,16944.740234375,17192.7890625,16943.94921875,17187.609375,17187.609375,5469160000
2024-08-14,207.38999938964844,208.44000244140625,198.75,201.3800048828125,201.3800048828125,70250000,17227.640625,17260.73046875,17032.169921875,17192.599609375,17192.599609375,4985480000
2024-08-15,205.02000427246097,215.8800048828125,204.82000732421875,214.13999938964844,214.13999938964844,89848500,17394.5390625,17602.720703125,17375.41015625,17594.5,17594.5,5478170000
2024-08-16,211.1499938964844,219.8000030517578,210.8000030517578,216.1199951171875,216.1199951171875,88765100,17516.400390625,17674.650390625,17502.830078125,17631.720703125,17631.720703125,5138150000
2024-08-19,217.07000732421875,222.97999572753903,214.08999633789065,222.72000122070312,222.72000122070312,76435200,17649.740234375,17877.439453125,17585.580078125,17876.76953125,17876.76953125,5564300000
2024-08-20,224.8800048828125,228.22000122070312,219.55999755859375,221.1000061035156,221.1000061035156,74001200,17849.08984375,17932.529296875,17758.19921875,17816.939453125,17816.939453125,5305260000
2024-08-21,222.6699981689453,224.66000366210935,218.86000061035156,223.27000427246097,223.27000427246097,70146000,17840.509765625,17963.0703125,17790.98046875,17918.990234375,17918.990234375,4765150000
2024-08-22,223.82000732421875,224.8000030517578,210.32000732421875,210.66000366210935,210.66000366210935,79514500,17993.720703125,18017.689453125,17589.150390625,17619.349609375,17619.349609375,5065360000
2024-08-23,214.4600067138672,221.47999572753903,214.2100067138672,220.32000732421875,220.32000732421875,81525200,17772.73046875,17941.26953125,17700.26953125,17877.7890625,17877.7890625,5380810000
2024-08-26,218.75,219.08999633789065,211.0099945068359,213.2100067138672,213.2100067138672,59301200,17867.849609375,17909.08984375,17645.689453125,17725.76953125,17725.76953125,5110940000
2024-08-27,213.25,215.66000366210935,206.94000244140625,209.2100067138672,209.2100067138672,62821400,17655.51953125,17789.720703125,17573.369140625,17754.8203125,17754.8203125,4362380000
2024-08-28,209.72000122070312,211.83999633789065,202.58999633789065,205.75,205.75,64116400,17738.80078125,17759.939453125,17439.400390625,17556.029296875,17556.029296875,5211920000
2024-08-29,209.8000030517578,214.88999938964844,205.97000122070312,206.27999877929688,206.27999877929688,62308800,17610.5703125,17789.2109375,17482.599609375,17516.4296875,17516.4296875,5727780000
2024-08-30,208.6300048828125,214.57000732421875,207.02999877929688,214.11000061035156,214.11000061035156,63370600,17650.490234375,17720.380859375,17498.7890625,17713.619140625,17713.619140625,5531150000
2024-09-03,215.2599945068359,219.8999938964844,209.63999938964844,210.6000061035156,210.6000061035156,76714200,17585.44921875,17585.44921875,17057.7890625,17136.30078125,17136.30078125,5813970000
2024-09-04,210.58999633789065,222.22000122070312,210.57000732421875,219.41000366210935,219.41000366210935,80651800,17015.7109375,17232.650390625,16984.669921875,17084.30078125,17084.30078125,5011820000
2024-09-05,223.4900054931641,235.0,222.25,230.1699981689453,230.1699981689453,119355000,17063.240234375,17295.580078125,17035.0703125,17127.66015625,17127.66015625,4983030000
2024-09-06,232.6000061035156,233.6000061035156,210.5099945068359,210.72999572753903,210.72999572753903,112177000,17137.619140625,17166.5390625,16668.5703125,16690.830078125,16690.830078125,5549030000
2024-09-09,216.1999969482422,219.8699951171875,213.6699981689453,216.27000427246097,216.27000427246097,67443500,16835.669921875,16923.279296875,16732.83984375,16884.599609375,16884.599609375,5132150000
2024-09-10,220.07000732421875,226.3999938964844,218.63999938964844,226.1699981689453,226.1699981689453,78891100,16949.640625,17036.0703125,16801.130859375,17025.880859375,17025.880859375,4963740000
2024-09-11,224.5500030517578,228.47000122070312,216.8000030517578,228.1300048828125,228.1300048828125,83548600,17061.41015625,17420.23046875,16787.83984375,17395.529296875,17395.529296875,6086930000
2024-09-12,224.66000366210935,231.4499969482422,223.8300018310547,229.80999755859375,229.80999755859375,71894900,17413.890625,17605.720703125,17338.3203125,17569.6796875,17569.6796875,4983120000
2024-09-13,228.0,232.6699981689453,226.32000732421875,230.2899932861328,230.2899932861328,59515100,17575.259765625,17719.140625,17564.609375,17683.98046875,17683.98046875,4802880000
2024-09-16,229.3000030517578,229.9600067138672,223.52999877929688,226.77999877929688,226.77999877929688,54323000,17573.69921875,17618.400390625,17480.66015625,17592.130859375,17592.130859375,4675530000
2024-09-17,229.4499969482422,234.57000732421875,226.5500030517578,227.8699951171875,227.8699951171875,66761600,17707.01953125,17781.740234375,17544.640625,17628.060546875,17628.060546875,4959520000
2024-09-18,230.08999633789065,235.67999267578125,226.8800048828125,227.1999969482422,227.1999969482422,78010200,17663.380859375,17832.69921875,17556.4296875,17573.30078125,17573.30078125,5611630000
2024-09-19,234.0,244.2400054931641,232.1300048828125,243.9199981689453,243.9199981689453,102694600,17980.890625,18099.9296875,17909.75,18013.98046875,18013.98046875,5574650000
2024-09-20,241.52000427246097,243.9900054931641,235.9199981689453,238.25,238.25,99879100,17999.349609375,18024.33984375,17835.640625,17948.3203125,17948.3203125,9914480000
2024-09-23,242.61000061035156,250.0,241.9199981689453,250.0,250.0,86927200,17994.91015625,18021.580078125,17936.369140625,17974.26953125,17974.26953125,5237310000
2024-09-24,254.0800018310547,257.19000244140625,249.0500030517578,254.27000427246097,254.27000427246097,88491000,18046.439453125,18091.9609375,17863.380859375,18074.51953125,18074.51953125,5347580000
2024-09-25,252.5399932861328,257.04998779296875,252.27999877929688,257.0199890136719,257.0199890136719,65034300,18050.359375,18155.0390625,18040.619140625,18082.2109375,18082.2109375,4858060000
2024-09-26,260.6000061035156,261.75,251.52999877929688,254.22000122070312,254.22000122070312,67142200,18327.33984375,18327.33984375,18071.740234375,18190.2890625,18190.2890625,5669210000
2024-09-27,257.3800048828125,260.70001220703125,254.1199951171875,260.4599914550781,260.4599914550781,70988100,18228.779296875,18238.279296875,18069.1796875,18119.58984375,18119.58984375,5367890000
2024-09-30,259.0400085449219,264.8599853515625,255.77000427246097,261.6300048828125,261.6300048828125,80705700,18069.830078125,18198.16015625,17997.560546875,18189.169921875,18189.169921875,5846150000
2024-10-01,262.6700134277344,263.9800109863281,248.52999877929688,258.0199890136719,258.0199890136719,87397600,18154.939453125,18162.720703125,17779.76953125,17910.359375,17910.359375,5879980000
2024-10-02,247.5500030517578,251.16000366210935,241.5,249.02000427246097,249.02000427246097,93983900,17867.119140625,17978.580078125,17767.7890625,17925.119140625,17925.119140625,5489040000
2024-10-03,244.47999572753903,249.7899932861328,237.80999755859375,240.66000366210935,240.66000366210935,80729200,17859.490234375,18011.25,17826.419921875,17918.48046875,17918.48046875,5208990000
2024-10-04,246.69000244140625,250.9600067138672,244.5800018310547,250.0800018310547,250.0800018310547,86573200,18130.419921875,18145.279296875,17952.30078125,18137.849609375,18137.849609375,5136070000
2024-10-07,249.0,249.8300018310547,240.6999969482422,240.8300018310547,240.8300018310547,68113300,18080.119140625,18096.330078125,17900.0390625,17923.900390625,17923.900390625,5240320000
2024-10-08,243.55999755859375,246.2100067138672,240.55999755859375,244.5,244.5,56303200,18017.9296875,18203.0390625,17989.69921875,18182.919921875,18182.919921875,5566510000
2024-10-09,243.82000732421875,247.42999267578125,239.5099945068359,241.0500030517578,241.0500030517578,66289500,18179.220703125,18302.05078125,18133.01953125,18291.619140625,18291.619140625,5228670000
2024-10-10,241.80999755859375,242.7899932861328,232.33999633789065,238.77000427246097,238.77000427246097,83087100,18200.619140625,18333.390625,18154.1796875,18282.05078125,18282.05078125,5855390000
2024-10-11,220.1300048828125,223.33999633789065,214.3800048828125,217.8000030517578,217.8000030517578,142628900,18217.73046875,18375.529296875,18208.439453125,18342.939453125,18342.939453125,5140440000
2024-10-14,220.1300048828125,221.91000366210935,213.7400054931641,219.16000366210935,219.16000366210935,86291900,18426.66015625,18547.919921875,18423.599609375,18502.689453125,18502.689453125,4894710000
2024-10-15,220.0099945068359,224.2599945068359,217.1199951171875,219.57000732421875,219.57000732421875,62988800,18515.970703125,18564.25,18252.51953125,18315.58984375,18315.58984375,6522700000
2024-10-16,221.3999938964844,222.82000732421875,218.92999267578125,221.3300018310547,221.3300018310547,49632800,18333.2890625,18383.109375,18214.9609375,18367.080078125,18367.080078125,5257570000
2024-10-17,221.58999633789065,222.0800018310547,217.8999938964844,220.88999938964844,220.88999938964844,50791800,18537.2109375,18541.4609375,18368.7890625,18373.609375,18373.609375,5806860000
2024-10-18,220.7100067138672,222.27999877929688,219.22999572753903,220.6999969482422,220.6999969482422,49611900,18466.009765625,18524.330078125,18452.580078125,18489.55078125,18489.55078125,5090190000
2024-10-21,218.8999938964844,220.47999572753903,215.72999572753903,218.8500061035156,218.8500061035156,47329000,18456.48046875,18543.580078125,18377.630859375,18540.009765625,18540.009765625,6092180000
2024-10-22,217.30999755859375,218.22000122070312,215.2599945068359,217.97000122070312,217.97000122070312,43268700,18451.859375,18620.7109375,18413.470703125,18579.76953125,18579.76953125,6407180000
2024-10-23,217.1300048828125,218.72000122070312,212.11000061035156,213.6499938964844,213.6499938964844,80938900,18502.060546875,18509.189453125,18146.609375,18276.650390625,18276.650390625,6245610000
2024-10-24,244.67999267578125,262.1199951171875,242.6499938964844,260.4800109863281,260.4800109863281,204491900,18384.16015625,18435.369140625,18305.419921875,18415.490234375,18415.490234375,5761280000
2024-10-25,256.010009765625,269.489990234375,255.32000732421875,269.19000244140625,269.19000244140625,161611900,18512.580078125,18690.009765625,18487.060546875,18518.609375,18518.609375,6100040000
2024-10-28,270.0,273.5400085449219,262.239990234375,262.510009765625,262.510009765625,107653600,18648.25,18671.009765625,18563.01953125,18567.189453125,18567.189453125,5641660000
2024-10-29,264.510009765625,264.9800109863281,255.5099945068359,259.5199890136719,259.5199890136719,80521800,18576.08984375,18753.189453125,18509.58984375,18712.75,18712.75,6881170000
2024-10-30,258.0400085449219,263.3500061035156,255.82000732421875,257.54998779296875,257.54998779296875,53993600,18731.689453125,18785.5,18598.240234375,18607.9296875,18607.9296875,6514690000
2024-10-31,257.989990234375,259.75,249.25,249.8500061035156,249.8500061035156,66575300,18427.310546875,18427.310546875,18083.94921875,18095.150390625,18095.150390625,6411940000
2024-11-01,252.0399932861328,254.0,246.6300048828125,248.97999572753903,248.97999572753903,57544800,18189.669921875,18363.939453125,18181.529296875,18239.919921875,18239.919921875,5896470000
2024-11-04,244.55999755859375,248.8999938964844,238.8800048828125,242.83999633789065,242.83999633789065,68802400,18220.4296875,18308.30078125,18112.830078125,18179.98046875,18179.98046875,5762320000
2024-11-05,247.33999633789065,255.27999877929688,246.2100067138672,251.44000244140625,251.44000244140625,69282500,18250.7109375,18449.6796875,18250.7109375,18439.169921875,18439.169921875,7060340000
2024-11-06,284.6700134277344,289.5899963378906,275.6199951171875,288.5299987792969,288.5299987792969,165228700,18772.759765625,19000.5,18730.2109375,18983.470703125,18983.470703125,8138050000
2024-11-07,288.8900146484375,299.75,285.5199890136719,296.9100036621094,296.9100036621094,117309200,19084.4296875,19301.69921875,19084.4296875,19269.4609375,19269.4609375,9232670000
2024-11-08,299.1400146484375,328.7099914550781,297.6600036621094,321.2200012207031,321.2200012207031,204782800,19255.140625,19318.560546875,19224.4296875,19286.779296875,19286.779296875,7316010000
2024-11-11,346.29998779296875,358.6400146484375,336.0,350.0,350.0,210521600,19355.33984375,19366.0703125,19193.2890625,19298.759765625,19298.759765625,8087930000
2024-11-12,342.739990234375,345.8399963378906,323.30999755859375,328.489990234375,328.489990234375,155726000,19289.810546875,19343.05078125,19168.51953125,19281.400390625,19281.400390625,7816410000
2024-11-13,335.8500061035156,344.6000061035156,322.5,330.239990234375,330.239990234375,125405600,19286.4609375,19358.48046875,19191.130859375,19230.720703125,19230.720703125,9623670000
2024-11-14,327.69000244140625,329.9800109863281,310.3699951171875,311.17999267578125,311.17999267578125,120726100,19256.08984375,19275.80078125,19073.390625,19107.650390625,19107.650390625,8680480000
2024-11-15,310.57000732421875,324.67999267578125,309.2200012207031,320.7200012207031,320.7200012207031,114440300,18929.919921875,18936.75,18598.869140625,18680.119140625,18680.119140625,8002270000
2024-11-18,340.7300109863281,348.54998779296875,330.010009765625,338.739990234375,338.739990234375,126085600,18717.9296875,18865.279296875,18672.30078125,18791.810546875,18791.810546875,8455360000
2024-11-19,335.760009765625,347.3800048828125,332.75,346.0,346.0,88852500,18699.7109375,18992.080078125,18689.830078125,18987.470703125,18987.470703125,7246610000
2024-11-20,345.0,346.6000061035156,334.29998779296875,342.0299987792969,342.0299987792969,66340700,18971.310546875,18974.91015625,18724.390625,18966.140625,18966.140625,7121670000
2024-11-21,343.80999755859375,347.989990234375,335.2799987792969,339.6400146484375,339.6400146484375,58011700,19072.779296875,19110.890625,18714.060546875,18972.419921875,18972.419921875,7492540000
2024-11-22,341.0899963378906,361.5299987792969,337.70001220703125,352.55999755859375,352.55999755859375,89140700,18966.3203125,19025.76953125,18899.48046875,19003.650390625,19003.650390625,6575820000
2024-11-25,360.1400146484375,361.9299926757813,338.20001220703125,338.5899963378906,338.5899963378906,95890900,19140.58984375,19208.6796875,18969.349609375,19054.83984375,19054.83984375,7932980000
2024-11-26,341.0,346.9599914550781,335.6600036621094,338.2300109863281,338.2300109863281,62295900,19109.080078125,19184.400390625,19100.73046875,19174.30078125,19174.30078125,6411770000
2024-11-27,341.79998779296875,342.54998779296875,326.5899963378906,332.8900146484375,332.8900146484375,57896400,19132.990234375,19133.109375,18937.19921875,19060.48046875,19060.48046875,5619090000
2024-11-29,336.0799865722656,345.45001220703125,334.6499938964844,345.1600036621094,345.1600036621094,37167600,19087.470703125,19245.490234375,19066.51953125,19218.169921875,19218.169921875,4042550000
2024-12-02,352.3800048828125,360.0,351.1499938964844,357.0899963378906,357.0899963378906,77986500,19255.4296875,19436.919921875,19255.4296875,19403.94921875,19403.94921875,6370530000
2024-12-03,351.79998779296875,355.69000244140625,348.20001220703125,351.4200134277344,351.4200134277344,58267200,19364.33984375,19486.150390625,19340.41015625,19480.91015625,19480.91015625,6005160000
2024-12-04,353.0,358.1000061035156,348.6000061035156,357.92999267578125,357.92999267578125,50810900,19587.48046875,19741.759765625,19575.400390625,19735.119140625,19735.119140625,7870030000
2024-12-05,359.8699951171875,375.4299926757813,359.5,369.489990234375,369.489990234375,81403600,19756.400390625,19790.029296875,19688.58984375,19700.259765625,19700.259765625,7229510000
2024-12-06,377.4200134277344,389.489990234375,370.7999877929687,389.2200012207031,389.2200012207031,81455800,19743.9609375,19863.150390625,19734.419921875,19859.76953125,19859.76953125,6787610000
2024-12-09,397.6099853515625,404.7999877929687,378.010009765625,389.7900085449219,389.7900085449219,96359200,19824.08984375,19872.7890625,19698.05078125,19736.689453125,19736.689453125,7884620000
2024-12-10,392.6799926757813,409.7300109863281,390.8500061035156,400.989990234375,400.989990234375,97563600,19796.390625,19887.080078125,19641.33984375,19687.240234375,19687.240234375,6843850000
2024-12-11,409.7000122070313,424.8800048828125,402.3800048828125,424.7699890136719,424.7699890136719,104287600,19832.9609375,20055.9296875,19830.640625,20034.890625,20034.890625,6639720000
2024-12-12,424.8399963378906,429.2999877929687,415.0,418.1000061035156,418.1000061035156,87752200,19947.33984375,20018.240234375,19897.380859375,19902.83984375,19902.83984375,7047550000
2024-12-13,420.0,436.2999877929687,415.7099914550781,436.2300109863281,436.2300109863281,89000200,19995.1796875,20061.650390625,19817.470703125,19926.720703125,19926.720703125,6028250000
2024-12-16,441.0899963378906,463.19000244140625,436.1499938964844,463.0199890136719,463.0199890136719,114083800,20016.119140625,20204.580078125,19988.119140625,20173.890625,20173.890625,8855040000
2024-12-17,475.8999938964844,483.989990234375,457.510009765625,479.8599853515625,479.8599853515625,131223000,20095.619140625,20148.830078125,20004.73046875,20109.060546875,20109.060546875,9534350000
2024-12-18,466.5,488.5400085449219,427.010009765625,440.1300048828125,440.1300048828125,149340800,20114.98046875,20179.76953125,19336.58984375,19392.689453125,19392.689453125,9996120000
2024-12-19,451.8800048828125,456.3599853515625,420.0199890136719,436.1700134277344,436.1700134277344,118566100,19565.66015625,19623.01953125,19357.759765625,19372.76953125,19372.76953125,8029590000
2024-12-20,425.510009765625,447.0799865722656,417.6400146484375,421.05999755859375,421.05999755859375,132216200,19190.0390625,19758.609375,19168.380859375,19572.599609375,19572.599609375,10962450000
2024-12-23,431.0,434.510009765625,415.4100036621094,430.6000061035156,430.6000061035156,72698100,19641.05078125,19772.099609375,19504.6796875,19764.880859375,19764.880859375,6820720000
2024-12-24,435.8999938964844,462.7799987792969,435.1400146484375,462.2799987792969,462.2799987792969,59551800,19818.48046875,20031.130859375,19813.759765625,20031.130859375,20031.130859375,4739190000
2024-12-26,465.1600036621094,465.3299865722656,451.0199890136719,454.1300048828125,454.1300048828125,76366400,19979.25,20070.080078125,19888.109375,20020.359375,20020.359375,6467910000
2024-12-27,449.5199890136719,450.0,426.5,431.6600036621094,431.6600036621094,82666800,19896.76953125,19904.76953125,19553.400390625,19722.029296875,19722.029296875,7765120000
2024-12-30,419.3999938964844,427.0,415.75,417.4100036621094,417.4100036621094,64941000,19460.41015625,19622.9296875,19342.509765625,19486.7890625,19486.7890625,8384090000
2024-12-31,423.7900085449219,427.9299926757813,402.5400085449219,403.8399963378906,403.8399963378906,76825100,19551.359375,19563.720703125,19283.41015625,19310.7890625,19310.7890625,8873030000
2025-01-02,390.1000061035156,392.7300109863281,373.0400085449219,379.2799987792969,379.2799987792969,109710700,19403.900390625,19517.869140625,19117.58984375,19280.7890625,19280.7890625,8737550000
2025-01-03,381.4800109863281,411.8800048828125,379.4500122070313,410.44000244140625,410.44000244140625,95423300,19395.509765625,19638.66015625,19379.5703125,19621.6796875,19621.6796875,8214050000
2025-01-06,423.2000122070313,426.4299926757813,401.7000122070313,411.0499877929687,411.0499877929687,85516500,19851.990234375,20007.94921875,19785.0,19864.98046875,19864.98046875,9586840000
2025-01-07,405.8299865722656,414.3299865722656,390.0,394.3599853515625,394.3599853515625,75699500,19938.080078125,19940.2109375,19421.01953125,19489.6796875,19489.6796875,13371130000
2025-01-08,392.9500122070313,402.5,387.3999938964844,394.94000244140625,394.94000244140625,73038800,19469.369140625,19544.509765625,19308.5390625,19478.880859375,19478.880859375,8851720000
2025-01-10,391.3999938964844,399.2799987792969,377.2900085449219,394.739990234375,394.739990234375,62287300,19312.259765625,19315.109375,19018.75,19161.630859375,19161.630859375,8608880000
2025-01-13,383.2099914550781,403.7900085449219,380.0700073242187,403.30999755859375,403.30999755859375,67580500,18903.66015625,19099.970703125,18831.91015625,19088.099609375,19088.099609375,7830760000
2025-01-14,414.3399963378906,422.6400146484375,394.5400085449219,396.3599853515625,396.3599853515625,84565000,19207.75,19273.140625,18926.599609375,19044.390625,19044.390625,7168110000
2025-01-15,409.8999938964844,429.7999877929687,405.6600036621094,428.2200012207031,428.2200012207031,81375500,19350.310546875,19548.900390625,19299.3203125,19511.23046875,19511.23046875,7260250000
2025-01-16,423.489990234375,424.0,409.1300048828125,413.8200073242187,413.8200073242187,68335200,19573.869140625,19579.849609375,19335.6796875,19338.2890625,19338.2890625,7085990000
2025-01-17,421.5,439.739990234375,419.75,426.5,426.5,94991400,19655.55078125,19709.640625,19543.3203125,19630.19921875,19630.19921875,7996360000
2025-01-21,432.6400146484375,433.2000122070313,406.30999755859375,424.0700073242187,424.0700073242187,87320900,19734.390625,19789.630859375,19551.169921875,19756.779296875,19756.779296875,8015780000
2025-01-22,416.80999755859375,428.0,414.5899963378906,415.1099853515625,415.1099853515625,60963300,19903.05078125,20068.51953125,19903.05078125,20009.33984375,20009.33984375,7219060000
2025-01-23,416.05999755859375,420.7300109863281,408.9500122070313,412.3800048828125,412.3800048828125,50690600,19906.990234375,20053.6796875,19892.55078125,20053.6796875,20053.6796875,6837700000
2025-01-24,414.4500122070313,418.8800048828125,405.7799987792969,406.5799865722656,406.5799865722656,56427100,20087.109375,20118.609375,19897.130859375,19954.30078125,19954.30078125,7708150000
2025-01-27,394.7999877929687,406.69000244140625,389.0,397.1499938964844,397.1499938964844,58125500,19234.0390625,19514.349609375,19204.94921875,19341.830078125,19341.830078125,8870200000
2025-01-28,396.9100036621094,400.5899963378906,386.5,398.0899963378906,398.0899963378906,48910700,19418.220703125,19759.4296875,19294.619140625,19733.58984375,19733.58984375,7121740000
2025-01-29,395.2099914550781,398.5899963378906,384.4800109863281,389.1000061035156,389.1000061035156,68033600,19695.6796875,19699.8203125,19479.509765625,19632.3203125,19632.3203125,6497710000
2025-01-30,410.7799987792969,412.5,384.4100036621094,400.2799987792969,400.2799987792969,98092900,19697.529296875,19785.7890625,19483.830078125,19681.75,19681.75,6679500000
2025-01-31,401.5299987792969,419.989990234375,401.3399963378906,404.6000061035156,404.6000061035156,83283600,19832.330078125,19969.169921875,19575.2109375,19627.439453125,19627.439453125,7947370000
2025-02-03,386.6799926757813,389.1700134277344,374.3599853515625,383.6799926757813,383.6799926757813,93732100,19215.380859375,19502.130859375,19141.150390625,19391.9609375,19391.9609375,8272460000
2025-02-04,382.6300048828125,394.0,381.3999938964844,392.2099914550781,392.2099914550781,57072200,19422.169921875,19666.439453125,19408.1796875,19654.01953125,19654.01953125,6477050000
2025-02-05,387.510009765625,388.3900146484375,375.5299987792969,378.1700134277344,378.1700134277344,57223300,19533.05078125,19696.939453125,19498.900390625,19692.330078125,19692.330078125,6712220000
2025-02-06,373.0299987792969,375.3999938964844,363.1799926757813,374.3200073242187,374.3200073242187,77918200,19725.830078125,19793.359375,19654.109375,19791.990234375,19791.990234375,6642100000
2025-02-07,370.19000244140625,380.5499877929687,360.3399963378906,361.6199951171875,361.6199951171875,70298300,19774.869140625,19862.5390625,19489.359375,19523.400390625,19523.400390625,7748940000
2025-02-10,356.2099914550781,362.7000122070313,350.510009765625,350.7300109863281,350.7300109863281,77514900,19668.1796875,19772.0390625,19650.7890625,19714.26953125,19714.26953125,9535440000
2025-02-11,345.79998779296875,349.3699951171875,325.1000061035156,328.5,328.5,118543400,19602.109375,19731.9296875,19579.76953125,19643.859375,19643.859375,9269380000
2025-02-12,329.94000244140625,346.3999938964844,329.1199951171875,336.510009765625,336.510009765625,105382700,19436.509765625,19682.509765625,19415.48046875,19649.94921875,19649.94921875,7946550000
2025-02-13,345.0,358.69000244140625,342.8500061035156,355.94000244140625,355.94000244140625,89441500,19696.919921875,19952.169921875,19675.869140625,19945.640625,19945.640625,8414510000
2025-02-14,360.6199951171875,362.0,347.5,355.8399963378906,355.8399963378906,68277300,19956.8203125,20045.759765625,19932.150390625,20026.76953125,20026.76953125,7995720000
2025-02-18,355.010009765625,359.1000061035156,350.0199890136719,354.1099853515625,354.1099853515625,51631700,20090.55078125,20110.119140625,19909.740234375,20041.259765625,20041.259765625,8683170000
2025-02-19,354.0,367.3399963378906,353.6700134277344,360.55999755859375,360.55999755859375,67094400,19994.5,20099.390625,19928.890625,20056.25,20056.25,8171530000
2025-02-20,361.510009765625,362.2999877929687,348.0,354.3999938964844,354.3999938964844,45965400,20029.189453125,20041.150390625,19795.01953125,19962.359375,19962.359375,7329270000
2025-02-21,353.44000244140625,354.9800109863281,334.4200134277344,337.79998779296875,337.79998779296875,74058600,20006.689453125,20016.66015625,19510.91015625,19524.009765625,19524.009765625,8461020000
2025-02-24,338.1400146484375,342.3999938964844,324.70001220703125,330.5299987792969,330.5299987792969,76052300,19590.849609375,19644.23046875,19275.4609375,19286.9296875,19286.9296875,7414760000
2025-02-25,327.0199890136719,328.8900146484375,297.25,302.79998779296875,302.79998779296875,134228800,19242.609375,19256.349609375,18871.51953125,19026.390625,19026.390625,7991440000
2025-02-26,303.7099914550781,309.0,288.0400085449219,290.79998779296875,290.79998779296875,100118300,19109.3203125,19286.01953125,18966.4609375,19075.259765625,19075.259765625,7034450000
2025-02-27,291.1600036621094,297.2300109863281,280.8800048828125,281.95001220703125,281.95001220703125,101748200,19212.359375,19242.689453125,18535.220703125,18544.419921875,18544.419921875,7700290000
2025-02-28,279.5,293.8800048828125,273.6000061035156,292.9800109863281,292.9800109863281,115697000,18477.169921875,18861.330078125,18372.990234375,18847.279296875,18847.279296875,8247520000
2025-03-03,300.3399963378906,303.94000244140625,277.29998779296875,284.6499938964844,284.6499938964844,115551400,18923.359375,18992.30078125,18216.630859375,18350.189453125,18350.189453125,8170140000
2025-03-04,270.92999267578125,284.3500061035156,261.8399963378906,272.0400085449219,272.0400085449219,126706600,18176.4296875,18589.490234375,17956.599609375,18285.16015625,18285.16015625,8469180000
2025-03-05,272.9200134277344,279.54998779296875,267.7099914550781,279.1000061035156,279.1000061035156,94042900,18312.970703125,18604.470703125,18144.73046875,18552.73046875,18552.73046875,7048430000
2025-03-06,272.05999755859375,272.6499938964844,260.0199890136719,263.45001220703125,263.45001220703125,98451600,18204.529296875,18439.240234375,17980.390625,18069.259765625,18069.259765625,7686200000
2025-03-07,259.32000732421875,266.25,250.72999572753903,262.6700134277344,262.6700134277344,102369600,18029.849609375,18243.580078125,17768.58984375,18196.220703125,18196.220703125,8135420000
2025-03-10,252.5399932861328,253.3699951171875,220.0,222.1499938964844,222.1499938964844,189076900,17840.3203125,17868.080078125,17291.8203125,17468.3203125,17468.3203125,8636040000
2025-03-11,225.30999755859375,237.05999755859375,217.02000427246097,230.5800018310547,230.5800018310547,174896400,17443.08984375,17687.400390625,17238.240234375,17436.099609375,17436.099609375,9177320000
2025-03-12,247.22000122070312,251.83999633789065,241.1000061035156,248.08999633789065,248.08999633789065,142215700,17711.41015625,17800.099609375,17436.26953125,17648.44921875,17648.44921875,7746430000
2025-03-13,248.1300048828125,248.2899932861328,232.6000061035156,240.67999267578125,240.67999267578125,114813500,17598.560546875,17621.91015625,17239.439453125,17303.009765625,17303.009765625,7147050000
2025-03-14,247.30999755859375,251.5800018310547,240.72999572753903,249.97999572753903,249.97999572753903,100242300,17523.30078125,17773.48046875,17491.080078125,17754.08984375,17754.08984375,7093850000
2025-03-17,245.05999755859375,245.3999938964844,232.8000030517578,238.0099945068359,238.0099945068359,111900600,17722.5390625,17925.939453125,17645.869140625,17808.66015625,17808.66015625,6306340000
2025-03-18,228.16000366210935,230.1000061035156,222.27999877929688,225.30999755859375,225.30999755859375,111477600,17662.5703125,17682.919921875,17431.669921875,17504.119140625,17504.119140625,6450530000
2025-03-19,231.61000061035156,241.41000366210935,229.1999969482422,235.86000061035156,235.86000061035156,111993800,17590.119140625,17917.5390625,17533.939453125,17750.7890625,17750.7890625,6302310000
2025-03-20,233.3500061035156,238.0,230.0500030517578,236.2599945068359,236.2599945068359,99028300,17586.060546875,17903.19921875,17576.8203125,17691.630859375,17691.630859375,6098330000
2025-03-21,234.9900054931641,249.52000427246097,234.5500030517578,248.7100067138672,248.7100067138672,132728700,17519.83984375,17798.060546875,17474.810546875,17784.05078125,17784.05078125,8837930000
2025-03-24,258.0799865722656,278.6400146484375,256.3299865722656,278.3900146484375,278.3900146484375,169079900,18046.189453125,18210.05078125,18030.6796875,18188.58984375,18188.58984375,6787790000
2025-03-25,283.6000061035156,288.20001220703125,271.2799987792969,288.1400146484375,288.1400146484375,150361500,18207.970703125,18281.130859375,18170.419921875,18271.859375,18271.859375,6475790000
2025-03-26,282.6600036621094,284.8999938964844,266.510009765625,272.05999755859375,272.05999755859375,153629800,18217.330078125,18236.55078125,17837.259765625,17899.01953125,17899.01953125,9091510000
2025-03-27,272.4800109863281,291.8500061035156,271.82000732421875,273.1300048828125,273.1300048828125,162572100,17811.240234375,17988.01953125,17743.80078125,17804.029296875,17804.029296875,8002470000
2025-03-28,275.5799865722656,276.1000061035156,260.57000732421875,263.54998779296875,263.54998779296875,123809400,17722.08984375,17763.279296875,17283.060546875,17322.990234375,17322.990234375,7015410000
2025-03-31,249.30999755859375,260.55999755859375,243.36000061035156,259.1600036621094,259.1600036621094,134008900,17045.439453125,17334.98046875,16854.369140625,17299.2890625,17299.2890625,8122180000
2025-04-01,263.79998779296875,277.45001220703125,259.25,268.4599914550781,268.4599914550781,146486900,17221.55078125,17506.58984375,17149.359375,17449.890625,17449.890625,7756540000
2025-04-02,254.6000061035156,284.989990234375,251.27000427246097,282.760009765625,282.760009765625,212787800,17207.009765625,17716.51953125,17181.26953125,17601.05078125,17601.05078125,9126630000
2025-04-03,265.2900085449219,276.29998779296875,261.510009765625,267.2799987792969,267.2799987792969,136174300,16790.529296875,16889.33984375,16533.0390625,16550.609375,16550.609375,9461330000
2025-04-04,255.3800048828125,261.0,236.0,239.42999267578125,239.42999267578125,181229400,16045.599609375,16128.16015625,15575.6796875,15587.7900390625,15587.7900390625,11038180000
2025-04-07,223.77999877929688,252.0,214.25,233.2899932861328,233.2899932861328,183453800,14978.0302734375,16292.2802734375,14784.0302734375,15603.259765625,15603.259765625,12483580000
2025-04-08,245.0,250.44000244140625,217.8000030517578,221.86000061035156,221.86000061035156,171603500,16181.0400390625,16316.509765625,15053.3896484375,15267.91015625,15267.91015625,10496650000
2025-04-09,224.69000244140625,274.69000244140625,223.8800048828125,272.20001220703125,272.20001220703125,219433400,15295.4404296875,17202.939453125,15270.2802734375,17124.970703125,17124.970703125,13479740000
2025-04-10,260.0,262.489990234375,239.3300018310547,252.3999938964844,252.3999938964844,181722600,16635.44921875,16712.369140625,15894.26953125,16387.310546875,16387.310546875,11861670000
2025-04-11,251.83999633789065,257.739990234375,241.36000061035156,252.30999755859375,252.30999755859375,128948100,16358.5302734375,16753.41015625,16228.0400390625,16724.4609375,16724.4609375,9444890000
2025-04-14,258.3599853515625,261.79998779296875,245.92999267578125,252.3500061035156,252.3500061035156,100135200,17120.439453125,17136.560546875,16661.259765625,16831.48046875,16831.48046875,9667260000
2025-04-15,249.91000366210935,258.75,247.5399932861328,254.11000061035156,254.11000061035156,79594300,16842.390625,16979.9609375,16753.220703125,16823.169921875,16823.169921875,7483050000
2025-04-16,247.61000061035156,251.97000122070312,233.88999938964844,241.5500030517578,241.5500030517578,112378700,16499.689453125,16600.369140625,16066.4599609375,16307.16015625,16307.16015625,7909190000
2025-04-17,243.47000122070312,244.33999633789065,237.67999267578125,241.3699951171875,241.3699951171875,83404800,16399.970703125,16408.509765625,16181.169921875,16286.4501953125,16286.4501953125,7046290000
2025-04-21,230.2599945068359,232.2100067138672,222.7899932861328,227.5,227.5,97768000,16052.759765625,16066.7900390625,15685.330078125,15870.900390625,15870.900390625,6678730000
2025-04-22,230.9600067138672,242.7899932861328,229.8500061035156,237.97000122070312,237.97000122070312,120858500,16079.9404296875,16410.560546875,16038.73046875,16300.419921875,16300.419921875,6981900000
2025-04-23,254.86000061035156,259.45001220703125,244.42999267578125,250.7400054931641,250.7400054931641,150381900,16880.2890625,17029.859375,16642.66015625,16708.05078125,16708.05078125,8564870000
2025-04-24,250.5,259.5400085449219,249.1999969482422,259.510009765625,259.510009765625,94464200,16754.759765625,17174.349609375,16744.970703125,17166.0390625,17166.0390625,7607400000
2025-04-25,261.69000244140625,286.8500061035156,259.6300048828125,284.95001220703125,284.95001220703125,167560700,17182.109375,17404.490234375,17110.720703125,17382.939453125,17382.939453125,7412930000
2025-04-28,288.9800109863281,294.8599853515625,272.4200134277344,285.8800048828125,285.8800048828125,151731800,17390.9296875,17467.349609375,17128.7109375,17366.130859375,17366.130859375,10313290000
2025-04-29,285.5,293.32000732421875,279.4700012207031,292.0299987792969,292.0299987792969,108906600,17270.759765625,17500.419921875,17256.19921875,17461.3203125,17461.3203125,13001930000
2025-04-30,279.8999938964844,284.45001220703125,270.7799987792969,282.1600036621094,282.1600036621094,128961100,17099.98046875,17483.8203125,16959.529296875,17446.33984375,17446.33984375,8595330000
2025-05-01,280.010009765625,290.8699951171875,279.80999755859375,280.5199890136719,280.5199890136719,99659000,17793.140625,17922.830078125,17688.109375,17710.740234375,17710.740234375,8409690000
2025-05-02,284.8999938964844,294.7799987792969,279.80999755859375,287.2099914550781,287.2099914550781,114454700,17868.759765625,18048.830078125,17812.0390625,17977.73046875,17977.73046875,8180190000
2025-05-05,284.57000732421875,284.8500061035156,274.3999938964844,280.260009765625,280.260009765625,94618900,17817.009765625,17965.640625,17792.080078125,17844.240234375,17844.240234375,7075320000
2025-05-06,273.1099853515625,277.7300109863281,271.3500061035156,275.3500061035156,275.3500061035156,76715800,17623.2109375,17830.349609375,17592.880859375,17689.66015625,17689.66015625,6958220000
2025-05-07,276.8800048828125,277.9200134277344,271.0,276.2200012207031,276.2200012207031,71592600,17706.830078125,17820.2890625,17503.009765625,17738.16015625,17738.16015625,7977870000
2025-05-08,279.6300048828125,289.79998779296875,279.4100036621094,284.82000732421875,284.82000732421875,97539400,17920.150390625,18096.0,17776.0,17928.140625,17928.140625,8500390000
2025-05-09,290.2099914550781,307.0400085449219,290.0,298.260009765625,298.260009765625,132387800,18022.55078125,18068.900390625,17853.83984375,17928.919921875,17928.919921875,8835140000
2025-05-12,321.989990234375,322.2099914550781,311.5,318.3800048828125,318.3800048828125,112826700,18674.560546875,18710.220703125,18472.7109375,18708.33984375,18708.33984375,10717670000
2025-05-13,320.0,337.5899963378906,316.79998779296875,334.07000732421875,334.07000732421875,136992600,18761.23046875,19065.9609375,18745.5,19010.08984375,19010.08984375,9242230000
2025-05-14,342.5,350.0,337.0,347.67999267578125,347.67999267578125,136997300,19074.720703125,19174.55078125,19023.609375,19146.810546875,19146.810546875,11744820000
2025-05-15,340.3399963378906,346.1400146484375,334.7200012207031,342.82000732421875,342.82000732421875,97882600,19031.240234375,19207.220703125,18967.779296875,19112.3203125,19112.3203125,10546350000
2025-05-16,346.239990234375,351.6199951171875,342.3299865722656,349.9800109863281,349.9800109863281,95895700,19151.5390625,19213.419921875,19038.48046875,19211.099609375,19211.099609375,10509820000
2025-05-19,336.29998779296875,343.0,333.3699951171875,342.0899963378906,342.0899963378906,88869900,18937.419921875,19227.220703125,18937.419921875,19215.4609375,19215.4609375,13080030000
2025-05-20,347.8699951171875,354.989990234375,341.6300048828125,343.82000732421875,343.82000732421875,131715500,19132.060546875,19186.689453125,19015.630859375,19142.7109375,19142.7109375,9047100000
2025-05-21,344.42999267578125,347.3500061035156,332.20001220703125,334.6199951171875,334.6199951171875,102354800,19002.939453125,19241.41015625,18799.19921875,18872.640625,18872.640625,11112460000
2025-05-22,331.8999938964844,347.2699890136719,331.3900146484375,341.0400085449219,341.0400085449219,97113400,18888.05078125,19061.109375,18840.33984375,18925.740234375,18925.740234375,8289710000
2025-05-23,337.9200134277344,343.17999267578125,333.2099914550781,339.3399963378906,339.3399963378906,84654800,18622.380859375,18841.51953125,18599.689453125,18737.2109375,18737.2109375,8730370000
2025-05-27,347.3500061035156,363.7900085449219,347.32000732421875,362.8900146484375,362.8900146484375,120146400,19014.439453125,19210.94921875,18961.689453125,19199.16015625,19199.16015625,8927760000
2025-05-28,364.8399963378906,365.0,355.9100036621094,356.8999938964844,356.8999938964844,91404300,19232.619140625,19276.830078125,19084.380859375,19100.939453125,19100.939453125,8087530000
2025-05-29,365.2900085449219,367.7099914550781,356.0,358.42999267578125,358.42999267578125,88087800,19389.390625,19389.390625,19091.5390625,19175.869140625,19175.869140625,11016850000
2025-05-30,355.5199890136719,363.6799926757813,345.2900085449219,346.4599914550781,346.4599914550781,123474900,19131.220703125,19157.779296875,18847.740234375,19113.76953125,19113.76953125,9042260000
2025-06-02,343.5,348.0199890136719,333.3299865722656,342.69000244140625,342.69000244140625,81873800,19063.060546875,19252.7109375,18985.30078125,19242.609375,19242.609375,7779940000
2025-06-03,346.6000061035156,355.3999938964844,343.0400085449219,344.2699890136719,344.2699890136719,99324500,19288.66015625,19459.279296875,19224.69921875,19398.9609375,19398.9609375,7990230000
2025-06-04,345.1000061035156,345.6000061035156,327.3299865722656,332.04998779296875,332.04998779296875,98912100,19434.939453125,19493.44921875,19359.08984375,19460.490234375,19460.490234375,7695660000
2025-06-05,322.489990234375,324.54998779296875,273.2099914550781,284.70001220703125,284.70001220703125,287499800,19518.19921875,19610.509765625,19226.220703125,19298.44921875,19298.44921875,8782360000
2025-06-06,298.8299865722656,305.5,291.1400146484375,295.1400146484375,295.1400146484375,164747700,19526.990234375,19593.1796875,19464.83984375,19529.94921875,19529.94921875,7291590000
2025-06-09,285.9599914550781,309.8299865722656,281.8500061035156,308.5799865722656,308.5799865722656,140908900,19573.140625,19637.560546875,19531.099609375,19591.240234375,19591.240234375,9538700000
2025-06-10,314.94000244140625,327.8299865722656,310.6700134277344,326.0899963378906,326.0899963378906,151256500,19620.109375,19730.380859375,19539.08984375,19714.990234375,19714.990234375,11221560000
2025-06-11,334.3999938964844,335.5,322.5,326.42999267578125,326.42999267578125,122611400,19779.359375,19800.4609375,19551.349609375,19615.880859375,19615.880859375,10214190000
2025-06-12,323.0799865722656,332.55999755859375,316.8599853515625,319.1099853515625,319.1099853515625,105127500,19578.869140625,19690.609375,19553.560546875,19662.490234375,19662.490234375,16308730000
2025-06-13,313.9700012207031,332.989990234375,313.29998779296875,325.30999755859375,325.30999755859375,128964300,19450.9296875,19591.869140625,19367.419921875,19406.830078125,19406.830078125,9001850000
2025-06-16,331.2900085449219,332.04998779296875,326.4100036621094,329.1300048828125,329.1300048828125,83925900,19550.75,19733.310546875,19550.75,19701.2109375,19701.2109375,9619130000
2025-06-17,326.0899963378906,327.260009765625,314.739990234375,316.3500061035156,316.3500061035156,88282700,19627.080078125,19666.560546875,19485.439453125,19521.08984375,19521.08984375,8519930000
2025-06-18,317.30999755859375,329.32000732421875,315.45001220703125,322.04998779296875,322.04998779296875,95137700,19526.919921875,19660.76953125,19489.560546875,19546.26953125,19546.26953125,7818790000
2025-06-20,327.95001220703125,332.3599853515625,317.7799987792969,322.1600036621094,322.1600036621094,108688000,19639.41015625,19696.109375,19380.580078125,19447.41015625,19447.41015625,9969140000
2025-06-23,327.5400085449219,357.5400085449219,327.4800109863281,348.67999267578125,348.67999267578125,190716800,19427.009765625,19643.69921875,19334.98046875,19630.970703125,19630.970703125,9088000000
2025-06-24,356.1700134277344,356.260009765625,340.44000244140625,340.4700012207031,340.4700012207031,114736200,19809.619140625,19946.720703125,19795.2890625,19912.529296875,19912.529296875,8330090000
2025-06-25,342.70001220703125,343.0,320.3999938964844,327.54998779296875,327.54998779296875,119845100,20013.94921875,20052.779296875,19918.080078125,19973.55078125,19973.55078125,8256120000
2025-06-26,324.6099853515625,331.04998779296875,323.6099853515625,325.7799987792969,325.7799987792969,80440900,20062.189453125,20187.150390625,19982.48046875,20167.91015625,20167.91015625,8383380000
2025-06-27,324.510009765625,329.3399963378906,317.5,323.6300048828125,323.6300048828125,89067000,20217.259765625,20311.509765625,20095.05078125,20273.4609375,20273.4609375,10951070000
2025-06-30,319.8999938964844,325.5799865722656,316.6000061035156,317.6600036621094,317.6600036621094,76695100,20360.150390625,20418.310546875,20266.359375,20369.73046875,20369.73046875,8220420000
2025-07-01,298.4599914550781,305.8900146484375,293.2099914550781,300.7099914550781,300.7099914550781,145085700,20290.609375,20339.05078125,20105.41015625,20202.890625,20202.890625,8631710000
2025-07-02,312.6300048828125,316.8299865722656,303.82000732421875,315.6499938964844,315.6499938964844,119483700,20184.369140625,20397.220703125,20181.740234375,20393.130859375,20393.130859375,8378750000
2025-07-03,317.989990234375,318.45001220703125,312.760009765625,315.3500061035156,315.3500061035156,58042300,20497.66015625,20624.509765625,20480.220703125,20601.099609375,20601.099609375,6177910000
2025-07-07,291.3699951171875,296.1499938964844,288.7699890136719,293.94000244140625,293.94000244140625,131177900,20490.55078125,20511.8203125,20323.01953125,20412.51953125,20412.51953125,8345710000
2025-07-08,297.0,304.04998779296875,294.3500061035156,297.80999755859375,297.80999755859375,103246700,20466.9296875,20480.890625,20377.359375,20418.4609375,20418.4609375,8437480000
2025-07-09,297.54998779296875,300.1499938964844,293.54998779296875,295.8800048828125,295.8800048828125,75586800,20522.08984375,20645.41015625,20486.380859375,20611.33984375,20611.33984375,9978310000
2025-07-10,300.04998779296875,310.4800109863281,300.0,309.8699951171875,309.8699951171875,104365300,20636.48046875,20655.390625,20495.140625,20630.66015625,20630.66015625,9781380000
2025-07-11,307.8900146484375,314.0899963378906,305.6499938964844,313.510009765625,313.510009765625,79236400,20562.880859375,20647.970703125,20509.75,20585.529296875,20585.529296875,8135800000
2025-07-14,317.7300109863281,322.6000061035156,312.6700134277344,316.8999938964844,316.8999938964844,78043400,20592.560546875,20672.33984375,20492.630859375,20640.330078125,20640.330078125,8010060000
2025-07-15,319.67999267578125,321.20001220703125,310.5,310.7799987792969,310.7799987792969,77556300,20822.759765625,20836.0390625,20670.580078125,20677.80078125,20677.80078125,8399060000
2025-07-16,312.79998779296875,323.5,312.6199951171875,321.6700134277344,321.6700134277344,97284800,20717.810546875,20751.05078125,20507.060546875,20730.490234375,20730.490234375,9056640000
2025-07-17,323.1499938964844,324.3399963378906,317.05999755859375,319.4100036621094,319.4100036621094,73922900,20760.3203125,20911.830078125,20735.55078125,20885.650390625,20885.650390625,9994550000
2025-07-18,321.6600036621094,330.8999938964844,321.4200134277344,329.6499938964844,329.6499938964844,94255000,20959.5703125,20980.560546875,20846.119140625,20895.650390625,20895.650390625,9354580000
2025-07-21,334.3999938964844,338.0,326.8800048828125,328.489990234375,328.489990234375,75768800,20960.330078125,21077.369140625,20957.439453125,20974.1796875,20974.1796875,12046970000
2025-07-22,329.739990234375,335.4100036621094,321.54998779296875,332.1099853515625,332.1099853515625,77370400,20982.2109375,20985.33984375,20750.900390625,20892.689453125,20892.689453125,10583710000
2025-07-23,330.8999938964844,336.20001220703125,328.6700134277344,332.55999755859375,332.55999755859375,92553800,20966.470703125,21023.849609375,20870.669921875,21020.01953125,21020.01953125,10972770000
2025-07-24,310.0,310.1499938964844,300.4100036621094,305.29998779296875,305.29998779296875,156966000,21083.8203125,21113.099609375,21001.6796875,21057.9609375,21057.9609375,12741070000
2025-07-25,308.739990234375,323.6300048828125,308.010009765625,316.05999755859375,316.05999755859375,148227000,21059.939453125,21159.80078125,21036.849609375,21108.3203125,21108.3203125,11028310000
2025-07-28,318.45001220703125,330.489990234375,315.69000244140625,325.5899963378906,325.5899963378906,112673800,21176.400390625,21202.1796875,21122.119140625,21178.580078125,21178.580078125,10612580000
2025-07-29,325.54998779296875,326.25,318.25,321.20001220703125,321.20001220703125,87358900,21286.720703125,21303.9609375,21081.689453125,21098.2890625,21098.2890625,10040610000
2025-07-30,322.17999267578125,324.45001220703125,311.6199951171875,319.0400085449219,319.0400085449219,83931900,21140.400390625,21230.880859375,21016.919921875,21129.669921875,21129.669921875,9311770000
2025-07-31,319.6099853515625,321.3699951171875,306.1000061035156,308.2699890136719,308.2699890136719,85270900,21457.48046875,21457.48046875,21078.669921875,21122.44921875,21122.44921875,9917220000
2025-08-01,306.2099914550781,309.30999755859375,297.82000732421875,302.6300048828125,302.6300048828125,89121400,20830.640625,20865.630859375,20560.169921875,20650.130859375,20650.130859375,9667420000
2025-08-04,309.0799865722656,312.1199951171875,303.0,309.260009765625,309.260009765625,78683900,20853.91015625,21055.240234375,20833.859375,21053.580078125,21053.580078125,7355970000
2025-08-05,308.95001220703125,312.45001220703125,305.5,308.7200012207031,308.7200012207031,57961300,21092.099609375,21138.720703125,20893.2890625,20916.55078125,20916.55078125,7982940000
2025-08-06,307.8900146484375,320.4700012207031,306.92999267578125,319.9100036621094,319.9100036621094,78523600,20955.220703125,21183.880859375,20937.490234375,21169.419921875,21169.419921875,8580020000
2025-08-07,319.7900085449219,322.3999938964844,316.1600036621094,322.2699890136719,322.2699890136719,66658700,21325.009765625,21408.150390625,21090.05078125,21242.69921875,21242.69921875,8979190000
2025-08-08,321.42999267578125,335.1499938964844,320.9800109863281,329.6499938964844,329.6499938964844,91200300,21316.369140625,21464.529296875,21284.970703125,21450.01953125,21450.01953125,8669200000
2025-08-11,335.0,346.6400146484375,334.1499938964844,339.0299987792969,339.0299987792969,105320200,21459.650390625,21549.73046875,21346.619140625,21385.400390625,21385.400390625,9099730000
2025-08-12,345.0,345.260009765625,332.94000244140625,340.8399963378906,340.8399963378906,80522100,21507.439453125,21689.6796875,21386.25,21681.900390625,21681.900390625,8382820000
2025-08-13,341.5,348.9800109863281,338.20001220703125,339.3800048828125,339.3800048828125,67838900,21764.55078125,21803.75,21645.140625,21713.140625,21713.140625,8763080000
2025-08-14,335.760009765625,340.4700012207031,330.3999938964844,335.5799865722656,335.5799865722656,75000700,21649.2109375,21766.2890625,21627.130859375,21710.669921875,21710.669921875,9110860000
2025-08-15,337.6600036621094,339.29998779296875,327.0199890136719,330.55999755859375,330.55999755859375,74319800,21709.33984375,21716.1796875,21567.4609375,21622.98046875,21622.98046875,8158830000
2025-08-18,329.6199951171875,336.2699890136719,329.5899963378906,335.1600036621094,335.1600036621094,56956600,21616.8203125,21651.5,21559.330078125,21629.76953125,21629.76953125,8260970000
2025-08-19,335.7900085449219,340.54998779296875,327.8500061035156,329.30999755859375,329.30999755859375,75956000,21607.44921875,21610.240234375,21277.7109375,21314.94921875,21314.94921875,8461660000
2025-08-20,329.2200012207031,331.3699951171875,314.6000061035156,323.8999938964844,323.8999938964844,77481800,21269.669921875,21269.669921875,20905.990234375,21172.859375,21172.859375,7810310000
2025-08-21,322.0799865722656,324.8999938964844,318.67999267578125,320.1099853515625,320.1099853515625,55744400,21112.51953125,21198.759765625,21013.529296875,21100.310546875,21100.310546875,6530580000
2025-08-22,321.6600036621094,340.25,319.69000244140625,340.010009765625,340.010009765625,94016300,21139.830078125,21545.4296875,21092.359375,21496.5390625,21496.5390625,9401300000
2025-08-25,338.8999938964844,349.5299987792969,335.0299987792969,346.6000061035156,346.6000061035156,86670000,21466.470703125,21572.1796875,21400.08984375,21449.2890625,21449.2890625,8443200000
2025-08-26,344.92999267578125,351.8999938964844,343.7200012207031,351.6700134277344,351.6700134277344,76651600,21443.630859375,21550.9296875,21389.099609375,21544.26953125,21544.26953125,9087930000
2025-08-27,351.94000244140625,355.3900146484375,349.1600036621094,349.6000061035156,349.6000061035156,65519000,21526.330078125,21616.169921875,21476.30078125,21590.140625,21590.140625,8040510000
2025-08-28,350.9100036621094,353.54998779296875,340.260009765625,345.9800109863281,345.9800109863281,67903200,21619.26953125,21742.4609375,21534.939453125,21705.16015625,21705.16015625,7807080000
2025-08-29,347.2300109863281,348.75,331.70001220703125,333.8699951171875,333.8699951171875,81145700,21630.330078125,21631.150390625,21397.98046875,21455.55078125,21455.55078125,7715430000
2025-09-02,328.2300109863281,333.3299865722656,325.6000061035156,329.3599853515625,329.3599853515625,58392000,21086.5703125,21293.689453125,21033.05078125,21279.630859375,21279.630859375,8183410000
2025-09-03,335.20001220703125,343.3299865722656,328.510009765625,334.0899963378906,334.0899963378906,88733300,21461.630859375,21553.98046875,21370.98046875,21497.73046875,21497.73046875,7488290000
2025-09-04,336.1499938964844,338.8900146484375,331.4800109863281,338.5299987792969,338.5299987792969,60711000,21539.91015625,21711.9609375,21469.400390625,21707.689453125,21707.689453125,7282150000
2025-09-05,348.0,355.8699951171875,344.67999267578125,350.8399963378906,350.8399963378906,108989800,21860.439453125,21878.810546875,21534.720703125,21700.390625,21700.390625,8413730000
2025-09-08,354.6400146484375,358.44000244140625,344.8399963378906,346.3999938964844,346.3999938964844,75208300,21806.220703125,21885.619140625,21776.240234375,21798.69921875,21798.69921875,8435850000
2025-09-09,348.44000244140625,350.7699890136719,343.82000732421875,346.9700012207031,346.9700012207031,53816000,21858.169921875,21891.419921875,21731.48046875,21879.490234375,21879.490234375,7877410000
2025-09-10,350.54998779296875,356.3299865722656,346.07000732421875,347.7900085449219,347.7900085449219,72121700,21980.599609375,22000.970703125,21810.83984375,21886.060546875,21886.060546875,9090550000
2025-09-11,350.1700134277344,368.989990234375,347.6000061035156,368.80999755859375,368.80999755859375,103756000,21977.51953125,22059.7109375,21908.810546875,22043.0703125,22043.0703125,10025020000
2025-09-12,370.94000244140625,396.69000244140625,370.239990234375,395.94000244140625,395.94000244140625,168156400,22078.630859375,22182.33984375,22031.619140625,22141.099609375,22141.099609375,9023140000
2025-09-15,423.1300048828125,425.7000122070313,402.4299926757813,410.0400085449219,410.0400085449219,163823700,22243.19921875,22352.25,22233.0,22348.75,22348.75,8904030000
2025-09-16,414.5,423.25,411.4299926757813,421.6199951171875,421.6199951171875,104285700,22397.5,22397.5,22308.779296875,22333.9609375,22333.9609375,8592240000
2025-09-17,415.75,428.30999755859375,409.6700134277344,425.8599853515625,425.8599853515625,106133500,22333.01953125,22339.5390625,22058.919921875,22261.330078125,22261.330078125,9325980000
2025-09-18,428.8699951171875,432.2200012207031,416.55999755859375,416.8500061035156,416.8500061035156,90454500,22439.109375,22540.9296875,22358.48046875,22470.720703125,22470.720703125,10478450000
2025-09-19,421.8200073242187,429.4700012207031,421.7200012207031,426.0700073242187,426.0700073242187,93131000,22554.310546875,22645.109375,22497.7109375,22631.48046875,22631.48046875,14632360000
2025-09-22,431.1099853515625,444.9800109863281,429.1300048828125,434.2099914550781,434.2099914550781,97108800,22606.58984375,22801.900390625,22590.859375,22788.98046875,22788.98046875,9736270000
2025-09-23,439.8800048828125,440.9700012207031,423.7200012207031,425.8500061035156,425.8500061035156,83422700,22782.720703125,22785.130859375,22539.0390625,22573.470703125,22573.470703125,9822620000
2025-09-24,429.8299865722656,444.2099914550781,429.0299987792969,442.7900085449219,442.7900085449219,93133600,22656.01953125,22657.44921875,22397.0,22497.859375,22497.859375,9184030000
2025-09-25,435.239990234375,435.3500061035156,419.0799865722656,423.3900146484375,423.3900146484375,96746400,22318.76953125,22456.779296875,22185.869140625,22384.69921875,22384.69921875,9960330000
2025-09-26,428.2999877929687,440.4700012207031,421.0199890136719,440.3999938964844,440.3999938964844,101628200,22403.26953125,22488.1796875,22285.439453125,22484.0703125,22484.0703125,8488400000
2025-09-29,444.3500061035156,450.9800109863281,439.5,443.2099914550781,443.2099914550781,79491500,22605.30078125,22704.900390625,22536.05078125,22591.150390625,22591.150390625,9046720000
2025-09-30,441.5199890136719,445.0,433.1199951171875,444.7200012207031,444.7200012207031,74358000,22580.359375,22671.390625,22493.9609375,22660.009765625,22660.009765625,8928070000
2025-10-01,443.7999877929687,462.2900085449219,440.75,459.4599914550781,459.4599914550781,98122300,22530.94921875,22782.580078125,22516.740234375,22755.16015625,22755.16015625,10043980000
2025-10-02,470.5400085449219,470.75,435.5700073242187,436.0,436.0,137009000,22885.900390625,22900.599609375,22729.75,22844.05078125,22844.05078125,9633200000
2025-10-03,443.2900085449219,446.7699890136719,416.5799865722656,429.8299865722656,429.8299865722656,133188200,22886.16015625,22925.4296875,22695.8203125,22780.509765625,22780.509765625,10515730000
2025-10-06,440.75,453.5499877929687,436.69000244140625,453.25,453.25,85324900,22894.349609375,22991.720703125,22827.560546875,22941.669921875,22941.669921875,10468830000
2025-10-07,447.8200073242187,452.6799926757813,432.4500122070313,433.0899963378906,433.0899963378906,102296100,22972.369140625,23006.0703125,22718.759765625,22788.359375,22788.359375,10375920000
2025-10-08,437.5700073242187,441.3299865722656,425.2300109863281,438.69000244140625,438.69000244140625,71192100,22852.3203125,23045.140625,22845.419921875,23043.380859375,23043.380859375,10925520000
2025-10-09,431.80999755859375,436.3500061035156,426.1799926757813,435.5400085449219,435.5400085449219,69339900,23045.330078125,23062.619140625,22899.16015625,23024.630859375,23024.630859375,10713200000
2025-10-10,436.5400085449219,443.1300048828125,411.4500122070313,413.489990234375,413.489990234375,112107900,23043.51953125,23119.91015625,22193.0703125,22204.4296875,22204.4296875,11635030000
2025-10-13,423.5299987792969,436.8900146484375,419.7000122070313,435.8999938964844,435.8999938964844,79552800,22578.669921875,22718.75,22499.490234375,22694.609375,22694.609375,9018770000
2025-10-14,426.7900085449219,434.2000122070313,417.8599853515625,429.239990234375,429.239990234375,72669400,22388.0390625,22691.0703125,22213.73046875,22521.69921875,22521.69921875,9776720000
2025-10-15,434.8999938964844,440.510009765625,426.3299865722656,435.1499938964844,435.1499938964844,71558200,22738.5,22841.689453125,22427.7890625,22670.080078125,22670.080078125,11374850000
2025-10-16,434.7300109863281,439.3500061035156,421.30999755859375,428.75,428.75,77189900,22764.400390625,22886.869140625,22404.689453125,22562.5390625,22562.5390625,11343620000
2025-10-17,425.5,441.4599914550781,423.6000061035156,439.30999755859375,439.30999755859375,89331600,22489.810546875,22736.009765625,22396.650390625,22679.970703125,22679.970703125,9552150000
2025-10-20,443.8699951171875,449.7999877929687,440.6099853515625,447.4299926757813,447.4299926757813,63719000,22844.8203125,23031.869140625,22841.0,22990.5390625,22990.5390625,9440620000
2025-10-21,445.760009765625,449.2999877929687,442.0499877929687,442.6000061035156,442.6000061035156,54412200,22984.55078125,23010.349609375,22894.419921875,22953.669921875,22953.669921875,10845130000
2025-10-22,443.4500122070313,445.5400085449219,429.0,438.9700012207031,438.9700012207031,84023500,22940.7890625,22978.400390625,22514.080078125,22740.400390625,22740.400390625,14361150000
2025-10-23,420.0,449.3999938964844,413.8999938964844,448.9800109863281,448.9800109863281,126709800,22751.330078125,22983.4609375,22732.1796875,22941.80078125,22941.80078125,10363600000
2025-10-24,446.8299865722656,451.6799926757813,430.1700134277344,433.7200012207031,433.7200012207031,94727800,23143.23046875,23261.259765625,23127.9609375,23204.869140625,23204.869140625,10308620000
2025-10-27,439.9800109863281,460.1600036621094,438.69000244140625,452.4200134277344,452.4200134277344,105867500,23537.3203125,23658.66015625,23493.9609375,23637.4609375,23637.4609375,10757830000
2025-10-28,454.7799987792969,467.0,451.6000061035156,460.5499877929687,460.5499877929687,80185700,23766.4609375,23901.359375,23675.189453125,23827.490234375,23827.490234375,10640830000
2025-10-29,462.5,465.7000122070313,452.6499938964844,461.510009765625,461.510009765625,67983500,23987.2890625,24019.990234375,23763.990234375,23958.470703125,23958.470703125,10089540000
2025-10-30,451.0499877929687,455.05999755859375,439.6099853515625,440.1000061035156,440.1000061035156,72447900,23793.080078125,23846.130859375,23578.470703125,23581.140625,23581.140625,10564160000
2025-10-31,446.75,458.0,443.69000244140625,456.55999755859375,456.55999755859375,83135800,23941.779296875,23946.23046875,23628.8203125,23724.9609375,23724.9609375,10909250000
2025-11-03,455.989990234375,474.0700073242187,453.7999877929687,468.3699951171875,468.3699951171875,84595200,23951.91015625,23976.83984375,23764.869140625,23834.720703125,23834.720703125,10360170000
2025-11-04,454.4599914550781,460.2200012207031,443.6000061035156,444.260009765625,444.260009765625,87756600,23458.2109375,23644.150390625,23333.3203125,23348.640625,23348.640625,10227700000
2025-11-05,452.0499877929687,466.3299865722656,440.7099914550781,462.0700073242187,462.0700073242187,85573000,23358.0703125,23636.529296875,23286.869140625,23499.80078125,23499.80078125,10026890000
2025-11-06,461.9599914550781,467.4500122070313,435.0899963378906,445.9100036621094,445.9100036621094,109622900,23461.2890625,23469.55078125,23011.060546875,23053.990234375,23053.990234375,11085130000
2025-11-07,437.9200134277344,439.3599853515625,421.8800048828125,429.5199890136719,429.5199890136719,103471500,22892.919921875,23009.91015625,22563.419921875,23004.5390625,23004.5390625,10141910000
2025-11-10,439.6000061035156,449.6700134277344,433.3599853515625,445.2300109863281,445.2300109863281,76515900,23354.849609375,23569.619140625,23290.05078125,23527.169921875,23527.169921875,9297320000
2025-11-11,439.3999938964844,442.489990234375,432.3599853515625,439.6199951171875,439.6199951171875,60533200,23407.720703125,23508.439453125,23315.279296875,23468.30078125,23468.30078125,7756810000
2025-11-12,442.1499938964844,442.3299865722656,426.55999755859375,430.6000061035156,430.6000061035156,58513500,23563.83984375,23564.08984375,23278.30078125,23406.4609375,23406.4609375,8449920000
2025-11-13,423.1300048828125,424.5,396.3399963378906,401.989990234375,401.989990234375,118948000,23262.640625,23264.26953125,22796.0703125,22870.359375,22870.359375,11351410000
2025-11-14,386.2999877929687,412.19000244140625,382.7799987792969,404.3500061035156,404.3500061035156,105506700,22544.720703125,23073.1796875,22436.7890625,22900.58984375,22900.58984375,10841540000
2025-11-17,398.739990234375,423.9599914550781,398.739990234375,408.9200134277344,408.9200134277344,102214300,22788.3203125,23044.55078125,22559.509765625,22708.0703125,22708.0703125,9744800000
2025-11-18,405.3800048828125,408.8999938964844,393.7099914550781,401.25,401.25,80688600,22565.900390625,22643.009765625,22231.150390625,22432.849609375,22432.849609375,8606260000
2025-11-19,406.1799926757813,411.7799987792969,398.5,403.989990234375,403.989990234375,72047700,22459.26953125,22821.240234375,22385.220703125,22564.23046875,22564.23046875,8434200000
2025-11-20,414.6300048828125,428.94000244140625,394.739990234375,395.2300109863281,395.2300109863281,113548800,23057.0,23147.330078125,22043.19921875,22078.05078125,22078.05078125,10548620000
2025-11-21,402.3200073242187,402.7999877929687,383.760009765625,391.0899963378906,391.0899963378906,100460600,22162.830078125,22531.83984375,21898.2890625,22273.080078125,22273.080078125,9931240000
2025-11-24,402.1700134277344,421.7200012207031,401.0899963378906,417.7799987792969,417.7799987792969,96806400,22482.16015625,22916.400390625,22478.26953125,22872.009765625,22872.009765625,9232160000
2025-11-25,414.4200134277344,420.4800109863281,405.9500122070313,419.3999938964844,419.3999938964844,71915600,22802.849609375,23070.08984375,22587.109375,23025.58984375,23025.58984375,8498500000
2025-11-26,423.9500122070313,426.94000244140625,416.8900146484375,426.5799865722656,426.5799865722656,63463000,23163.189453125,23280.580078125,23074.390625,23214.689453125,23214.689453125,7291400000
2025-11-28,426.5899963378906,432.9299926757813,426.2000122070313,430.1700134277344,430.1700134277344,36252900,23291.58984375,23365.7890625,23250.509765625,23365.689453125,23365.689453125,4541070000
2025-12-01,425.3200073242187,433.6600036621094,425.2900085449219,430.1400146484375,430.1400146484375,57463600,23172.33984375,23363.849609375,23110.2109375,23275.919921875,23275.919921875,7859560000
2025-12-02,430.80999755859375,436.7999877929687,422.1199951171875,429.239990234375,429.239990234375,69336600,23379.75,23526.23046875,23286.4609375,23413.669921875,23413.669921875,7588580000
2025-12-03,432.1000061035156,447.9200134277344,431.1099853515625,446.739990234375,446.739990234375,87483000,23315.580078125,23499.9296875,23271.830078125,23454.08984375,23454.08984375,7962730000
2025-12-04,449.94000244140625,454.6300048828125,445.3900146484375,454.5299987792969,454.5299987792969,71906500,23527.30078125,23528.529296875,23372.330078125,23505.140625,23505.140625,7456860000
2025-12-05,453.0299987792969,458.8699951171875,451.6600036621094,455.0,455.0,56427500,23567.76953125,23680.029296875,23506.0,23578.130859375,23578.130859375,8248280000
2025-12-08,447.4500122070313,449.75,435.25,439.5799865722656,439.5799865722656,69165800,23638.220703125,23698.9296875,23455.05078125,23545.900390625,23545.900390625,8533670000
2025-12-09,437.5400085449219,452.3900146484375,435.7000122070313,445.1700134277344,445.1700134277344,62367400,23504.609375,23616.4609375,23449.73046875,23576.490234375,23576.490234375,7192600000
2025-12-10,446.0700073242187,456.8800048828125,443.6099853515625,451.4500122070313,451.4500122070313,63257500,23536.0,23704.080078125,23435.169921875,23654.150390625,23654.150390625,7987900000
2025-12-11,448.9500122070313,449.2699890136719,440.3299865722656,446.8900146484375,446.8900146484375,55979500,23509.220703125,23606.69921875,23308.94921875,23593.859375,23593.859375,8337770000
2025-12-12,448.0899963378906,463.010009765625,441.6700134277344,458.9599914550781,458.9599914550781,95656700,23488.869140625,23554.890625,23094.509765625,23195.169921875,23195.169921875,8724070000
2025-12-15,469.44000244140625,481.7699890136719,467.6600036621094,475.30999755859375,475.30999755859375,114542200,23330.0390625,23345.560546875,23012.0,23057.41015625,23057.41015625,8649240000
2025-12-16,472.2099914550781,491.5,465.8299865722656,489.8800048828125,489.8800048828125,107608100,22981.8203125,23162.599609375,22920.66015625,23111.4609375,23111.4609375,7759960000
2025-12-17,488.2200012207031,495.2799987792969,466.2000122070313,467.260009765625,467.260009765625,106490400,23135.609375,23159.19921875,22692.0,22693.3203125,22693.3203125,8616140000
2025-12-18,478.1600036621094,490.8599853515625,473.1199951171875,483.3699951171875,483.3699951171875,95168400,23012.060546875,23149.609375,22906.23046875,23006.359375,23006.359375,7977920000
2025-12-19,488.1199951171875,490.489990234375,474.7200012207031,481.2000122070313,481.2000122070313,103305400,23121.900390625,23307.91015625,23106.189453125,23307.619140625,23307.619140625,12874560000
2025-12-22,489.8800048828125,498.8299865722656,485.3299865722656,488.7300109863281,488.7300109863281,86916100,23450.529296875,23476.5,23362.9296875,23428.830078125,23428.830078125,7244910000
2025-12-23,489.3999938964844,491.9700012207031,482.8399963378906,485.55999755859375,485.55999755859375,58223600,23407.69921875,23563.4609375,23377.490234375,23561.83984375,23561.83984375,7518190000
2025-12-24,488.4800109863281,490.8999938964844,476.7999877929687,485.3999938964844,485.3999938964844,41285400,23555.94921875,23621.720703125,23527.970703125,23613.310546875,23613.310546875,3885190000
2025-12-26,485.2300109863281,489.0899963378906,473.8200073242187,475.19000244140625,475.19000244140625,58780700,23645.91015625,23665.150390625,23567.859375,23593.099609375,23593.099609375,5170300000
2025-12-29,469.0,469.3999938964844,459.0,459.6400146484375,459.6400146484375,66263000,23414.6796875,23531.01953125,23397.51953125,23474.349609375,23474.349609375,6527530000
2025-12-30,461.0899963378906,463.1199951171875,453.8299865722656,454.4299926757813,454.4299926757813,59238500,23465.669921875,23521.05078125,23414.830078125,23419.080078125,23419.080078125,6769300000
2025-12-31,456.1000061035156,456.5499877929687,449.2999877929687,449.7200012207031,449.7200012207031,49078000,23420.849609375,23445.259765625,23237.779296875,23241.990234375,23241.990234375,5895130000
2026-01-02,457.7999877929687,458.3399963378906,435.2999877929687,438.0700073242187,438.0700073242187,85535400,23481.490234375,23585.9609375,23119.490234375,23235.630859375,23235.630859375,7331460000
2026-01-05,447.989990234375,457.5499877929687,444.5700073242187,451.6700134277344,451.6700134277344,67940800,23449.669921875,23476.509765625,23332.23046875,23395.8203125,23395.8203125,8737320000
2026-01-06,446.3800048828125,448.25,428.7799987792969,432.9599914550781,432.9599914550781,89093800,23446.9609375,23559.150390625,23389.5703125,23547.169921875,23547.169921875,9012640000
2026-01-07,435.8999938964844,438.3699951171875,431.2900085449219,431.4100036621094,431.4100036621094,59828800,23544.890625,23723.369140625,23504.2109375,23584.279296875,23584.279296875,8396920000
2026-01-08,427.8900146484375,436.8900146484375,424.3699951171875,435.7999877929687,435.7999877929687,57041100,23548.880859375,23558.169921875,23353.4609375,23480.01953125,23480.01953125,7723140000
2026-01-09,435.9500122070313,449.0499877929687,430.3900146484375,445.010009765625,445.010009765625,67331500,23496.2109375,23721.150390625,23426.48046875,23671.349609375,23671.349609375,8124420000
2026-01-12,441.2300109863281,454.2999877929687,438.0,448.9599914550781,448.9599914550781,61649600,23576.880859375,23804.0390625,23562.970703125,23733.900390625,23733.900390625,8707170000
2026-01-13,450.2000122070313,451.80999755859375,443.9500122070313,447.2000122070313,447.2000122070313,53719200,23735.119140625,23813.30078125,23607.58984375,23709.869140625,23709.869140625,9416400000
2026-01-14,442.80999755859375,443.9100036621094,434.2200012207031,439.2000122070313,439.2000122070313,57259500,23563.919921875,23590.19921875,23306.66015625,23471.75,23471.75,12165220000
2026-01-15,441.1300048828125,445.3599853515625,437.6499938964844,438.5700073242187,438.5700073242187,49465800,23693.970703125,23721.109375,23502.1796875,23530.01953125,23530.01953125,9740630000
2026-01-16,439.5,447.25,435.260009765625,437.5,437.5,60220600,23639.689453125,23664.259765625,23446.810546875,23515.390625,23515.390625,9514500000
2026-01-20,429.3599853515625,430.7300109863281,417.44000244140625,419.25,419.25,63187300,23142.689453125,23236.05078125,22916.830078125,22954.3203125,22954.3203125,9469480000
2026-01-21,421.6600036621094,438.2000122070313,419.6199951171875,431.44000244140625,431.44000244140625,68124000,23017.6796875,23383.240234375,22927.880859375,23224.8203125,23224.8203125,9162740000
2026-01-22,435.1600036621094,449.5,432.6300048828125,449.3599853515625,449.3599853515625,71546700,23440.7109375,23503.16015625,23335.150390625,23436.01953125,23436.01953125,9034850000
2026-01-23,447.4299926757813,452.4299926757813,444.0400085449219,449.05999755859375,449.05999755859375,56771400,23440.919921875,23610.740234375,23374.259765625,23501.240234375,23501.240234375,8228760000
2026-01-26,445.0,445.0400085449219,434.2799987792969,435.2000122070313,435.2000122070313,49397400,23529.279296875,23688.939453125,23486.080078125,23601.359375,23601.359375,7505250000
2026-01-27,437.4100036621094,437.5199890136719,430.69000244140625,430.8999938964844,430.8999938964844,37733100,23734.75,23865.259765625,23694.380859375,23817.099609375,23817.099609375,8026050000
2026-01-28,431.9100036621094,438.260009765625,430.1000061035156,431.4599914550781,431.4599914550781,54857400,23965.109375,23988.26953125,23775.490234375,23857.44921875,23857.44921875,8151580000
2026-01-29,437.7999877929687,440.2300109863281,414.6199951171875,416.55999755859375,416.55999755859375,81686100,23830.919921875,23840.55078125,23232.779296875,23685.119140625,23685.119140625,8782210000
2026-01-30,425.3500061035156,439.8800048828125,422.7000122070313,430.4100036621094,430.4100036621094,82626100,23578.9609375,23662.25,23351.55078125,23461.8203125,23461.8203125,9255930000
2026-02-02,421.2900085449219,427.1499938964844,414.5,421.80999755859375,421.80999755859375,58739500,23370.5390625,23686.830078125,23356.400390625,23592.109375,23592.109375,8882530000
2026-02-03,424.2699890136719,428.55999755859375,413.69000244140625,421.9599914550781,421.9599914550781,56886500,23667.439453125,23691.599609375,23027.2109375,23255.189453125,23255.189453125,10306320000
2026-02-04,420.4599914550781,423.8999938964844,399.1799926757813,406.010009765625,406.010009765625,74606900,23217.01953125,23270.0703125,22684.509765625,22904.580078125,22904.580078125,10862000000
2026-02-05,397.0199890136719,402.1000061035156,387.5299987792969,397.2099914550781,397.2099914550781,72819800,22604.01953125,22841.279296875,22461.140625,22540.58984375,22540.58984375,10109230000
2026-02-06,400.8699951171875,414.5499877929687,397.75,411.1099853515625,411.1099853515625,62677100,22625.30078125,23088.4609375,22586.400390625,23031.2109375,23031.2109375,9054400000
2026-02-09,409.9100036621094,421.25,407.2900085449219,417.3200073242187,417.3200073242187,54484300,22952.240234375,23314.669921875,22878.369140625,23238.669921875,23238.669921875,8174050000
2026-02-10,418.0799865722656,427.25,417.0,425.2099914550781,425.2099914550781,64450200,23271.220703125,23310.73046875,23089.099609375,23102.470703125,23102.470703125,8513440000
2026-02-11,427.9599914550781,436.3500061035156,420.0299987792969,428.2699890136719,428.2699890136719,57362000,23278.2890625,23320.619140625,22902.009765625,23066.470703125,23066.470703125,9927010000
2026-02-12,430.2999877929687,436.2300109863281,414.0,417.0700073242187,417.0700073242187,61933400,23142.869140625,23161.599609375,22548.01953125,22597.150390625,22597.150390625,8855290000
2026-02-13,414.30999755859375,424.05999755859375,410.8800048828125,417.44000244140625,417.44000244140625,51434100,22561.4609375,22742.060546875,22402.380859375,22546.669921875,22546.669921875,7964830000
2026-02-17,412.3599853515625,413.7200012207031,400.510009765625,410.6300048828125,410.6300048828125,59678800,22394.759765625,22690.830078125,22256.759765625,22578.380859375,22578.380859375,7654300000
2026-02-18,411.1099853515625,416.8999938964844,409.5799865722656,411.3200073242187,411.3200073242187,45921400,22629.849609375,22895.9609375,22597.76953125,22753.630859375,22753.630859375,7705590000
2026-02-19,407.25,415.25,404.1099853515625,411.7099914550781,411.7099914550781,51019600,22639.880859375,22768.830078125,22583.609375,22682.73046875,22682.73046875,6984780000
2026-02-20,408.2999877929687,414.7000122070313,405.5,411.8200073242187,411.8200073242187,57912200,22542.279296875,22948.869140625,22539.05078125,22886.0703125,22886.0703125,8063070000
2026-02-23,407.2900085449219,407.7000122070313,394.0400085449219,399.8299865722656,399.8299865722656,69680000,22840.970703125,22893.220703125,22547.119140625,22627.26953125,22627.26953125,8263920000
2026-02-24,399.5,410.8200073242187,397.6400146484375,409.3800048828125,409.3800048828125,58579500,22641.599609375,22895.48046875,22528.259765625,22863.6796875,22863.6796875,7932270000
2026-02-25,412.1499938964844,420.3399963378906,412.1499938964844,417.3999938964844,417.3999938964844,54809700,23005.009765625,23169.6796875,23004.689453125,23152.080078125,23152.080078125,8427450000
2026-02-26,414.4200134277344,416.80999755859375,403.6600036621094,408.5799865722656,408.5799865722656,53602500,23100.580078125,23109.4609375,22670.80078125,22878.380859375,22878.380859375,9033470000
2026-02-27,402.94000244140625,407.1199951171875,398.1099853515625,402.510009765625,402.510009765625,56890100,22615.4296875,22735.779296875,22538.30078125,22668.2109375,22668.2109375,9552610000
2026-03-02,390.6000061035156,404.5400085449219,388.25,403.3200073242187,403.3200073242187,55088300,22322.119140625,22802.80078125,22306.080078125,22748.859375,22748.859375,8303030000
2026-03-03,395.0899963378906,396.3399963378906,385.3900146484375,392.4299926757813,392.4299926757813,62617300,22292.369140625,22601.58984375,22124.779296875,22516.689453125,22516.689453125,9705500000
2026-03-04,397.8500061035156,408.3299865722656,394.5799865722656,405.94000244140625,405.94000244140625,68305500,22620.890625,22891.880859375,22570.669921875,22807.48046875,22807.48046875,10918410000
2026-03-05,401.5700073242187,408.6199951171875,399.4200134277344,405.5499877929687,405.5499877929687,51925900,22707.470703125,22877.01953125,22500.2890625,22748.990234375,22748.990234375,10994660000
2026-03-06,398.0899963378906,402.3500061035156,394.2099914550781,396.7300109863281,396.7300109863281,64054600,22421.169921875,22614.41015625,22328.130859375,22387.6796875,22387.6796875,9300220000
2026-03-09,390.0499877929687,401.5899963378906,381.3999938964844,398.6799926757813,398.6799926757813,67018900,22184.05078125,22741.029296875,22061.970703125,22695.94921875,22695.94921875,9797740000
2026-03-10,402.2200012207031,406.5899963378906,398.19000244140625,399.239990234375,399.239990234375,59258700,22722.939453125,22906.720703125,22608.23046875,22697.099609375,22697.099609375,8800580000
2026-03-11,402.2799987792969,416.3800048828125,402.1499938964844,407.8200073242187,407.8200073242187,62559900,22771.26953125,22877.7109375,22602.330078125,22716.130859375,22716.130859375,8348570000
2026-03-12,405.1799926757813,406.5,394.6499938964844,395.010009765625,395.010009765625,60973800,22526.58984375,22550.75,22290.48046875,22311.98046875,22311.98046875,8490850000
2026-03-13,399.1700134277344,400.2000122070313,389.9500122070313,391.2000122070313,391.2000122070313,58504100,22425.69921875,22521.380859375,22069.240234375,22105.359375,22105.359375,8278740000
2026-03-16,396.2200012207031,403.7300109863281,394.4200134277344,395.55999755859375,395.55999755859375,58068300,22340.390625,22521.58984375,22316.630859375,22374.1796875,22374.1796875,8208800000
2026-03-17,395.69000244140625,400.1199951171875,393.0,399.2699890136719,399.2699890136719,46890500,22458.029296875,22569.640625,22409.0703125,22479.529296875,22479.529296875,8505210000
2026-03-18,399.0,403.0700073242187,392.30999755859375,392.7799987792969,392.7799987792969,50853100,22421.9609375,22461.759765625,22144.759765625,22152.419921875,22152.419921875,9325170000
2026-03-19,387.2699890136719,387.2699890136719,378.7300109863281,380.2999877929687,380.2999877929687,67078300,21871.0390625,22187.060546875,21851.05078125,22090.689453125,22090.689453125,8547870000
2026-03-20,379.8500061035156,379.8900146484375,364.4599914550781,367.9599914550781,367.9599914550781,78628600,21989.330078125,21997.08984375,21522.75,21647.609375,21647.609375,11743490000
2026-03-23,373.0899963378906,385.3299865722656,372.7300109863281,380.8500061035156,380.8500061035156,74606000,21995.779296875,22189.33984375,21865.80078125,21946.759765625,21946.759765625,8895880000
2026-03-24,376.55999755859375,387.4800109863281,376.30999755859375,383.0299987792969,383.0299987792969,60004900,21807.599609375,21916.16015625,21712.0390625,21761.890625,21761.890625,8488380000
2026-03-25,389.989990234375,396.2300109863281,385.010009765625,385.9500122070313,385.9500122070313,55157300,22006.4296875,22093.1796875,21865.4609375,21929.8203125,21929.8203125,8056920000
2026-03-26,381.6000061035156,384.44000244140625,371.8699951171875,372.1099853515625,372.1099853515625,55522900,21693.1796875,21823.580078125,21395.76953125,21408.080078125,21408.080078125,7726590000
2026-03-27,369.69000244140625,369.8599853515625,359.4700012207031,361.8299865722656,361.8299865722656,62065700,21287.189453125,21293.5,20909.9296875,20948.359375,20948.359375,8713310000
2026-03-30,365.8599853515625,367.2900085449219,352.1400146484375,355.2799987792969,355.2799987792969,67954400,21096.240234375,21139.720703125,20690.25,20794.640625,20794.640625,9234380000
2026-03-31,361.510009765625,373.3299865722656,361.0,371.75,371.75,75534900,21064.330078125,21642.619140625,21063.380859375,21590.630859375,21590.630859375,10645070000
2026-04-01,378.6300048828125,383.1400146484375,374.0799865722656,381.260009765625,381.260009765625,58683800,21742.7890625,21983.0703125,21723.720703125,21840.94921875,21840.94921875,8801740000
2026-04-02,364.2000122070313,370.2799987792969,359.0299987792969,360.5899963378906,360.5899963378906,83031200,21472.51953125,21906.48046875,21371.3203125,21879.1796875,21879.1796875,8134780000
2026-04-06,362.5899963378906,367.7200012207031,346.6400146484375,352.82000732421875,352.82000732421875,77697600,21939.80078125,22052.41015625,21864.5,21996.33984375,21996.33984375,7907270000
2026-04-07,346.44000244140625,348.0199890136719,337.239990234375,346.6499938964844,346.6499938964844,74515400,21927.08984375,22024.900390625,21611.0,22017.849609375,22017.849609375,10796020000
2026-04-08,363.7900085449219,364.5,339.6700134277344,343.25,343.25,78838600,22821.2109375,22821.2109375,22501.279296875,22634.990234375,22634.990234375,10411670000
2026-04-09,343.1499938964844,348.8800048828125,337.25,345.6199951171875,345.6199951171875,62164000,22646.349609375,22836.75,22529.2109375,22822.419921875,22822.419921875,8662470000
2026-04-10,346.2900085449219,350.3599853515625,342.739990234375,348.95001220703125,348.95001220703125,51336000,22913.91015625,23011.76953125,22845.05078125,22902.890625,22902.890625,8700640000
2026-04-13,350.07000732421875,356.3500061035156,348.57000732421875,352.4200134277344,352.4200134277344,53617500,22849.23046875,23187.9609375,22795.8203125,23183.740234375,23183.740234375,7925320000
2026-04-14,357.6700134277344,367.6300048828125,354.7699890136719,364.2000122070313,364.2000122070313,59979600,23331.5,23639.080078125,23331.5,23639.080078125,23639.080078125,9105660000
2026-04-15,366.8299865722656,394.6499938964844,362.5,391.9500122070313,391.9500122070313,113810400,23688.119140625,24026.560546875,23672.259765625,24016.01953125,24016.01953125,10206480000
2026-04-16,393.80999755859375,394.05999755859375,381.7999877929687,388.8999938964844,388.8999938964844,63515100,24062.44921875,24156.1796875,23894.91015625,24102.69921875,24102.69921875,9963610000
2026-04-17,395.9200134277344,409.2799987792969,391.6499938964844,400.6199951171875,400.6199951171875,90640000,24338.009765625,24519.509765625,24286.470703125,24468.48046875,24468.48046875,10159120000
2026-04-20,402.5799865722656,406.7999877929687,388.3299865722656,392.5,392.5,64603900,24417.529296875,24435.919921875,24221.529296875,24404.390625,24404.390625,8379940000
2026-04-21,393.0,393.9500122070313,385.2200012207031,386.4200134277344,386.4200134277344,50530600,24465.33984375,24537.580078125,24198.990234375,24259.9609375,24259.9609375,9309940000
2026-04-22,387.5700073242187,393.010009765625,385.2999877929687,387.510009765625,387.510009765625,62362800,24462.310546875,24660.109375,24421.400390625,24657.5703125,24657.5703125,8080930000
2026-04-23,375.2799987792969,386.0,368.3900146484375,373.7200012207031,373.7200012207031,93969500,24553.75,24664.869140625,24209.740234375,24438.5,24438.5,7956600000
2026-04-24,373.5,382.760009765625,370.7300109863281,376.2999877929687,376.2999877929687,62893300,24616.560546875,24854.0390625,24524.369140625,24836.599609375,24836.599609375,10203070000
2026-04-27,372.0899963378906,380.7799987792969,364.0199890136719,378.6700134277344,378.6700134277344,66735800,24799.640625,24899.369140625,24694.8203125,24887.099609375,24887.099609375,8126500000
2026-04-28,374.6799926757813,382.2900085449219,372.5400085449219,376.0199890136719,376.0199890136719,50864400,24609.5703125,24724.69921875,24524.23046875,24663.80078125,24663.80078125,7441950000
2026-04-29,375.3999938964844,376.3999938964844,370.0400085449219,372.7999877929687,372.7999877929687,45384800,24606.529296875,24724.109375,24532.69921875,24673.240234375,24673.240234375,8147470000
2026-04-30,372.75,384.75,368.1700134277344,381.6300048828125,381.6300048828125,51076000,24859.939453125,24935.599609375,24491.830078125,24892.310546875,24892.310546875,8139190000
2026-05-01,382.489990234375,397.8200073242187,378.7999877929687,390.8200073242187,390.8200073242187,65338300,24977.7890625,25223.119140625,24967.08984375,25114.439453125,25114.439453125,7534290000
2026-05-04,390.2300109863281,394.6400146484375,384.7999877929687,392.510009765625,392.510009765625,48765100,25112.1796875,25210.470703125,24913.119140625,25067.80078125,25067.80078125,7849180000
2026-05-05,395.19000244140625,402.1199951171875,389.0,389.3699951171875,389.3699951171875,47780600,25258.880859375,25361.05078125,25217.16015625,25326.130859375,25326.130859375,8090030000
2026-05-06,386.25,401.6799926757813,384.0199890136719,398.7300109863281,398.7300109863281,53465400,25495.169921875,25850.189453125,25464.439453125,25838.939453125,25838.939453125,8864150000
2026-05-07,407.4800109863281,415.8299865722656,402.1199951171875,411.7900085449219,411.7900085449219,64294200,25881.30078125,26036.380859375,25713.650390625,25806.19921875,25806.19921875,9118880000
2026-05-08,416.4800109863281,431.2000122070313,416.3900146484375,428.3500061035156,428.3500061035156,65050000,25958.119140625,26248.619140625,25944.779296875,26247.080078125,26247.080078125,9577150000
2026-05-11,422.1600036621094,449.1600036621094,416.7999877929687,445.0,445.0,78376100,26135.630859375,26359.310546875,26129.830078125,26274.130859375,26274.130859375,11989910000
2026-05-12,441.4100036621094,447.7999877929687,422.260009765625,433.4500122070313,433.4500122070313,60569300,26087.009765625,26190.48046875,25739.220703125,26088.19921875,26088.19921875,9631840000
2026-05-13,436.6700134277344,453.3999938964844,430.2099914550781,445.2699890136719,445.2699890136719,68283200,26147.650390625,26474.1796875,25990.16015625,26402.33984375,26402.33984375,9734720000
2026-05-14,446.489990234375,451.9800109863281,441.1600036621094,443.2999877929687,443.2999877929687,46070400,26425.470703125,26707.140625,26423.2109375,26635.220703125,26635.220703125,9860060000
2026-05-15,433.9800109863281,434.6600036621094,422.0,422.239990234375,422.239990234375,52688700,26288.919921875,26460.759765625,26097.5390625,26225.140625,26225.140625,9584430000
2026-05-18,419.2699890136719,421.1300048828125,405.3299865722656,409.989990234375,409.989990234375,52474200,26289.490234375,26310.83984375,25867.30078125,26090.73046875,26090.73046875,10327940000
2026-05-19,403.1600036621094,405.6300048828125,393.6300048828125,404.1099853515625,404.1099853515625,46500600,25923.490234375,26050.2890625,25701.439453125,25870.7109375,25870.7109375,9895620000
2026-05-20,407.6000061035156,417.4599914550781,406.3900146484375,417.260009765625,417.260009765625,45294700,25991.509765625,26273.759765625,25928.330078125,26270.359375,26270.359375,9268370000
2026-05-21,422.1799926757813,426.9500122070313,412.8999938964844,417.8500061035156,417.8500061035156,42636900,26143.619140625,26403.5703125,26039.369140625,26293.099609375,26293.099609375,8627780000
2026-05-22,422.6700134277344,431.510009765625,420.510009765625,426.010009765625,426.010009765625,46104700,26381.560546875,26504.55078125,26309.80078125,26343.970703125,26343.970703125,9265090000
2026-05-26,430.260009765625,435.2000122070313,426.1199951171875,433.5899963378906,433.5899963378906,45658900,26590.5,26725.2890625,26520.30078125,26656.1796875,26656.1796875,9718120000
2026-05-27,442.8900146484375,445.6000061035156,435.5199890136719,440.3599853515625,440.3599853515625,44656500,26695.439453125,26715.310546875,26538.310546875,26674.73046875,26674.73046875,9240640000
2026-05-28,437.6199951171875,443.9599914550781,436.2999877929687,442.1000061035156,442.1000061035156,32435000,26686.529296875,26934.83984375,26588.51953125,26917.470703125,26917.470703125,9224620000
2026-05-29,439.8500061035156,441.0700073242187,428.1400146484375,435.7900085449219,435.7900085449219,45176800,26960.83984375,27094.80078125,26859.26953125,26972.619140625,26972.619140625,11906000000
2026-06-01,427.489990234375,429.6000061035156,415.4299926757813,415.8800048828125,415.8800048828125,44937900,26952.580078125,27190.2109375,26913.119140625,27086.810546875,27086.810546875,10199240000
2026-06-02,418.2200012207031,424.4200134277344,413.6499938964844,423.739990234375,423.739990234375,37596000,27030.0703125,27171.2890625,26932.76953125,27093.900390625,27093.900390625,9675650000
2026-06-03,418.7000122070313,433.6000061035156,416.0,423.7000122070313,423.7000122070313,44500700,27092.849609375,27130.880859375,26769.150390625,26853.98046875,26853.98046875,9267670000
2026-06-04,419.8399963378906,426.3500061035156,417.1600036621094,418.4500122070313,418.4500122070313,35323300,26579.30078125,26923.69921875,26554.240234375,26830.9609375,26830.9609375,8999970000
2026-06-05,420.5,424.6799926757813,388.5899963378906,391.0,391.0,63420200,26536.58984375,26572.25,25648.470703125,25709.4296875,25709.4296875,11550140000
2026-06-08,396.3299865722656,412.94000244140625,394.7200012207031,408.9500122070313,408.9500122070313,50328800,26065.0703125,26179.650390625,25872.6796875,25929.66015625,25929.66015625,10077650000
2026-06-09,411.0299987792969,418.5,384.239990234375,396.6799926757813,396.6799926757813,59940200,26110.310546875,26259.919921875,24980.380859375,25678.8203125,25678.8203125,12106940000
2026-06-10,391.5400085449219,397.0899963378906,380.1499938964844,381.5899963378906,381.5899963378906,49695600,25512.0703125,25726.0,25145.30078125,25169.5,25169.5,9519620000
2026-06-11,388.2799987792969,399.5400085449219,380.6600036621094,399.1499938964844,399.1499938964844,45324300,25309.779296875,25846.560546875,25109.390625,25809.66015625,25809.66015625,10101910000
2026-06-12,399.489990234375,406.6799926757813,386.760009765625,406.4299926757813,406.4299926757813,63514500,25783.359375,26010.310546875,25599.939453125,25888.83984375,25888.83984375,10337400000
2026-06-15,412.3699951171875,416.0,407.1000061035156,411.1499938964844,411.1499938964844,45620500,26447.23046875,26687.560546875,26438.76953125,26683.939453125,26683.939453125,10590270000
2026-06-16,404.1099853515625,412.4200134277344,400.5400085449219,404.6600036621094,404.6600036621094,40255500,26649.970703125,26788.619140625,26369.390625,26376.33984375,26376.33984375,11132830000
2026-06-17,401.5299987792969,405.94000244140625,393.760009765625,396.3800048828125,396.3800048828125,43534300,26493.8203125,26511.55078125,25960.41015625,26021.66015625,26021.66015625,11443600000
2026-06-18,398.1000061035156,402.5199890136719,384.7000122070313,400.489990234375,400.489990234375,58384700,26410.619140625,26559.740234375,26188.689453125,26517.9296875,26517.9296875,18286150000
2026-06-22,394.8500061035156,414.75,394.3999938964844,405.0499877929687,405.0499877929687,47819500,26483.310546875,26561.119140625,26125.48046875,26166.599609375,26166.599609375,12844290000
2026-06-23,392.6099853515625,392.8699951171875,379.05999755859375,381.6099853515625,381.6099853515625,50420200,25549.759765625,25882.5703125,25513.259765625,25587.0390625,25587.0390625,14631520000
2026-06-24,380.0799865722656,384.5799865722656,373.0499877929687,375.5299987792969,375.5299987792969,37081400,25578.619140625,25840.560546875,25354.66015625,25476.640625,25476.640625,14936190000
2026-06-25,375.2699890136719,379.1199951171875,371.2200012207031,375.1199951171875,375.1199951171875,30138800,25724.779296875,25724.779296875,25123.4296875,25358.599609375,25358.599609375,9870860000
2026-06-26,370.1499938964844,387.7999877929687,368.6000061035156,379.7099914550781,379.7099914550781,53434100,25105.41015625,25491.380859375,25014.9609375,25297.619140625,25297.619140625,16594580000
2026-06-29,381.7900085449219,413.2699890136719,379.2999877929687,411.8399963378906,411.8399963378906,57645800,25502.08984375,25834.349609375,25289.759765625,25820.140625,25820.140625,9776230000
2026-06-30,406.0,424.5400085449219,406.0,420.6000061035156,420.6000061035156,43385600,25824.470703125,26253.0390625,25808.060546875,26213.720703125,26213.720703125,9809990000
2026-07-01,421.4599914550781,432.8599853515625,418.0899963378906,425.2999877929687,425.2999877929687,40127900,26039.509765625,26238.060546875,25954.4609375,26040.029296875,26040.029296875,9094410000
2026-07-02,428.010009765625,432.3500061035156,389.2999877929687,393.4500122070313,393.4500122070313,73717700,26047.380859375,26261.08984375,25630.509765625,25832.669921875,25832.669921875,9529580000
2026-07-06,397.5,420.0,390.5,419.7699890136719,419.7699890136719,54727900,25999.609375,26209.759765625,25963.439453125,26121.16015625,26121.16015625,7827050000
2026-07-07,416.9599914550781,419.55999755859375,401.8800048828125,402.8999938964844,402.8999938964844,38149900,25960.130859375,26010.01953125,25684.150390625,25818.689453125,25818.689453125,8244680000
2026-07-08,399.3800048828125,399.6300048828125,390.510009765625,394.05999755859375,394.05999755859375,33844900,25704.66015625,25896.0703125,25526.4609375,25870.650390625,25870.650390625,7935740000
2026-07-09,393.989990234375,407.8599853515625,390.8599853515625,406.5499877929687,406.5499877929687,37835000,25918.310546875,26215.8203125,25825.849609375,26206.890625,26206.890625,7312220000
2026-07-10,410.489990234375,413.1600036621094,402.80999755859375,407.760009765625,407.760009765625,33410000,26175.5390625,26301.5390625,26009.490234375,26281.609375,26281.609375,7094480000
2026-07-13,404.6099853515625,405.5700073242187,391.3699951171875,394.760009765625,394.760009765625,32809200,26088.310546875,26139.369140625,25822.099609375,25873.1796875,25873.1796875,7231310000
2026-07-14,399.0499877929687,402.2200012207031,394.760009765625,396.1799926757813,396.1799926757813,23385000,26015.490234375,26168.80078125,25912.400390625,26107.009765625,26107.009765625,7397960000
2026-07-15,399.3999938964844,406.5899963378906,390.6600036621094,394.4599914550781,394.4599914550781,31549800,26261.1796875,26316.810546875,26041.130859375,26269.23046875,26269.23046875,7379560000
2026-07-16,392.3500061035156,395.30999755859375,385.3200073242187,391.05999755859375,391.05999755859375,29269100,26155.400390625,26165.369140625,25765.44921875,25881.94921875,25881.94921875,8294880000
2026-07-17,381.7799987792969,385.69000244140625,377.2200012207031,380.8399963378906,380.8399963378906,31394600,25412.259765625,25703.009765625,25250.630859375,25520.240234375,25520.240234375,7820470000
2026-07-20,386.0499877929687,386.6099853515625,369.4299926757813,369.5700073242187,369.5700073242187,33901500,25720.869140625,25815.599609375,25501.099609375,25508.0703125,25508.0703125,7184070000
2026-07-21,371.1700134277344,384.0700073242187,369.9800109863281,378.9299926757813,378.9299926757813,32735300,25772.55078125,25880.33984375,25672.830078125,25837.2109375,25837.2109375,8001540000
2026-07-22,375.5299987792969,380.1700134277344,372.8999938964844,374.010009765625,374.010009765625,30646100,25693.720703125,25841.310546875,25681.3203125,25690.900390625,25690.900390625,7473050000
2026-07-23,341.0,342.1099853515625,315.739990234375,319.69000244140625,319.69000244140625,115606400,25245.5390625,25358.279296875,24954.76953125,25137.689453125,25137.689453125,7655810000
2026-07-24,320.7200012207031,322.9599914550781,306.510009765625,313.0299987792969,313.0299987792969,62760000,25107.380859375,25222.140625,24918.08984375,24975.8203125,24975.8203125,7266300000
2026-07-27,313.239990234375,317.0,304.2799987792969,309.2200012207031,309.2200012207031,44919400,25236.189453125,25261.91015625,24774.869140625,24932.080078125,24932.080078125,7797890000
2026-07-28,305.92999267578125,311.1600036621094,300.69000244140625,307.44000244140625,307.44000244140625,39802400,24825.0703125,24984.5,24581.009765625,24876.91015625,24876.91015625,8584960000
2026-07-29,307.1400146484375,309.05999755859375,297.3800048828125,298.32000732421875,298.32000732421875,39478000,24863.48046875,25054.529296875,24425.33984375,24442.939453125,24442.939453125,8276280000
2026-07-30,302.70001220703125,310.8699951171875,301.3299865722656,308.8500061035156,308.8500061035156,38005400,24852.05078125,25171.439453125,24813.83984375,25122.1796875,25122.1796875,9048570000
2026-07-31,309.69000244140625,315.5,301.9700012207031,311.2099914550781,311.2099914550781,36630600,25340.7109375,25460.859375,25004.330078125,25373.849609375,25373.849609375,11942500000
2026-08-03,310.9599914550781,324.6499938964844,310.42999267578125,322.0799865722656,322.0799865722656,38281400,25452.66015625,25967.439453125,25420.349609375,25913.900390625,25913.900390625,11118460000
2026-08-04,324.0,329.57000732421875,320.7900085449219,327.3500061035156,327.3500061035156,33318300,26088.0390625,26679.91015625,26088.0390625,26584.990234375,26584.990234375,9717920000
2026-08-05,323.4200134277344,327.1400146484375,320.2799987792969,321.54998779296875,321.54998779296875,27820800,26698.01953125,26739.0,26348.509765625,26363.439453125,26363.439453125,9116070000
2026-08-06,317.04998779296875,323.0,315.5199890136719,319.5299987792969,319.5299987792969,26033800,26268.83984375,26499.419921875,26208.4296875,26348.349609375,26348.349609375,8936850000
2026-08-07,322.3399963378906,333.7300109863281,321.25,328.5799865722656,328.5799865722656,39492300,26534.66015625,26712.619140625,26478.009765625,26690.619140625,26690.619140625,8183970000
2026-08-10,326.6000061035156,332.04998779296875,326.1499938964844,330.8800048828125,330.8800048828125,25003800,26680.439453125,26724.630859375,26548.259765625,26605.359375,26605.359375,7675200000
2026-08-11,332.79998779296875,336.20001220703125,329.5299987792969,332.80999755859375,332.80999755859375,23345200,26672.1796875,26679.259765625,26372.310546875,26445.44921875,26445.44921875,7684920000
2026-08-12,335.0,335.5,323.6400146484375,327.510009765625,327.510009765625,28698900,26680.470703125,26688.240234375,26531.9296875,26588.490234375,26588.490234375,7873190000
2026-08-13,327.20001220703125,341.6400146484375,325.239990234375,339.9599914550781,339.9599914550781,34708300,26631.33984375,26875.51953125,26612.849609375,26803.029296875,26803.029296875,8380820000
2026-08-14,342.3299865722656,351.260009765625,335.3299865722656,342.2699890136719,342.2699890136719,45437100,26851.150390625,26862.169921875,26661.94921875,26729.16015625,26729.16015625,7212180000
2026-08-17,340.69000244140625,345.45001220703125,337.4800109863281,339.29998779296875,339.29998779296875,26037100,26784.650390625,26798.400390625,26626.380859375,26644.91015625,26644.91015625,7644090000
2026-08-18,333.2200012207031,340.5299987792969,331.1199951171875,336.8699951171875,336.8699951171875,27994500,26346.880859375,26422.5,26266.6796875,26289.7109375,26289.7109375,7360790000
2026-08-19,338.8900146484375,351.6199951171875,335.70001220703125,351.1199951171875,351.1199951171875,36735400,26393.890625,26456.779296875,26185.130859375,26331.08984375,26331.08984375,8173140000
2026-08-20,346.20001220703125,347.5,338.9599914550781,345.1300048828125,345.1300048828125,30766400,26211.51953125,26263.470703125,26023.119140625,26067.169921875,26067.169921875,8244680000
2026-08-21,349.8800048828125,366.5,346.8999938964844,362.8599853515625,362.8599853515625,59224000,26198.83984375,26269.849609375,26049.2890625,26180.4609375,26180.4609375,7410100000
2026-08-24,361.4100036621094,363.239990234375,348.260009765625,348.95001220703125,348.95001220703125,39190500,26065.3203125,26109.9609375,25910.8203125,25980.189453125,25980.189453125,7318150000
2026-08-25,349.5799865722656,357.0,349.20001220703125,350.25,350.25,29816700,26148.7109375,26225.830078125,26034.349609375,26151.30078125,26151.30078125,7483990000
2026-08-26,345.2699890136719,351.92999267578125,342.5299987792969,345.82000732421875,345.82000732421875,28573000,26099.580078125,26189.810546875,26021.630859375,26130.19921875,26130.19921875,7065320000
2026-08-27,346.1600036621094,355.739990234375,345.45001220703125,354.80999755859375,354.80999755859375,30136200,26356.98046875,26553.900390625,26273.869140625,26541.349609375,26541.349609375,7448410000
2026-08-28,357.0950012207031,358.79998779296875,345.20001220703125,,,32818355,26515.98828125,26700.677734375,26359.265625,,,7526280000
